[?1049h[?1000h[?1003h[?1015h[?1006h[?25l[?1004h[>25u[?2026$p[?2048$p[?2004h[?7l[?1000h[?1003h[?1015h[?1006h]22;default[1;1H[48;2;5;5;5m [0m[1;38;2;255;51;68;48;2;5;5;5m██████ ██████ ██████ ██  ██ ██████ ██████ █████  ██████[0m[48;2;5;5;5m                                                                                                                           [0m[48;2;5;5;5m [0m
[2;1H[48;2;5;5;5m [0m[1;38;2;255;51;68;48;2;5;5;5m██       ██   ██  ██ ██████ ██  ██ ██     ██  ██ ██    [0m[48;2;5;5;5m                                                                                                                           [0m[48;2;5;5;5m [0m
[3;1H[48;2;5;5;5m [0m[1;38;2;255;51;68;48;2;5;5;5m██████   ██   ██████ ██████ ██████ █████  ██  ██ █████ [0m[48;2;5;5;5m                                                                                                                           [0m[48;2;5;5;5m [0m
[4;1H[48;2;5;5;5m [0m[1;38;2;255;51;68;48;2;5;5;5m    ██   ██   ██  ██ ██  ██ ██     ██     ██  ██ ██    [0m[48;2;5;5;5m                                                                                                                           [0m[48;2;5;5;5m [0m
[5;1H[48;2;5;5;5m [0m[1;38;2;255;51;68;48;2;5;5;5m██████   ██   ██  ██ ██  ██ ██     ██████ █████  ██████[0m[48;2;5;5;5m                                                                                                                           [0m[48;2;5;5;5m [0m
[6;1H[48;2;5;5;5m [0m[38;2;242;242;242;48;2;5;5;5mCHAIN Robinhood Chain[0m[38;2;53;20;25;48;2;5;5;5m  ·  [0m[38;2;242;242;242;48;2;5;5;5m[?][0m[38;2;53;20;25;48;2;5;5;5m  ·  [0m[38;2;242;242;242;48;2;5;5;5mCLOCK --:--:-- UTC[0m[38;2;53;20;25;48;2;5;5;5m  ·  [0m[38;2;163;163;163;48;2;5;5;5mWINDOW 30m00s[0m[48;2;5;5;5m                                                                                                            [0m[48;2;5;5;5m [0m
[7;1H[48;2;5;5;5m [0m[38;2;53;20;25;48;2;5;5;5m──────────────────────────────────────────────────────────────────────────────────────────────────────────────────────────────────────────────────────────────────────────────────[0m[48;2;5;5;5m [0m
[8;1H[48;2;5;5;5m [0m[38;2;163;163;163;48;2;5;5;5m[0m[48;2;5;5;5m                                                                                                          [0m[48;2;5;5;5m [0m[38;2;53;20;25;48;2;5;5;5m│[0m[48;2;5;5;5m [0m[38;2;163;163;163;48;2;5;5;5mSELECTED PAIR[0m[48;2;5;5;5m                                                        [0m[48;2;5;5;5m [0m
[9;1H[38;2;163;163;163;48;2;5;5;5m   [0m[38;2;163;163;163;48;2;5;5;5m TIME UTC   [0m[38;2;163;163;163;48;2;5;5;5m WALLET        [0m[38;2;163;163;163;48;2;5;5;5m SOLD [0m[38;2;163;163;163;48;2;5;5;5m   [0m[38;2;163;163;163;48;2;5;5;5m BOUGHT [0m[38;2;163;163;163;48;2;5;5;5m GAP      [0m[38;2;163;163;163;48;2;5;5;5m GRADE     [0m[38;2;163;163;163;48;2;5;5;5m                                        [0m[38;2;53;20;25;48;2;5;5;5m│[0m[48;2;5;5;5m [0m[38;2;242;242;242;48;2;5;5;5m[0m[48;2;5;5;5m                                                                     [0m[48;2;5;5;5m [0m
[10;1H[38;2;242;242;242;48;2;5;5;5m                                                                                                            [0m[38;2;53;20;25;48;2;5;5;5m│[0m[48;2;5;5;5m [0m[38;2;163;163;163;48;2;5;5;5mMove with ↑/↓, press Enter to open the pair.[0m[48;2;5;5;5m                         [0m[48;2;5;5;5m [0m
[11;1H[38;2;242;242;242;48;2;5;5;5m                                                                                                            [0m[38;2;53;20;25;48;2;5;5;5m│[0m[48;2;5;5;5m [0m[38;2;242;242;242;48;2;5;5;5m[0m[48;2;5;5;5m                                                                     [0m[48;2;5;5;5m [0m
[12;1H[38;2;242;242;242;48;2;5;5;5m                                                                                                            [0m[38;2;53;20;25;48;2;5;5;5m│[0m[48;2;5;5;5m [0m[38;2;116;116;116;48;2;5;5;5mEdge A → B: distinct wallets that sold A, then bought B within the[0m[48;2;5;5;5m   [0m[48;2;5;5;5m [0m
[13;1H[38;2;242;242;242;48;2;5;5;5m                                                                                                            [0m[38;2;53;20;25;48;2;5;5;5m│[0m[48;2;5;5;5m [0m[38;2;116;116;116;48;2;5;5;5mpairing window. Same address, observed order of trades; not proof of[0m[48;2;5;5;5m [0m[48;2;5;5;5m [0m
[14;1H[38;2;242;242;242;48;2;5;5;5m                                                                                                            [0m[38;2;53;20;25;48;2;5;5;5m│[0m[48;2;5;5;5m [0m[38;2;116;116;116;48;2;5;5;5mmoney flow or shared ownership.[0m[48;2;5;5;5m                                      [0m[48;2;5;5;5m [0m
[15;1H[38;2;242;242;242;48;2;5;5;5m                                                                                                            [0m[38;2;53;20;25;48;2;5;5;5m│[0m[48;2;5;5;5m [0m[48;2;5;5;5m                                                                     [0m[48;2;5;5;5m [0m
[16;1H[38;2;242;242;242;48;2;5;5;5m                                                                                                            [0m[38;2;53;20;25;48;2;5;5;5m│[0m[48;2;5;5;5m [0m[48;2;5;5;5m                                                                     [0m[48;2;5;5;5m [0m
[17;1H[38;2;242;242;242;48;2;5;5;5m                                                                                                            [0m[38;2;53;20;25;48;2;5;5;5m│[0m[48;2;5;5;5m [0m[48;2;5;5;5m                                                                     [0m[48;2;5;5;5m [0m
[18;1H[38;2;242;242;242;48;2;5;5;5m                                                                                                            [0m[38;2;53;20;25;48;2;5;5;5m│[0m[48;2;5;5;5m [0m[48;2;5;5;5m                                                                     [0m[48;2;5;5;5m [0m
[19;1H[38;2;242;242;242;48;2;5;5;5m                                                                                                            [0m[38;2;53;20;25;48;2;5;5;5m│[0m[48;2;5;5;5m [0m[48;2;5;5;5m                                                                     [0m[48;2;5;5;5m [0m
[20;1H[38;2;242;242;242;48;2;5;5;5m                                                                                                            [0m[38;2;53;20;25;48;2;5;5;5m│[0m[48;2;5;5;5m [0m[48;2;5;5;5m                                                                     [0m[48;2;5;5;5m [0m
[21;1H[38;2;242;242;242;48;2;5;5;5m                                                                                                            [0m[38;2;53;20;25;48;2;5;5;5m│[0m[48;2;5;5;5m [0m[48;2;5;5;5m                                                                     [0m[48;2;5;5;5m [0m
[22;1H[38;2;242;242;242;48;2;5;5;5m                                                                                                            [0m[38;2;53;20;25;48;2;5;5;5m│[0m[48;2;5;5;5m [0m[48;2;5;5;5m                                                                     [0m[48;2;5;5;5m [0m
[23;1H[38;2;242;242;242;48;2;5;5;5m                                                                                                            [0m[38;2;53;20;25;48;2;5;5;5m│[0m[48;2;5;5;5m [0m[48;2;5;5;5m                                                                     [0m[48;2;5;5;5m [0m
[24;1H[38;2;242;242;242;48;2;5;5;5m                                                                                                            [0m[38;2;53;20;25;48;2;5;5;5m│[0m[48;2;5;5;5m [0m[48;2;5;5;5m                                                                     [0m[48;2;5;5;5m [0m
[25;1H[38;2;242;242;242;48;2;5;5;5m                                                                                                            [0m[38;2;53;20;25;48;2;5;5;5m│[0m[48;2;5;5;5m [0m[48;2;5;5;5m                                                                     [0m[48;2;5;5;5m [0m
[26;1H[38;2;242;242;242;48;2;5;5;5m                                                                                                            [0m[38;2;53;20;25;48;2;5;5;5m│[0m[48;2;5;5;5m [0m[48;2;5;5;5m                                                                     [0m[48;2;5;5;5m [0m
[27;1H[38;2;242;242;242;48;2;5;5;5m                                                                                                            [0m[38;2;53;20;25;48;2;5;5;5m│[0m[48;2;5;5;5m [0m[48;2;5;5;5m                                                                     [0m[48;2;5;5;5m [0m
[28;1H[38;2;242;242;242;48;2;5;5;5m                                                                                                            [0m[38;2;53;20;25;48;2;5;5;5m│[0m[48;2;5;5;5m [0m[48;2;5;5;5m                                                                     [0m[48;2;5;5;5m [0m
[29;1H[38;2;242;242;242;48;2;5;5;5m                                                                                                            [0m[38;2;53;20;25;48;2;5;5;5m│[0m[48;2;5;5;5m [0m[48;2;5;5;5m                                                                     [0m[48;2;5;5;5m [0m
[30;1H[38;2;242;242;242;48;2;5;5;5m                                                                                                            [0m[38;2;53;20;25;48;2;5;5;5m│[0m[48;2;5;5;5m [0m[48;2;5;5;5m                                                                     [0m[48;2;5;5;5m [0m
[31;1H[38;2;242;242;242;48;2;5;5;5m                                                                                                            [0m[38;2;53;20;25;48;2;5;5;5m│[0m[48;2;5;5;5m [0m[48;2;5;5;5m                                                                     [0m[48;2;5;5;5m [0m
[32;1H[38;2;242;242;242;48;2;5;5;5m                                                                                                            [0m[38;2;53;20;25;48;2;5;5;5m│[0m[48;2;5;5;5m [0m[48;2;5;5;5m                                                                     [0m[48;2;5;5;5m [0m
[33;1H[38;2;242;242;242;48;2;5;5;5m                                                                                                            [0m[38;2;53;20;25;48;2;5;5;5m│[0m[48;2;5;5;5m [0m[48;2;5;5;5m                                                                     [0m[48;2;5;5;5m [0m
[34;1H[38;2;242;242;242;48;2;5;5;5m                                                                                                            [0m[38;2;53;20;25;48;2;5;5;5m│[0m[48;2;5;5;5m [0m[48;2;5;5;5m                                                                     [0m[48;2;5;5;5m [0m
[35;1H[38;2;242;242;242;48;2;5;5;5m                                                                                                            [0m[38;2;53;20;25;48;2;5;5;5m│[0m[48;2;5;5;5m [0m[48;2;5;5;5m                                                                     [0m[48;2;5;5;5m [0m
[36;1H[38;2;242;242;242;48;2;5;5;5m                                                                                                            [0m[38;2;53;20;25;48;2;5;5;5m│[0m[48;2;5;5;5m [0m[48;2;5;5;5m                                                                     [0m[48;2;5;5;5m [0m
[37;1H[38;2;242;242;242;48;2;5;5;5m                                                                                                            [0m[38;2;53;20;25;48;2;5;5;5m│[0m[48;2;5;5;5m [0m[48;2;5;5;5m                                                                     [0m[48;2;5;5;5m [0m
[38;1H[38;2;242;242;242;48;2;5;5;5m                                                                                                            [0m[38;2;53;20;25;48;2;5;5;5m│[0m[48;2;5;5;5m [0m[48;2;5;5;5m                                                                     [0m[48;2;5;5;5m [0m
[39;1H[38;2;53;20;25;48;2;5;5;5m────────────────────────────────────────────────────────────────────────────────────────────────────────────────────────────────────────────────────────────────────────────────────[0m
[40;1H[48;2;5;5;5m [0m[38;2;163;163;163;48;2;5;5;5mHOT ROTATIONS · distinct wallets, last 30m00s[0m[48;2;5;5;5m                                                             [0m[48;2;5;5;5m [0m[38;2;53;20;25;48;2;5;5;5m│[0m[48;2;5;5;5m [0m[38;2;242;242;242;48;2;5;5;5m[0m[48;2;5;5;5m                                                                     [0m[48;2;5;5;5m [0m
[41;1H[48;2;5;5;5m [0m[38;2;116;116;116;48;2;5;5;5m…[0m[48;2;5;5;5m                                                                                                         [0m[48;2;5;5;5m [0m[38;2;53;20;25;48;2;5;5;5m│[0m[48;2;5;5;5m [0m[48;2;5;5;5m                                                                     [0m[48;2;5;5;5m [0m
[42;1H[48;2;5;5;5m                                                                                                            [0m[38;2;53;20;25;48;2;5;5;5m│[0m[48;2;5;5;5m [0m[48;2;5;5;5m                                                                     [0m[48;2;5;5;5m [0m
[43;1H[48;2;5;5;5m                                                                                                            [0m[38;2;53;20;25;48;2;5;5;5m│[0m[48;2;5;5;5m [0m[38;2;116;116;116;48;2;5;5;5m▁▁▁▁▁▁▁▁▁▁▁▁▁▁▁▁▁▁▁▁▁▁▁▁▁▁▁▁▁▁▁▁▁▁▁▁▁▁▁▁▁▁▁▁▁▁▁▁▁▁▁▁▁▁▁▁▁▁▁▁▁▁▁▁▁▁▁▁▁[0m[48;2;5;5;5m [0m
[44;1H[48;2;5;5;5m                                                                                                            [0m[38;2;53;20;25;48;2;5;5;5m│[0m[48;2;5;5;5m [0m[38;2;242;242;242;48;2;5;5;5m[0m[48;2;5;5;5m                                                                     [0m[48;2;5;5;5m [0m
[45;1H[48;2;5;5;5m                                                                                                            [0m[38;2;53;20;25;48;2;5;5;5m│[0m[48;2;5;5;5m [0m[48;2;5;5;5m                                                                     [0m[48;2;5;5;5m [0m
[46;1H[48;2;5;5;5m                                                                                                            [0m[38;2;53;20;25;48;2;5;5;5m│[0m[48;2;5;5;5m [0m[48;2;5;5;5m                                                                     [0m[48;2;5;5;5m [0m
[47;1H[48;2;5;5;5m                                                                                                            [0m[38;2;53;20;25;48;2;5;5;5m│[0m[48;2;5;5;5m [0m[48;2;5;5;5m                                                                     [0m[48;2;5;5;5m [0m
[48;1H[48;2;5;5;5m                                                                                                            [0m[38;2;53;20;25;48;2;5;5;5m│[0m[48;2;5;5;5m [0m[48;2;5;5;5m                                                                     [0m[48;2;5;5;5m [0m
[49;1H[48;2;5;5;5m                                                                                                            [0m[38;2;53;20;25;48;2;5;5;5m│[0m[48;2;5;5;5m [0m[48;2;5;5;5m                                                                     [0m[48;2;5;5;5m [0m
[50;1H[48;2;13;10;10m [0m[38;2;163;163;163;48;2;13;10;10m↑/↓ select · Enter open · Esc back · / search · End follow tail · q quit[0m[48;2;13;10;10m                                                                                                          [0m[48;2;13;10;10m [0m[2;5H[8;1H[48;2;5;5;5m [0m[38;2;163;163;163;48;2;5;5;5m[0m[48;2;5;5;5m                                                                                                          [0m[48;2;5;5;5m [0m[8;109H[38;2;53;20;25;48;2;5;5;5m│[0m[48;2;5;5;5m [0m[8;111H[38;2;163;163;163;48;2;5;5;5mSELECTED PAIR[0m[48;2;5;5;5m                                                        [0m[8;180H[48;2;5;5;5m [0m
[9;1H[38;2;163;163;163;48;2;5;5;5m   [0m[38;2;163;163;163;48;2;5;5;5m TIME UTC   [0m[38;2;163;163;163;48;2;5;5;5m WALLET        [0m[38;2;163;163;163;48;2;5;5;5m SOLD [0m[38;2;163;163;163;48;2;5;5;5m   [0m[38;2;163;163;163;48;2;5;5;5m BOUGHT [0m[38;2;163;163;163;48;2;5;5;5m GAP      [0m[38;2;163;163;163;48;2;5;5;5m GRADE     [0m[38;2;163;163;163;48;2;5;5;5m                                        [0m[9;109H[38;2;53;20;25;48;2;5;5;5m│[0m[48;2;5;5;5m [0m[9;111H[38;2;242;242;242;48;2;5;5;5m[0m[48;2;5;5;5m                                                                     [0m[9;180H[48;2;5;5;5m [0m
[10;1H[38;2;242;242;242;48;2;5;5;5m                                                                                                            [0m[10;109H[38;2;53;20;25;48;2;5;5;5m│[0m[48;2;5;5;5m [0m[10;111H[38;2;163;163;163;48;2;5;5;5mMove with ↑/↓, press Enter to open the pair.[0m[48;2;5;5;5m                         [0m[10;180H[48;2;5;5;5m [0m
[11;1H[38;2;242;242;242;48;2;5;5;5m                                                                                                            [0m[11;109H[38;2;53;20;25;48;2;5;5;5m│[0m[48;2;5;5;5m [0m[11;111H[38;2;242;242;242;48;2;5;5;5m[0m[48;2;5;5;5m                                                                     [0m[11;180H[48;2;5;5;5m [0m
[12;1H[38;2;242;242;242;48;2;5;5;5m                                                                                                            [0m[12;109H[38;2;53;20;25;48;2;5;5;5m│[0m[48;2;5;5;5m [0m[12;111H[38;2;116;116;116;48;2;5;5;5mEdge A → B: distinct wallets that sold A, then bought B within the[0m[48;2;5;5;5m   [0m[12;180H[48;2;5;5;5m [0m
[13;1H[38;2;242;242;242;48;2;5;5;5m                                                                                                            [0m[13;109H[38;2;53;20;25;48;2;5;5;5m│[0m[48;2;5;5;5m [0m[13;111H[38;2;116;116;116;48;2;5;5;5mpairing window. Same address, observed order of trades; not proof of[0m[48;2;5;5;5m [0m[13;180H[48;2;5;5;5m [0m
[14;1H[38;2;242;242;242;48;2;5;5;5m                                                                                                            [0m[14;109H[38;2;53;20;25;48;2;5;5;5m│[0m[48;2;5;5;5m [0m[14;111H[38;2;116;116;116;48;2;5;5;5mmoney flow or shared ownership.[0m[48;2;5;5;5m                                      [0m[14;180H[48;2;5;5;5m [0m
[15;1H[38;2;242;242;242;48;2;5;5;5m                                                                                                            [0m[15;109H[38;2;53;20;25;48;2;5;5;5m│[0m[48;2;5;5;5m [0m[48;2;5;5;5m                                                                     [0m[48;2;5;5;5m [0m
[16;1H[38;2;242;242;242;48;2;5;5;5m                                                                                                            [0m[16;109H[38;2;53;20;25;48;2;5;5;5m│[0m[48;2;5;5;5m [0m[48;2;5;5;5m                                                                     [0m[48;2;5;5;5m [0m
[17;1H[38;2;242;242;242;48;2;5;5;5m                                                                                                            [0m[17;109H[38;2;53;20;25;48;2;5;5;5m│[0m[48;2;5;5;5m [0m[48;2;5;5;5m                                                                     [0m[48;2;5;5;5m [0m
[18;1H[38;2;242;242;242;48;2;5;5;5m                                                                                                            [0m[18;109H[38;2;53;20;25;48;2;5;5;5m│[0m[48;2;5;5;5m [0m[48;2;5;5;5m                                                                     [0m[48;2;5;5;5m [0m
[19;1H[38;2;242;242;242;48;2;5;5;5m                                                                                                            [0m[19;109H[38;2;53;20;25;48;2;5;5;5m│[0m[48;2;5;5;5m [0m[48;2;5;5;5m                                                                     [0m[48;2;5;5;5m [0m
[20;1H[38;2;242;242;242;48;2;5;5;5m                                                                                                            [0m[20;109H[38;2;53;20;25;48;2;5;5;5m│[0m[48;2;5;5;5m [0m[48;2;5;5;5m                                                                     [0m[48;2;5;5;5m [0m
[21;1H[38;2;242;242;242;48;2;5;5;5m                                                                                                            [0m[21;109H[38;2;53;20;25;48;2;5;5;5m│[0m[48;2;5;5;5m [0m[48;2;5;5;5m                                                                     [0m[48;2;5;5;5m [0m
[22;1H[38;2;242;242;242;48;2;5;5;5m                                                                                                            [0m[22;109H[38;2;53;20;25;48;2;5;5;5m│[0m[48;2;5;5;5m [0m[48;2;5;5;5m                                                                     [0m[48;2;5;5;5m [0m
[23;1H[38;2;242;242;242;48;2;5;5;5m                                                                                                            [0m[23;109H[38;2;53;20;25;48;2;5;5;5m│[0m[48;2;5;5;5m [0m[48;2;5;5;5m                                                                     [0m[48;2;5;5;5m [0m
[24;1H[38;2;242;242;242;48;2;5;5;5m                                                                                                            [0m[24;109H[38;2;53;20;25;48;2;5;5;5m│[0m[48;2;5;5;5m [0m[48;2;5;5;5m                                                                     [0m[48;2;5;5;5m [0m
[25;1H[38;2;242;242;242;48;2;5;5;5m                                                                                                            [0m[25;109H[38;2;53;20;25;48;2;5;5;5m│[0m[48;2;5;5;5m [0m[48;2;5;5;5m                                                                     [0m[48;2;5;5;5m [0m
[26;1H[38;2;242;242;242;48;2;5;5;5m                                                                                                            [0m[26;109H[38;2;53;20;25;48;2;5;5;5m│[0m[48;2;5;5;5m [0m[48;2;5;5;5m                                                                     [0m[48;2;5;5;5m [0m
[27;1H[38;2;242;242;242;48;2;5;5;5m                                                                                                            [0m[27;109H[38;2;53;20;25;48;2;5;5;5m│[0m[48;2;5;5;5m [0m[48;2;5;5;5m                                                                     [0m[48;2;5;5;5m [0m
[28;1H[38;2;242;242;242;48;2;5;5;5m                                                                                                            [0m[28;109H[38;2;53;20;25;48;2;5;5;5m│[0m[48;2;5;5;5m [0m[48;2;5;5;5m                                                                     [0m[48;2;5;5;5m [0m
[29;1H[38;2;242;242;242;48;2;5;5;5m                                                                                                            [0m[29;109H[38;2;53;20;25;48;2;5;5;5m│[0m[48;2;5;5;5m [0m[48;2;5;5;5m                                                                     [0m[48;2;5;5;5m [0m
[30;1H[38;2;242;242;242;48;2;5;5;5m                                                                                                            [0m[30;109H[38;2;53;20;25;48;2;5;5;5m│[0m[48;2;5;5;5m [0m[48;2;5;5;5m                                                                     [0m[48;2;5;5;5m [0m
[31;1H[38;2;242;242;242;48;2;5;5;5m                                                                                                            [0m[31;109H[38;2;53;20;25;48;2;5;5;5m│[0m[48;2;5;5;5m [0m[48;2;5;5;5m                                                                     [0m[48;2;5;5;5m [0m
[32;1H[38;2;242;242;242;48;2;5;5;5m                                                                                                            [0m[32;109H[38;2;53;20;25;48;2;5;5;5m│[0m[48;2;5;5;5m [0m[48;2;5;5;5m                                                                     [0m[48;2;5;5;5m [0m
[33;1H[38;2;242;242;242;48;2;5;5;5m                                                                                                            [0m[33;109H[38;2;53;20;25;48;2;5;5;5m│[0m[48;2;5;5;5m [0m[48;2;5;5;5m                                                                     [0m[48;2;5;5;5m [0m
[34;1H[38;2;242;242;242;48;2;5;5;5m                                                                                                            [0m[34;109H[38;2;53;20;25;48;2;5;5;5m│[0m[48;2;5;5;5m [0m[48;2;5;5;5m                                                                     [0m[48;2;5;5;5m [0m
[35;1H[38;2;242;242;242;48;2;5;5;5m                                                                                                            [0m[35;109H[38;2;53;20;25;48;2;5;5;5m│[0m[48;2;5;5;5m [0m[48;2;5;5;5m                                                                     [0m[48;2;5;5;5m [0m
[36;1H[38;2;242;242;242;48;2;5;5;5m                                                                                                            [0m[36;109H[38;2;53;20;25;48;2;5;5;5m│[0m[48;2;5;5;5m [0m[48;2;5;5;5m                                                                     [0m[48;2;5;5;5m [0m
[37;1H[38;2;242;242;242;48;2;5;5;5m                                                                                                            [0m[37;109H[38;2;53;20;25;48;2;5;5;5m│[0m[48;2;5;5;5m [0m[48;2;5;5;5m                                                                     [0m[48;2;5;5;5m [0m
[38;1H[38;2;242;242;242;48;2;5;5;5m                                                                                                            [0m[38;109H[38;2;53;20;25;48;2;5;5;5m│[0m[48;2;5;5;5m [0m[48;2;5;5;5m                                                                     [0m[48;2;5;5;5m [0m
[39;1H[38;2;53;20;25;48;2;5;5;5m────────────────────────────────────────────────────────────────────────────────────────────────────────────────────────────────────────────────────────────────────────────────────[0m
[40;1H[48;2;5;5;5m [0m[38;2;163;163;163;48;2;5;5;5mHOT ROTATIONS · distinct wallets, last 30m00s[0m[48;2;5;5;5m                                                             [0m[48;2;5;5;5m [0m[40;109H[38;2;53;20;25;48;2;5;5;5m│[0m[48;2;5;5;5m [0m[40;111H[38;2;242;242;242;48;2;5;5;5m[0m[48;2;5;5;5m                                                                     [0m[40;180H[48;2;5;5;5m [0m
[41;1H[48;2;5;5;5m [0m[38;2;116;116;116;48;2;5;5;5m…[0m[48;2;5;5;5m                                                                                                         [0m[48;2;5;5;5m [0m[41;109H[38;2;53;20;25;48;2;5;5;5m│[0m[48;2;5;5;5m [0m[41;111H[48;2;5;5;5m                                                                     [0m[41;180H[48;2;5;5;5m [0m
[42;1H[48;2;5;5;5m                                                                                                            [0m[42;109H[38;2;53;20;25;48;2;5;5;5m│[0m[48;2;5;5;5m [0m[42;111H[48;2;5;5;5m                                                                     [0m[42;180H[48;2;5;5;5m [0m
[43;1H[48;2;5;5;5m                                                                                                            [0m[43;109H[38;2;53;20;25;48;2;5;5;5m│[0m[48;2;5;5;5m [0m[43;111H[38;2;116;116;116;48;2;5;5;5m▁▁▁▁▁▁▁▁▁▁▁▁▁▁▁▁▁▁▁▁▁▁▁▁▁▁▁▁▁▁▁▁▁▁▁▁▁▁▁▁▁▁▁▁▁▁▁▁▁▁▁▁▁▁▁▁▁▁▁▁▁▁▁▁▁▁▁▁▁[0m[43;180H[48;2;5;5;5m [0m
[44;1H[48;2;5;5;5m                                                                                                            [0m[44;109H[38;2;53;20;25;48;2;5;5;5m│[0m[48;2;5;5;5m [0m[44;111H[38;2;242;242;242;48;2;5;5;5m[0m[48;2;5;5;5m                                                                     [0m[44;180H[48;2;5;5;5m [0m
[45;1H[48;2;5;5;5m                                                                                                            [0m[45;109H[38;2;53;20;25;48;2;5;5;5m│[0m[48;2;5;5;5m [0m[48;2;5;5;5m                                                                     [0m[48;2;5;5;5m [0m
[46;1H[48;2;5;5;5m                                                                                                            [0m[46;109H[38;2;53;20;25;48;2;5;5;5m│[0m[48;2;5;5;5m [0m[48;2;5;5;5m                                                                     [0m[48;2;5;5;5m [0m
[47;1H[48;2;5;5;5m                                                                                                            [0m[47;109H[38;2;53;20;25;48;2;5;5;5m│[0m[48;2;5;5;5m [0m[48;2;5;5;5m                                                                     [0m[48;2;5;5;5m [0m
[48;1H[48;2;5;5;5m                                                                                                            [0m[48;109H[38;2;53;20;25;48;2;5;5;5m│[0m[48;2;5;5;5m [0m[48;2;5;5;5m                                                                     [0m[48;2;5;5;5m [0m
[49;1H[48;2;5;5;5m                                                                                                            [0m[49;109H[38;2;53;20;25;48;2;5;5;5m│[0m[48;2;5;5;5m [0m[48;2;5;5;5m                                                                     [0m[48;2;5;5;5m [0m[2;5H[1;1H[48;2;5;5;5m [0m[1;38;2;255;51;68;48;2;5;5;5m██████ ██████ ██████ ██  ██ ██████ ██████ █████  ██████[0m[48;2;5;5;5m                                                                                                                           [0m[48;2;5;5;5m [0m
[2;1H[48;2;5;5;5m [0m[1;38;2;255;51;68;48;2;5;5;5m██       ██   ██  ██ ██████ ██  ██ ██     ██  ██ ██    [0m[48;2;5;5;5m                                                                                                                           [0m[48;2;5;5;5m [0m
[3;1H[48;2;5;5;5m [0m[1;38;2;255;51;68;48;2;5;5;5m██████   ██   ██████ ██████ ██████ █████  ██  ██ █████ [0m[48;2;5;5;5m                                                                                                                           [0m[48;2;5;5;5m [0m
[4;1H[48;2;5;5;5m [0m[1;38;2;255;51;68;48;2;5;5;5m    ██   ██   ██  ██ ██  ██ ██     ██     ██  ██ ██    [0m[48;2;5;5;5m                                                                                                                           [0m[48;2;5;5;5m [0m
[5;1H[48;2;5;5;5m [0m[1;38;2;255;51;68;48;2;5;5;5m██████   ██   ██  ██ ██  ██ ██     ██████ █████  ██████[0m[48;2;5;5;5m                                                                                                                           [0m[48;2;5;5;5m [0m
[6;1H[48;2;5;5;5m [0m[38;2;242;242;242;48;2;5;5;5mCHAIN Robinhood Chain[0m[38;2;53;20;25;48;2;5;5;5m  ·  [0m[38;2;242;242;242;48;2;5;5;5m[?][0m[38;2;53;20;25;48;2;5;5;5m  ·  [0m[38;2;242;242;242;48;2;5;5;5mCLOCK --:--:-- UTC[0m[38;2;53;20;25;48;2;5;5;5m  ·  [0m[38;2;163;163;163;48;2;5;5;5mWINDOW 30m00s[0m[48;2;5;5;5m                                                                                                            [0m[48;2;5;5;5m [0m
[7;1H[48;2;5;5;5m [0m[38;2;53;20;25;48;2;5;5;5m──────────────────────────────────────────────────────────────────────────────────────────────────────────────────────────────────────────────────────────────────────────────────[0m[48;2;5;5;5m [0m
[8;111H[38;2;163;163;163;48;2;5;5;5mSELECTED PAIR[0m[48;2;5;5;5m                                                        [0m[8;180H
[9;111H[38;2;242;242;242;48;2;5;5;5m[0m[48;2;5;5;5m                                                                     [0m[9;180H
[10;111H[38;2;163;163;163;48;2;5;5;5mMove with ↑/↓, press Enter to open the pair.[0m[48;2;5;5;5m                         [0m[10;180H
[11;111H[38;2;242;242;242;48;2;5;5;5m[0m[48;2;5;5;5m                                                                     [0m[11;180H
[12;111H[38;2;116;116;116;48;2;5;5;5mEdge A → B: distinct wallets that sold A, then bought B within the[0m[48;2;5;5;5m   [0m[12;180H
[13;111H[38;2;116;116;116;48;2;5;5;5mpairing window. Same address, observed order of trades; not proof of[0m[48;2;5;5;5m [0m[13;180H
[14;111H[38;2;116;116;116;48;2;5;5;5mmoney flow or shared ownership.[0m[48;2;5;5;5m                                      [0m[14;180H
[40;1H[48;2;5;5;5m [0m[38;2;163;163;163;48;2;5;5;5mHOT ROTATIONS · distinct wallets, last 30m00s[0m[48;2;5;5;5m                                                             [0m[48;2;5;5;5m [0m[40;109H
[41;1H[48;2;5;5;5m [0m[38;2;116;116;116;48;2;5;5;5m…[0m[48;2;5;5;5m                                                                                                         [0m[48;2;5;5;5m [0m[41;109H
[50;1H[48;2;13;10;10m [0m[38;2;163;163;163;48;2;13;10;10m↑/↓ select · Enter open · Esc back · / search · End follow tail · q quit[0m[48;2;13;10;10m                                                                                                          [0m[48;2;13;10;10m [0m[2;5H[8;1H[48;2;5;5;5m [0m[38;2;163;163;163;48;2;5;5;5m[0m[48;2;5;5;5m                                                                                                          [0m[48;2;5;5;5m [0m[8;109H
[9;1H[38;2;163;163;163;48;2;15;15;15m   [0m[38;2;163;163;163;48;2;15;15;15m TIME UTC   [0m[38;2;163;163;163;48;2;15;15;15m WALLET        [0m[38;2;163;163;163;48;2;15;15;15m SOLD [0m[38;2;163;163;163;48;2;15;15;15m   [0m[38;2;163;163;163;48;2;15;15;15m BOUGHT [0m[38;2;163;163;163;48;2;15;15;15m GAP      [0m[38;2;163;163;163;48;2;15;15;15m GRADE     [0m[38;2;163;163;163;48;2;15;15;15m                                        [0m[9;109H
[10;1H[38;2;242;242;242;48;2;15;15;15m                                                                                                            [0m[10;109H
[11;1H[38;2;242;242;242;48;2;15;15;15m                                                                                                            [0m[11;109H
[12;1H[38;2;242;242;242;48;2;15;15;15m                                                                                                            [0m[12;109H
[13;1H[38;2;242;242;242;48;2;15;15;15m                                                                                                            [0m[13;109H
[14;1H[38;2;242;242;242;48;2;15;15;15m                                                                                                            [0m[14;109H
[15;1H[38;2;242;242;242;48;2;15;15;15m                                                                                                            [0m[15;109H
[16;1H[38;2;242;242;242;48;2;15;15;15m                                                                                                            [0m[16;109H
[17;1H[38;2;242;242;242;48;2;15;15;15m                                                                                                            [0m[17;109H
[18;1H[38;2;242;242;242;48;2;15;15;15m                                                                                                            [0m[18;109H
[19;1H[38;2;242;242;242;48;2;15;15;15m                                                                                                            [0m[19;109H
[20;1H[38;2;242;242;242;48;2;15;15;15m                                                                                                            [0m[20;109H
[21;1H[38;2;242;242;242;48;2;15;15;15m                                                                                                            [0m[21;109H
[22;1H[38;2;242;242;242;48;2;15;15;15m                                                                                                            [0m[22;109H
[23;1H[38;2;242;242;242;48;2;15;15;15m                                                                                                            [0m[23;109H
[24;1H[38;2;242;242;242;48;2;15;15;15m                                                                                                            [0m[24;109H
[25;1H[38;2;242;242;242;48;2;15;15;15m                                                                                                            [0m[25;109H
[26;1H[38;2;242;242;242;48;2;15;15;15m                                                                                                            [0m[26;109H
[27;1H[38;2;242;242;242;48;2;15;15;15m                                                                                                            [0m[27;109H
[28;1H[38;2;242;242;242;48;2;15;15;15m                                                                                                            [0m[28;109H
[29;1H[38;2;242;242;242;48;2;15;15;15m                                                                                                            [0m[29;109H
[30;1H[38;2;242;242;242;48;2;15;15;15m                                                                                                            [0m[30;109H
[31;1H[38;2;242;242;242;48;2;15;15;15m                                                                                                            [0m[31;109H
[32;1H[38;2;242;242;242;48;2;15;15;15m                                                                                                            [0m[32;109H
[33;1H[38;2;242;242;242;48;2;15;15;15m                                                                                                            [0m[33;109H
[34;1H[38;2;242;242;242;48;2;15;15;15m                                                                                                            [0m[34;109H
[35;1H[38;2;242;242;242;48;2;15;15;15m                                                                                                            [0m[35;109H
[36;1H[38;2;242;242;242;48;2;15;15;15m                                                                                                            [0m[36;109H
[37;1H[38;2;242;242;242;48;2;15;15;15m                                                                                                            [0m[37;109H
[38;1H[38;2;242;242;242;48;2;15;15;15m                                                                                                            [0m[38;109H
[40;111H[38;2;242;242;242;48;2;5;5;5m[0m[48;2;5;5;5m                                                                     [0m[40;180H
[41;111H[48;2;5;5;5m                                                                     [0m[41;180H
[42;111H[48;2;5;5;5m                                                                     [0m[42;180H
[43;111H[38;2;116;116;116;48;2;5;5;5m▁▁▁▁▁▁▁▁▁▁▁▁▁▁▁▁▁▁▁▁▁▁▁▁▁▁▁▁▁▁▁▁▁▁▁▁▁▁▁▁▁▁▁▁▁▁▁▁▁▁▁▁▁▁▁▁▁▁▁▁▁▁▁▁▁▁▁▁▁[0m[43;180H
[44;111H[38;2;242;242;242;48;2;5;5;5m[0m[48;2;5;5;5m                                                                     [0m[44;180H[2;5H[1;1H[48;2;5;5;5m [0m[1;38;2;255;51;68;48;2;5;5;5m██████ ██████ ██████ ██  ██ ██████ ██████ █████  ██████[0m[48;2;5;5;5m                                                                                                                           [0m[48;2;5;5;5m [0m
[2;1H[48;2;5;5;5m [0m[1;38;2;255;51;68;48;2;5;5;5m██       ██   ██  ██ ██████ ██  ██ ██     ██  ██ ██    [0m[48;2;5;5;5m                                                                                                                           [0m[48;2;5;5;5m [0m
[3;1H[48;2;5;5;5m [0m[1;38;2;255;51;68;48;2;5;5;5m██████   ██   ██████ ██████ ██████ █████  ██  ██ █████ [0m[48;2;5;5;5m                                                                                                                           [0m[48;2;5;5;5m [0m
[4;1H[48;2;5;5;5m [0m[1;38;2;255;51;68;48;2;5;5;5m    ██   ██   ██  ██ ██  ██ ██     ██     ██  ██ ██    [0m[48;2;5;5;5m                                                                                                                           [0m[48;2;5;5;5m [0m
[5;1H[48;2;5;5;5m [0m[1;38;2;255;51;68;48;2;5;5;5m██████   ██   ██  ██ ██  ██ ██     ██████ █████  ██████[0m[48;2;5;5;5m                                                                                                                           [0m[48;2;5;5;5m [0m
[6;1H[48;2;5;5;5m [0m[38;2;242;242;242;48;2;5;5;5mCHAIN Robinhood Chain[0m[38;2;53;20;25;48;2;5;5;5m  ·  [0m[38;2;242;242;242;48;2;5;5;5m[?][0m[38;2;53;20;25;48;2;5;5;5m  ·  [0m[38;2;242;242;242;48;2;5;5;5mCLOCK --:--:-- UTC[0m[38;2;53;20;25;48;2;5;5;5m  ·  [0m[38;2;163;163;163;48;2;5;5;5mWINDOW 30m00s[0m[48;2;5;5;5m                                                                                                            [0m[48;2;5;5;5m [0m
[7;1H[48;2;5;5;5m [0m[38;2;53;20;25;48;2;5;5;5m──────────────────────────────────────────────────────────────────────────────────────────────────────────────────────────────────────────────────────────────────────────────────[0m[48;2;5;5;5m [0m
[8;1H[48;2;5;5;5m [0m[38;2;163;163;163;48;2;5;5;5m[0m[48;2;5;5;5m                                                                                                          [0m[48;2;5;5;5m [0m[38;2;53;20;25;48;2;5;5;5m│[0m[48;2;5;5;5m [0m[38;2;163;163;163;48;2;5;5;5mSELECTED PAIR[0m[48;2;5;5;5m                                                        [0m[48;2;5;5;5m [0m
[9;1H[38;2;163;163;163;48;2;15;15;15m   [0m[38;2;163;163;163;48;2;15;15;15m TIME UTC   [0m[38;2;163;163;163;48;2;15;15;15m WALLET        [0m[38;2;163;163;163;48;2;15;15;15m SOLD [0m[38;2;163;163;163;48;2;15;15;15m   [0m[38;2;163;163;163;48;2;15;15;15m BOUGHT [0m[38;2;163;163;163;48;2;15;15;15m GAP      [0m[38;2;163;163;163;48;2;15;15;15m GRADE     [0m[38;2;163;163;163;48;2;15;15;15m                                        [0m[38;2;53;20;25;48;2;5;5;5m│[0m[48;2;5;5;5m [0m[38;2;242;242;242;48;2;5;5;5m[0m[48;2;5;5;5m                                                                     [0m[48;2;5;5;5m [0m
[10;1H[38;2;242;242;242;48;2;15;15;15m                                                                                                            [0m[38;2;53;20;25;48;2;5;5;5m│[0m[48;2;5;5;5m [0m[38;2;163;163;163;48;2;5;5;5mMove with ↑/↓, press Enter to open the pair.[0m[48;2;5;5;5m                         [0m[48;2;5;5;5m [0m
[11;1H[38;2;242;242;242;48;2;15;15;15m                                                                                                            [0m[38;2;53;20;25;48;2;5;5;5m│[0m[48;2;5;5;5m [0m[38;2;242;242;242;48;2;5;5;5m[0m[48;2;5;5;5m                                                                     [0m[48;2;5;5;5m [0m
[12;1H[38;2;242;242;242;48;2;15;15;15m                                                                                                            [0m[38;2;53;20;25;48;2;5;5;5m│[0m[48;2;5;5;5m [0m[38;2;116;116;116;48;2;5;5;5mEdge A → B: distinct wallets that sold A, then bought B within the[0m[48;2;5;5;5m   [0m[48;2;5;5;5m [0m
[13;1H[38;2;242;242;242;48;2;15;15;15m                                                                                                            [0m[38;2;53;20;25;48;2;5;5;5m│[0m[48;2;5;5;5m [0m[38;2;116;116;116;48;2;5;5;5mpairing window. Same address, observed order of trades; not proof of[0m[48;2;5;5;5m [0m[48;2;5;5;5m [0m
[14;1H[38;2;242;242;242;48;2;15;15;15m                                                                                                            [0m[38;2;53;20;25;48;2;5;5;5m│[0m[48;2;5;5;5m [0m[38;2;116;116;116;48;2;5;5;5mmoney flow or shared ownership.[0m[48;2;5;5;5m                                      [0m[48;2;5;5;5m [0m
[15;1H[38;2;242;242;242;48;2;15;15;15m                                                                                                            [0m[38;2;53;20;25;48;2;5;5;5m│[0m[48;2;5;5;5m [0m[48;2;5;5;5m                                                                     [0m[48;2;5;5;5m [0m
[16;1H[38;2;242;242;242;48;2;15;15;15m                                                                                                            [0m[38;2;53;20;25;48;2;5;5;5m│[0m[48;2;5;5;5m [0m[48;2;5;5;5m                                                                     [0m[48;2;5;5;5m [0m
[17;1H[38;2;242;242;242;48;2;15;15;15m                                                                                                            [0m[38;2;53;20;25;48;2;5;5;5m│[0m[48;2;5;5;5m [0m[48;2;5;5;5m                                                                     [0m[48;2;5;5;5m [0m
[18;1H[38;2;242;242;242;48;2;15;15;15m                                                                                                            [0m[38;2;53;20;25;48;2;5;5;5m│[0m[48;2;5;5;5m [0m[48;2;5;5;5m                                                                     [0m[48;2;5;5;5m [0m
[19;1H[38;2;242;242;242;48;2;15;15;15m                                                                                                            [0m[38;2;53;20;25;48;2;5;5;5m│[0m[48;2;5;5;5m [0m[48;2;5;5;5m                                                                     [0m[48;2;5;5;5m [0m
[20;1H[38;2;242;242;242;48;2;15;15;15m                                                                                                            [0m[38;2;53;20;25;48;2;5;5;5m│[0m[48;2;5;5;5m [0m[48;2;5;5;5m                                                                     [0m[48;2;5;5;5m [0m
[21;1H[38;2;242;242;242;48;2;15;15;15m                                                                                                            [0m[38;2;53;20;25;48;2;5;5;5m│[0m[48;2;5;5;5m [0m[48;2;5;5;5m                                                                     [0m[48;2;5;5;5m [0m
[22;1H[38;2;242;242;242;48;2;15;15;15m                                                                                                            [0m[38;2;53;20;25;48;2;5;5;5m│[0m[48;2;5;5;5m [0m[48;2;5;5;5m                                                                     [0m[48;2;5;5;5m [0m
[23;1H[38;2;242;242;242;48;2;15;15;15m                                                                                                            [0m[38;2;53;20;25;48;2;5;5;5m│[0m[48;2;5;5;5m [0m[48;2;5;5;5m                                                                     [0m[48;2;5;5;5m [0m
[24;1H[38;2;242;242;242;48;2;15;15;15m                                                                                                            [0m[38;2;53;20;25;48;2;5;5;5m│[0m[48;2;5;5;5m [0m[48;2;5;5;5m                                                                     [0m[48;2;5;5;5m [0m
[25;1H[38;2;242;242;242;48;2;15;15;15m                                                                                                            [0m[38;2;53;20;25;48;2;5;5;5m│[0m[48;2;5;5;5m [0m[48;2;5;5;5m                                                                     [0m[48;2;5;5;5m [0m
[26;1H[38;2;242;242;242;48;2;15;15;15m                                                                                                            [0m[38;2;53;20;25;48;2;5;5;5m│[0m[48;2;5;5;5m [0m[48;2;5;5;5m                                                                     [0m[48;2;5;5;5m [0m
[27;1H[38;2;242;242;242;48;2;15;15;15m                                                                                                            [0m[38;2;53;20;25;48;2;5;5;5m│[0m[48;2;5;5;5m [0m[48;2;5;5;5m                                                                     [0m[48;2;5;5;5m [0m
[28;1H[38;2;242;242;242;48;2;15;15;15m                                                                                                            [0m[38;2;53;20;25;48;2;5;5;5m│[0m[48;2;5;5;5m [0m[48;2;5;5;5m                                                                     [0m[48;2;5;5;5m [0m
[29;1H[38;2;242;242;242;48;2;15;15;15m                                                                                                            [0m[38;2;53;20;25;48;2;5;5;5m│[0m[48;2;5;5;5m [0m[48;2;5;5;5m                                                                     [0m[48;2;5;5;5m [0m
[30;1H[38;2;242;242;242;48;2;15;15;15m                                                                                                            [0m[38;2;53;20;25;48;2;5;5;5m│[0m[48;2;5;5;5m [0m[48;2;5;5;5m                                                                     [0m[48;2;5;5;5m [0m
[31;1H[38;2;242;242;242;48;2;15;15;15m                                                                                                            [0m[38;2;53;20;25;48;2;5;5;5m│[0m[48;2;5;5;5m [0m[48;2;5;5;5m                                                                     [0m[48;2;5;5;5m [0m
[32;1H[38;2;242;242;242;48;2;15;15;15m                                                                                                            [0m[38;2;53;20;25;48;2;5;5;5m│[0m[48;2;5;5;5m [0m[48;2;5;5;5m                                                                     [0m[48;2;5;5;5m [0m
[33;1H[38;2;242;242;242;48;2;15;15;15m                                                                                                            [0m[38;2;53;20;25;48;2;5;5;5m│[0m[48;2;5;5;5m [0m[48;2;5;5;5m                                                                     [0m[48;2;5;5;5m [0m
[34;1H[38;2;242;242;242;48;2;15;15;15m                                                                                                            [0m[38;2;53;20;25;48;2;5;5;5m│[0m[48;2;5;5;5m [0m[48;2;5;5;5m                                                                     [0m[48;2;5;5;5m [0m
[35;1H[38;2;242;242;242;48;2;15;15;15m                                                                                                            [0m[38;2;53;20;25;48;2;5;5;5m│[0m[48;2;5;5;5m [0m[48;2;5;5;5m                                                                     [0m[48;2;5;5;5m [0m
[36;1H[38;2;242;242;242;48;2;15;15;15m                                                                                                            [0m[38;2;53;20;25;48;2;5;5;5m│[0m[48;2;5;5;5m [0m[48;2;5;5;5m                                                                     [0m[48;2;5;5;5m [0m
[37;1H[38;2;242;242;242;48;2;15;15;15m                                                                                                            [0m[38;2;53;20;25;48;2;5;5;5m│[0m[48;2;5;5;5m [0m[48;2;5;5;5m                                                                     [0m[48;2;5;5;5m [0m
[38;1H[38;2;242;242;242;48;2;15;15;15m                                                                                                            [0m[38;2;53;20;25;48;2;5;5;5m│[0m[48;2;5;5;5m [0m[48;2;5;5;5m                                                                     [0m[48;2;5;5;5m [0m
[39;1H[38;2;53;20;25;48;2;5;5;5m────────────────────────────────────────────────────────────────────────────────────────────────────────────────────────────────────────────────────────────────────────────────────[0m
[40;1H[48;2;5;5;5m [0m[38;2;163;163;163;48;2;5;5;5mHOT ROTATIONS · distinct wallets, last 30m00s[0m[48;2;5;5;5m                                                             [0m[48;2;5;5;5m [0m[38;2;53;20;25;48;2;5;5;5m│[0m[48;2;5;5;5m [0m[38;2;242;242;242;48;2;5;5;5m[0m[48;2;5;5;5m                                                                     [0m[48;2;5;5;5m [0m
[41;1H[48;2;5;5;5m [0m[38;2;116;116;116;48;2;5;5;5m…[0m[48;2;5;5;5m                                                                                                         [0m[48;2;5;5;5m [0m[38;2;53;20;25;48;2;5;5;5m│[0m[48;2;5;5;5m [0m[48;2;5;5;5m                                                                     [0m[48;2;5;5;5m [0m
[42;1H[48;2;5;5;5m                                                                                                            [0m[38;2;53;20;25;48;2;5;5;5m│[0m[48;2;5;5;5m [0m[48;2;5;5;5m                                                                     [0m[48;2;5;5;5m [0m
[43;1H[48;2;5;5;5m                                                                                                            [0m[38;2;53;20;25;48;2;5;5;5m│[0m[48;2;5;5;5m [0m[38;2;116;116;116;48;2;5;5;5m▁▁▁▁▁▁▁▁▁▁▁▁▁▁▁▁▁▁▁▁▁▁▁▁▁▁▁▁▁▁▁▁▁▁▁▁▁▁▁▁▁▁▁▁▁▁▁▁▁▁▁▁▁▁▁▁▁▁▁▁▁▁▁▁▁▁▁▁▁[0m[48;2;5;5;5m [0m
[44;1H[48;2;5;5;5m                                                                                                            [0m[38;2;53;20;25;48;2;5;5;5m│[0m[48;2;5;5;5m [0m[38;2;242;242;242;48;2;5;5;5m[0m[48;2;5;5;5m                                                                     [0m[48;2;5;5;5m [0m
[45;1H[48;2;5;5;5m                                                                                                            [0m[38;2;53;20;25;48;2;5;5;5m│[0m[48;2;5;5;5m [0m[48;2;5;5;5m                                                                     [0m[48;2;5;5;5m [0m
[46;1H[48;2;5;5;5m                                                                                                            [0m[38;2;53;20;25;48;2;5;5;5m│[0m[48;2;5;5;5m [0m[48;2;5;5;5m                                                                     [0m[48;2;5;5;5m [0m
[47;1H[48;2;5;5;5m                                                                                                            [0m[38;2;53;20;25;48;2;5;5;5m│[0m[48;2;5;5;5m [0m[48;2;5;5;5m                                                                     [0m[48;2;5;5;5m [0m
[48;1H[48;2;5;5;5m                                                                                                            [0m[38;2;53;20;25;48;2;5;5;5m│[0m[48;2;5;5;5m [0m[48;2;5;5;5m                                                                     [0m[48;2;5;5;5m [0m
[49;1H[48;2;5;5;5m                                                                                                            [0m[38;2;53;20;25;48;2;5;5;5m│[0m[48;2;5;5;5m [0m[48;2;5;5;5m                                                                     [0m[48;2;5;5;5m [0m
[50;1H[48;2;13;10;10m [0m[38;2;163;163;163;48;2;13;10;10m↑/↓ select · Enter open · Esc back · / search · End follow tail · q quit[0m[48;2;13;10;10m                                                                                                          [0m[48;2;13;10;10m [0m[2;5H[6;1H[48;2;5;5;5m [0m[38;2;242;242;242;48;2;5;5;5mCHAIN Robinhood Chain[0m[38;2;53;20;25;48;2;5;5;5m  ·  [0m[38;2;242;242;242;48;2;5;5;5m[REPLAY 10× · PAUSED][0m[38;2;53;20;25;48;2;5;5;5m  ·  [0m[38;2;242;242;242;48;2;5;5;5mCLOCK 17:29:56 UTC[0m[38;2;53;20;25;48;2;5;5;5m  ·  [0m[38;2;163;163;163;48;2;5;5;5mRANGE 16:59:56–17:29:56[0m[38;2;53;20;25;48;2;5;5;5m  ·  [0m[38;2;163;163;163;48;2;5;5;5mWINDOW 30m00s[0m[38;2;53;20;25;48;2;5;5;5m  ·  [0m[38;2;116;116;116;48;2;5;5;5mSESSION S-6b4784[0m[48;2;5;5;5m                                         [0m[48;2;5;5;5m [0m
[8;1H[48;2;5;5;5m [0m[38;2;163;163;163;48;2;5;5;5mOBSERVED SEQUENCES · last 30m00s · 5000 of 5000 rows · +4500 new · one row = one wallet that sold A, then[0m[48;2;5;5;5m [0m[48;2;5;5;5m [0m[8;109H
[8;111H[1;38;2;242;242;242;48;2;5;5;5mPiecoin → TruffleHog[0m[48;2;5;5;5m                                                 [0m[8;180H
[9;1H[38;2;163;163;163;48;2;15;15;15m   [0m[38;2;163;163;163;48;2;15;15;15m TIME UTC   [0m[38;2;163;163;163;48;2;15;15;15m WALLET        [0m[38;2;163;163;163;48;2;15;15;15m SOLD           [0m[38;2;163;163;163;48;2;15;15;15m   [0m[38;2;163;163;163;48;2;15;15;15m BOUGHT       [0m[38;2;163;163;163;48;2;15;15;15m GAP      [0m[38;2;163;163;163;48;2;15;15;15m GRADE     [0m[38;2;163;163;163;48;2;15;15;15m                        [0m[9;109H
[9;111H[38;2;163;163;163;48;2;5;5;5m0x6c36…1a01 → 0x4ad5…7b08[0m[48;2;5;5;5m                                            [0m[9;180H
[10;1H[38;2;242;242;242;48;2;15;15;15m [0m[38;2;255;51;68;48;2;15;15;15m [0m[38;2;242;242;242;48;2;15;15;15m [0m[38;2;242;242;242;48;2;15;15;15m [0m[38;2;163;163;163;48;2;15;15;15m16:59:57≈[0m[38;2;242;242;242;48;2;15;15;15m  [0m[38;2;242;242;242;48;2;15;15;15m [0m[38;2;163;163;163;48;2;15;15;15m0xc8ef…c1c8[0m[38;2;242;242;242;48;2;15;15;15m   [0m[38;2;242;242;242;48;2;15;15;15m MARIO          [0m[38;2;242;242;242;48;2;15;15;15m [0m[38;2;163;163;163;48;2;15;15;15m→[0m[38;2;242;242;242;48;2;15;15;15m [0m[38;2;242;242;242;48;2;15;15;15m MARIO        [0m[38;2;242;242;242;48;2;15;15;15m [0m[38;2;163;163;163;48;2;15;15;15m41s[0m[38;2;242;242;242;48;2;15;15;15m      [0m[38;2;242;242;242;48;2;15;15;15m clean     [0m[38;2;242;242;242;48;2;15;15;15m                        [0m[10;109H
[10;111H[38;2;242;242;242;48;2;5;5;5m[0m[48;2;5;5;5m                                                                     [0m[10;180H
[11;1H[38;2;242;242;242;48;2;15;15;15m [0m[38;2;255;51;68;48;2;15;15;15m [0m[38;2;242;242;242;48;2;15;15;15m [0m[38;2;242;242;242;48;2;15;15;15m [0m[38;2;163;163;163;48;2;15;15;15m16:59:57≈[0m[38;2;242;242;242;48;2;15;15;15m  [0m[38;2;242;242;242;48;2;15;15;15m [0m[38;2;163;163;163;48;2;15;15;15m0x3d15…42f2[0m[38;2;242;242;242;48;2;15;15;15m   [0m[38;2;242;242;242;48;2;15;15;15m うさぎ         [0m[38;2;242;242;242;48;2;15;15;15m [0m[38;2;163;163;163;48;2;15;15;15m→[0m[38;2;242;242;242;48;2;15;15;15m [0m[38;2;242;242;242;48;2;15;15;15m ARA          [0m[38;2;242;242;242;48;2;15;15;15m [0m[38;2;163;163;163;48;2;15;15;15m7m31s[0m[38;2;242;242;242;48;2;15;15;15m    [0m[38;2;242;242;242;48;2;15;15;15m clean     [0m[38;2;242;242;242;48;2;15;15;15m                        [0m[11;109H
[11;111H[38;2;242;242;242;48;2;5;5;5mwallet 0xd726…7397[0m[48;2;5;5;5m                                                   [0m[11;180H
[12;1H[38;2;242;242;242;48;2;15;15;15m [0m[38;2;255;51;68;48;2;15;15;15m [0m[38;2;242;242;242;48;2;15;15;15m [0m[38;2;242;242;242;48;2;15;15;15m [0m[38;2;163;163;163;48;2;15;15;15m16:59:57≈[0m[38;2;242;242;242;48;2;15;15;15m  [0m[38;2;242;242;242;48;2;15;15;15m [0m[38;2;163;163;163;48;2;15;15;15m0x91d8…6b1e[0m[38;2;242;242;242;48;2;15;15;15m   [0m[38;2;242;242;242;48;2;15;15;15m EAGLE          [0m[38;2;242;242;242;48;2;15;15;15m [0m[38;2;163;163;163;48;2;15;15;15m→[0m[38;2;242;242;242;48;2;15;15;15m [0m[38;2;242;242;242;48;2;15;15;15m Captain Hook [0m[38;2;242;242;242;48;2;15;15;15m [0m[38;2;163;163;163;48;2;15;15;15m2m50s[0m[38;2;242;242;242;48;2;15;15;15m    [0m[38;2;242;242;242;48;2;15;15;15m clean     [0m[38;2;242;242;242;48;2;15;15;15m                        [0m[12;109H
[12;111H[38;2;163;163;163;48;2;5;5;5msold   17:10:09 UTC[0m[48;2;5;5;5m                                                  [0m[12;180H
[13;1H[38;2;242;242;242;48;2;15;15;15m [0m[38;2;255;51;68;48;2;15;15;15m [0m[38;2;242;242;242;48;2;15;15;15m [0m[38;2;242;242;242;48;2;15;15;15m [0m[38;2;163;163;163;48;2;15;15;15m16:59:57≈[0m[38;2;242;242;242;48;2;15;15;15m  [0m[38;2;242;242;242;48;2;15;15;15m [0m[38;2;163;163;163;48;2;15;15;15m0xdb7b…8e66[0m[38;2;242;242;242;48;2;15;15;15m   [0m[38;2;242;242;242;48;2;15;15;15m MONG           [0m[38;2;242;242;242;48;2;15;15;15m [0m[38;2;163;163;163;48;2;15;15;15m→[0m[38;2;242;242;242;48;2;15;15;15m [0m[38;2;242;242;242;48;2;15;15;15m egregore     [0m[38;2;242;242;242;48;2;15;15;15m [0m[38;2;163;163;163;48;2;15;15;15m27s[0m[38;2;242;242;242;48;2;15;15;15m      [0m[38;2;242;242;242;48;2;15;15;15m clean     [0m[38;2;242;242;242;48;2;15;15;15m                        [0m[13;109H
[13;111H[38;2;163;163;163;48;2;5;5;5mbought 17:23:51≈ UTC · gap 13m42s · clean[0m[48;2;5;5;5m                            [0m[13;180H
[14;1H[38;2;242;242;242;48;2;15;15;15m [0m[38;2;255;51;68;48;2;15;15;15m [0m[38;2;242;242;242;48;2;15;15;15m [0m[38;2;242;242;242;48;2;15;15;15m [0m[38;2;163;163;163;48;2;15;15;15m16:59:57≈[0m[38;2;242;242;242;48;2;15;15;15m  [0m[38;2;242;242;242;48;2;15;15;15m [0m[38;2;163;163;163;48;2;15;15;15m0x527d…a206[0m[38;2;242;242;242;48;2;15;15;15m   [0m[38;2;242;242;242;48;2;15;15;15m AERON          [0m[38;2;242;242;242;48;2;15;15;15m [0m[38;2;163;163;163;48;2;15;15;15m→[0m[38;2;242;242;242;48;2;15;15;15m [0m[38;2;242;242;242;48;2;15;15;15m AQU          [0m[38;2;242;242;242;48;2;15;15;15m [0m[38;2;163;163;163;48;2;15;15;15msame tx[0m[38;2;242;242;242;48;2;15;15;15m  [0m[38;2;242;242;242;48;2;15;15;15m direct    [0m[38;2;242;242;242;48;2;15;15;15m                        [0m[14;109H
[14;111H[38;2;163;163;163;48;2;5;5;5msell tx 0x48e4…d4e7[0m[48;2;5;5;5m                                                  [0m[14;180H
[15;1H[38;2;242;242;242;48;2;15;15;15m [0m[38;2;255;51;68;48;2;15;15;15m [0m[38;2;242;242;242;48;2;15;15;15m [0m[38;2;242;242;242;48;2;15;15;15m [0m[38;2;163;163;163;48;2;15;15;15m16:59:58≈[0m[38;2;242;242;242;48;2;15;15;15m  [0m[38;2;242;242;242;48;2;15;15;15m [0m[38;2;163;163;163;48;2;15;15;15m0x7c45…f409[0m[38;2;242;242;242;48;2;15;15;15m   [0m[38;2;242;242;242;48;2;15;15;15m EVERYTHING     [0m[38;2;242;242;242;48;2;15;15;15m [0m[38;2;163;163;163;48;2;15;15;15m→[0m[38;2;242;242;242;48;2;15;15;15m [0m[38;2;242;242;242;48;2;15;15;15m egregore     [0m[38;2;242;242;242;48;2;15;15;15m [0m[38;2;163;163;163;48;2;15;15;15m26m42s[0m[38;2;242;242;242;48;2;15;15;15m   [0m[38;2;242;242;242;48;2;15;15;15m clean     [0m[38;2;242;242;242;48;2;15;15;15m                        [0m[15;109H
[15;111H[38;2;163;163;163;48;2;5;5;5mbuy tx  0x282f…aa22[0m[48;2;5;5;5m                                                  [0m[15;180H
[16;1H[38;2;242;242;242;48;2;15;15;15m [0m[38;2;255;51;68;48;2;15;15;15m [0m[38;2;242;242;242;48;2;15;15;15m [0m[38;2;242;242;242;48;2;15;15;15m [0m[38;2;163;163;163;48;2;15;15;15m16:59:58≈[0m[38;2;242;242;242;48;2;15;15;15m  [0m[38;2;242;242;242;48;2;15;15;15m [0m[38;2;163;163;163;48;2;15;15;15m0xb83f…7c5f[0m[38;2;242;242;242;48;2;15;15;15m   [0m[38;2;242;242;242;48;2;15;15;15m うさぎ         [0m[38;2;242;242;242;48;2;15;15;15m [0m[38;2;163;163;163;48;2;15;15;15m→[0m[38;2;242;242;242;48;2;15;15;15m [0m[38;2;242;242;242;48;2;15;15;15m ARA          [0m[38;2;242;242;242;48;2;15;15;15m [0m[38;2;163;163;163;48;2;15;15;15m7m32s[0m[38;2;242;242;242;48;2;15;15;15m    [0m[38;2;242;242;242;48;2;15;15;15m clean     [0m[38;2;242;242;242;48;2;15;15;15m                        [0m[16;109H
[16;111H[38;2;242;242;242;48;2;5;5;5m[0m[48;2;5;5;5m                                                                     [0m[16;180H
[17;1H[38;2;242;242;242;48;2;15;15;15m [0m[38;2;255;51;68;48;2;15;15;15m [0m[38;2;242;242;242;48;2;15;15;15m [0m[38;2;242;242;242;48;2;15;15;15m [0m[38;2;163;163;163;48;2;15;15;15m16:59:58≈[0m[38;2;242;242;242;48;2;15;15;15m  [0m[38;2;242;242;242;48;2;15;15;15m [0m[38;2;163;163;163;48;2;15;15;15m0x4432…46de[0m[38;2;242;242;242;48;2;15;15;15m   [0m[38;2;242;242;242;48;2;15;15;15m うさぎ         [0m[38;2;242;242;242;48;2;15;15;15m [0m[38;2;163;163;163;48;2;15;15;15m→[0m[38;2;242;242;242;48;2;15;15;15m [0m[38;2;242;242;242;48;2;15;15;15m ARA          [0m[38;2;242;242;242;48;2;15;15;15m [0m[38;2;163;163;163;48;2;15;15;15m7m32s[0m[38;2;242;242;242;48;2;15;15;15m    [0m[38;2;242;242;242;48;2;15;15;15m clean     [0m[38;2;242;242;242;48;2;15;15;15m                        [0m[17;109H
[17;111H[38;2;116;116;116;48;2;5;5;5mEnter: all wallets on this pair[0m[48;2;5;5;5m                                      [0m[17;180H
[18;1H[38;2;242;242;242;48;2;15;15;15m [0m[38;2;255;51;68;48;2;15;15;15m [0m[38;2;242;242;242;48;2;15;15;15m [0m[38;2;242;242;242;48;2;15;15;15m [0m[38;2;163;163;163;48;2;15;15;15m16:59:59≈[0m[38;2;242;242;242;48;2;15;15;15m  [0m[38;2;242;242;242;48;2;15;15;15m [0m[38;2;163;163;163;48;2;15;15;15m0x261d…a61e[0m[38;2;242;242;242;48;2;15;15;15m   [0m[38;2;242;242;242;48;2;15;15;15m ZFORGE         [0m[38;2;242;242;242;48;2;15;15;15m [0m[38;2;163;163;163;48;2;15;15;15m→[0m[38;2;242;242;242;48;2;15;15;15m [0m[38;2;242;242;242;48;2;15;15;15m NATIPONS     [0m[38;2;242;242;242;48;2;15;15;15m [0m[38;2;163;163;163;48;2;15;15;15m25m08s[0m[38;2;242;242;242;48;2;15;15;15m   [0m[38;2;242;242;242;48;2;15;15;15m clean     [0m[38;2;242;242;242;48;2;15;15;15m                        [0m[18;109H
[19;1H[38;2;242;242;242;48;2;15;15;15m [0m[38;2;255;51;68;48;2;15;15;15m [0m[38;2;242;242;242;48;2;15;15;15m [0m[38;2;242;242;242;48;2;15;15;15m [0m[38;2;163;163;163;48;2;15;15;15m16:59:59≈[0m[38;2;242;242;242;48;2;15;15;15m  [0m[38;2;242;242;242;48;2;15;15;15m [0m[38;2;163;163;163;48;2;15;15;15m0x80e9…ad87[0m[38;2;242;242;242;48;2;15;15;15m   [0m[38;2;242;242;242;48;2;15;15;15m STYX           [0m[38;2;242;242;242;48;2;15;15;15m [0m[38;2;163;163;163;48;2;15;15;15m→[0m[38;2;242;242;242;48;2;15;15;15m [0m[38;2;242;242;242;48;2;15;15;15m RMD          [0m[38;2;242;242;242;48;2;15;15;15m [0m[38;2;163;163;163;48;2;15;15;15m24m27s[0m[38;2;242;242;242;48;2;15;15;15m   [0m[38;2;242;242;242;48;2;15;15;15m clean     [0m[38;2;242;242;242;48;2;15;15;15m                        [0m[19;109H
[20;1H[38;2;242;242;242;48;2;15;15;15m [0m[38;2;255;51;68;48;2;15;15;15m [0m[38;2;242;242;242;48;2;15;15;15m [0m[38;2;242;242;242;48;2;15;15;15m [0m[38;2;163;163;163;48;2;15;15;15m16:59:59≈[0m[38;2;242;242;242;48;2;15;15;15m  [0m[38;2;242;242;242;48;2;15;15;15m [0m[38;2;163;163;163;48;2;15;15;15m0x5c1c…a214[0m[38;2;242;242;242;48;2;15;15;15m   [0m[38;2;242;242;242;48;2;15;15;15m うさぎ         [0m[38;2;242;242;242;48;2;15;15;15m [0m[38;2;163;163;163;48;2;15;15;15m→[0m[38;2;242;242;242;48;2;15;15;15m [0m[38;2;242;242;242;48;2;15;15;15m ARA          [0m[38;2;242;242;242;48;2;15;15;15m [0m[38;2;163;163;163;48;2;15;15;15m7m33s[0m[38;2;242;242;242;48;2;15;15;15m    [0m[38;2;242;242;242;48;2;15;15;15m clean     [0m[38;2;242;242;242;48;2;15;15;15m                        [0m[20;109H
[21;1H[38;2;242;242;242;48;2;15;15;15m [0m[38;2;255;51;68;48;2;15;15;15m [0m[38;2;242;242;242;48;2;15;15;15m [0m[38;2;242;242;242;48;2;15;15;15m [0m[38;2;163;163;163;48;2;15;15;15m16:59:59≈[0m[38;2;242;242;242;48;2;15;15;15m  [0m[38;2;242;242;242;48;2;15;15;15m [0m[38;2;163;163;163;48;2;15;15;15m0xb513…c008[0m[38;2;242;242;242;48;2;15;15;15m   [0m[38;2;242;242;242;48;2;15;15;15m MARIO          [0m[38;2;242;242;242;48;2;15;15;15m [0m[38;2;163;163;163;48;2;15;15;15m→[0m[38;2;242;242;242;48;2;15;15;15m [0m[38;2;242;242;242;48;2;15;15;15m MARIO        [0m[38;2;242;242;242;48;2;15;15;15m [0m[38;2;163;163;163;48;2;15;15;15m35s[0m[38;2;242;242;242;48;2;15;15;15m      [0m[38;2;242;242;242;48;2;15;15;15m clean     [0m[38;2;242;242;242;48;2;15;15;15m                        [0m[21;109H
[22;1H[38;2;242;242;242;48;2;15;15;15m [0m[38;2;255;51;68;48;2;15;15;15m [0m[38;2;242;242;242;48;2;15;15;15m [0m[38;2;242;242;242;48;2;15;15;15m [0m[38;2;163;163;163;48;2;15;15;15m17:00:00≈[0m[38;2;242;242;242;48;2;15;15;15m  [0m[38;2;242;242;242;48;2;15;15;15m [0m[38;2;163;163;163;48;2;15;15;15m0x94fb…de24[0m[38;2;242;242;242;48;2;15;15;15m   [0m[38;2;242;242;242;48;2;15;15;15m NATIPONS       [0m[38;2;242;242;242;48;2;15;15;15m [0m[38;2;163;163;163;48;2;15;15;15m→[0m[38;2;242;242;242;48;2;15;15;15m [0m[38;2;242;242;242;48;2;15;15;15m PONSLAB      [0m[38;2;242;242;242;48;2;15;15;15m [0m[38;2;163;163;163;48;2;15;15;15m9m20s[0m[38;2;242;242;242;48;2;15;15;15m    [0m[38;2;242;242;242;48;2;15;15;15m clean     [0m[38;2;242;242;242;48;2;15;15;15m                        [0m[22;109H
[23;1H[38;2;242;242;242;48;2;15;15;15m [0m[38;2;255;51;68;48;2;15;15;15m [0m[38;2;242;242;242;48;2;15;15;15m [0m[38;2;242;242;242;48;2;15;15;15m [0m[38;2;163;163;163;48;2;15;15;15m17:00:00≈[0m[38;2;242;242;242;48;2;15;15;15m  [0m[38;2;242;242;242;48;2;15;15;15m [0m[38;2;163;163;163;48;2;15;15;15m0x41a6…a868[0m[38;2;242;242;242;48;2;15;15;15m   [0m[38;2;242;242;242;48;2;15;15;15m AUTON          [0m[38;2;242;242;242;48;2;15;15;15m [0m[38;2;163;163;163;48;2;15;15;15m→[0m[38;2;242;242;242;48;2;15;15;15m [0m[38;2;242;242;242;48;2;15;15;15m egregore     [0m[38;2;242;242;242;48;2;15;15;15m [0m[38;2;163;163;163;48;2;15;15;15m9m41s[0m[38;2;242;242;242;48;2;15;15;15m    [0m[38;2;242;242;242;48;2;15;15;15m clean     [0m[38;2;242;242;242;48;2;15;15;15m                        [0m[23;109H
[24;1H[38;2;242;242;242;48;2;15;15;15m [0m[38;2;255;51;68;48;2;15;15;15m [0m[38;2;242;242;242;48;2;15;15;15m [0m[38;2;242;242;242;48;2;15;15;15m [0m[38;2;163;163;163;48;2;15;15;15m17:00:01≈[0m[38;2;242;242;242;48;2;15;15;15m  [0m[38;2;242;242;242;48;2;15;15;15m [0m[38;2;163;163;163;48;2;15;15;15m0x9dd2…c3f0[0m[38;2;242;242;242;48;2;15;15;15m   [0m[38;2;242;242;242;48;2;15;15;15m KERF           [0m[38;2;242;242;242;48;2;15;15;15m [0m[38;2;163;163;163;48;2;15;15;15m→[0m[38;2;242;242;242;48;2;15;15;15m [0m[38;2;242;242;242;48;2;15;15;15m SNAPCAT      [0m[38;2;242;242;242;48;2;15;15;15m [0m[38;2;163;163;163;48;2;15;15;15m4m37s[0m[38;2;242;242;242;48;2;15;15;15m    [0m[38;2;242;242;242;48;2;15;15;15m clean     [0m[38;2;242;242;242;48;2;15;15;15m                        [0m[24;109H
[25;1H[38;2;242;242;242;48;2;15;15;15m [0m[38;2;255;51;68;48;2;15;15;15m [0m[38;2;242;242;242;48;2;15;15;15m [0m[38;2;242;242;242;48;2;15;15;15m [0m[38;2;163;163;163;48;2;15;15;15m17:00:01≈[0m[38;2;242;242;242;48;2;15;15;15m  [0m[38;2;242;242;242;48;2;15;15;15m [0m[38;2;163;163;163;48;2;15;15;15m0x7bae…c916[0m[38;2;242;242;242;48;2;15;15;15m   [0m[38;2;242;242;242;48;2;15;15;15m EAGLE          [0m[38;2;242;242;242;48;2;15;15;15m [0m[38;2;163;163;163;48;2;15;15;15m→[0m[38;2;242;242;242;48;2;15;15;15m [0m[38;2;242;242;242;48;2;15;15;15m egregore     [0m[38;2;242;242;242;48;2;15;15;15m [0m[38;2;163;163;163;48;2;15;15;15m29s[0m[38;2;242;242;242;48;2;15;15;15m      [0m[38;2;242;242;242;48;2;15;15;15m clean     [0m[38;2;242;242;242;48;2;15;15;15m                        [0m[25;109H
[26;1H[38;2;242;242;242;48;2;15;15;15m [0m[38;2;255;51;68;48;2;15;15;15m [0m[38;2;242;242;242;48;2;15;15;15m [0m[38;2;242;242;242;48;2;15;15;15m [0m[38;2;163;163;163;48;2;15;15;15m17:00:02≈[0m[38;2;242;242;242;48;2;15;15;15m  [0m[38;2;242;242;242;48;2;15;15;15m [0m[38;2;163;163;163;48;2;15;15;15m0x3d15…42f2[0m[38;2;242;242;242;48;2;15;15;15m   [0m[38;2;242;242;242;48;2;15;15;15m うさぎ         [0m[38;2;242;242;242;48;2;15;15;15m [0m[38;2;163;163;163;48;2;15;15;15m→[0m[38;2;242;242;242;48;2;15;15;15m [0m[38;2;242;242;242;48;2;15;15;15m ARA          [0m[38;2;242;242;242;48;2;15;15;15m [0m[38;2;163;163;163;48;2;15;15;15m7m36s[0m[38;2;242;242;242;48;2;15;15;15m    [0m[38;2;242;242;242;48;2;15;15;15m clean     [0m[38;2;242;242;242;48;2;15;15;15m                        [0m[26;109H
[27;1H[38;2;242;242;242;48;2;15;15;15m [0m[38;2;255;51;68;48;2;15;15;15m [0m[38;2;242;242;242;48;2;15;15;15m [0m[38;2;242;242;242;48;2;15;15;15m [0m[38;2;163;163;163;48;2;15;15;15m17:00:03≈[0m[38;2;242;242;242;48;2;15;15;15m  [0m[38;2;242;242;242;48;2;15;15;15m [0m[38;2;163;163;163;48;2;15;15;15m0xb83f…7c5f[0m[38;2;242;242;242;48;2;15;15;15m   [0m[38;2;242;242;242;48;2;15;15;15m うさぎ         [0m[38;2;242;242;242;48;2;15;15;15m [0m[38;2;163;163;163;48;2;15;15;15m→[0m[38;2;242;242;242;48;2;15;15;15m [0m[38;2;242;242;242;48;2;15;15;15m ARA          [0m[38;2;242;242;242;48;2;15;15;15m [0m[38;2;163;163;163;48;2;15;15;15m7m37s[0m[38;2;242;242;242;48;2;15;15;15m    [0m[38;2;242;242;242;48;2;15;15;15m clean     [0m[38;2;242;242;242;48;2;15;15;15m                        [0m[27;109H
[28;1H[38;2;242;242;242;48;2;15;15;15m [0m[38;2;255;51;68;48;2;15;15;15m [0m[38;2;242;242;242;48;2;15;15;15m [0m[38;2;242;242;242;48;2;15;15;15m [0m[38;2;163;163;163;48;2;15;15;15m17:00:03≈[0m[38;2;242;242;242;48;2;15;15;15m  [0m[38;2;242;242;242;48;2;15;15;15m [0m[38;2;163;163;163;48;2;15;15;15m0x8803…455c[0m[38;2;242;242;242;48;2;15;15;15m   [0m[38;2;242;242;242;48;2;15;15;15m EAGLE          [0m[38;2;242;242;242;48;2;15;15;15m [0m[38;2;163;163;163;48;2;15;15;15m→[0m[38;2;242;242;242;48;2;15;15;15m [0m[38;2;242;242;242;48;2;15;15;15m egregore     [0m[38;2;242;242;242;48;2;15;15;15m [0m[38;2;163;163;163;48;2;15;15;15m36s[0m[38;2;242;242;242;48;2;15;15;15m      [0m[38;2;242;242;242;48;2;15;15;15m clean     [0m[38;2;242;242;242;48;2;15;15;15m                        [0m[28;109H
[29;1H[38;2;242;242;242;48;2;15;15;15m [0m[38;2;255;51;68;48;2;15;15;15m [0m[38;2;242;242;242;48;2;15;15;15m [0m[38;2;242;242;242;48;2;15;15;15m [0m[38;2;163;163;163;48;2;15;15;15m17:00:04≈[0m[38;2;242;242;242;48;2;15;15;15m  [0m[38;2;242;242;242;48;2;15;15;15m [0m[38;2;163;163;163;48;2;15;15;15m0xfb93…5ecc[0m[38;2;242;242;242;48;2;15;15;15m   [0m[38;2;242;242;242;48;2;15;15;15m DARK           [0m[38;2;242;242;242;48;2;15;15;15m [0m[38;2;163;163;163;48;2;15;15;15m→[0m[38;2;242;242;242;48;2;15;15;15m [0m[38;2;242;242;242;48;2;15;15;15m MANY         [0m[38;2;242;242;242;48;2;15;15;15m [0m[38;2;163;163;163;48;2;15;15;15m29m03s[0m[38;2;242;242;242;48;2;15;15;15m   [0m[38;2;242;242;242;48;2;15;15;15m clean     [0m[38;2;242;242;242;48;2;15;15;15m                        [0m[29;109H
[30;1H[38;2;242;242;242;48;2;15;15;15m [0m[38;2;255;51;68;48;2;15;15;15m [0m[38;2;242;242;242;48;2;15;15;15m [0m[38;2;242;242;242;48;2;15;15;15m [0m[38;2;163;163;163;48;2;15;15;15m17:00:04≈[0m[38;2;242;242;242;48;2;15;15;15m  [0m[38;2;242;242;242;48;2;15;15;15m [0m[38;2;163;163;163;48;2;15;15;15m0x4432…46de[0m[38;2;242;242;242;48;2;15;15;15m   [0m[38;2;242;242;242;48;2;15;15;15m うさぎ         [0m[38;2;242;242;242;48;2;15;15;15m [0m[38;2;163;163;163;48;2;15;15;15m→[0m[38;2;242;242;242;48;2;15;15;15m [0m[38;2;242;242;242;48;2;15;15;15m ARA          [0m[38;2;242;242;242;48;2;15;15;15m [0m[38;2;163;163;163;48;2;15;15;15m7m38s[0m[38;2;242;242;242;48;2;15;15;15m    [0m[38;2;242;242;242;48;2;15;15;15m clean     [0m[38;2;242;242;242;48;2;15;15;15m                        [0m[30;109H
[31;1H[38;2;242;242;242;48;2;15;15;15m [0m[38;2;255;51;68;48;2;15;15;15m [0m[38;2;242;242;242;48;2;15;15;15m [0m[38;2;242;242;242;48;2;15;15;15m [0m[38;2;163;163;163;48;2;15;15;15m17:00:04≈[0m[38;2;242;242;242;48;2;15;15;15m  [0m[38;2;242;242;242;48;2;15;15;15m [0m[38;2;163;163;163;48;2;15;15;15m0x5c1c…a214[0m[38;2;242;242;242;48;2;15;15;15m   [0m[38;2;242;242;242;48;2;15;15;15m うさぎ         [0m[38;2;242;242;242;48;2;15;15;15m [0m[38;2;163;163;163;48;2;15;15;15m→[0m[38;2;242;242;242;48;2;15;15;15m [0m[38;2;242;242;242;48;2;15;15;15m ARA          [0m[38;2;242;242;242;48;2;15;15;15m [0m[38;2;163;163;163;48;2;15;15;15m7m38s[0m[38;2;242;242;242;48;2;15;15;15m    [0m[38;2;242;242;242;48;2;15;15;15m clean     [0m[38;2;242;242;242;48;2;15;15;15m                        [0m[31;109H
[32;1H[38;2;242;242;242;48;2;15;15;15m [0m[38;2;255;51;68;48;2;15;15;15m [0m[38;2;242;242;242;48;2;15;15;15m [0m[38;2;242;242;242;48;2;15;15;15m [0m[38;2;163;163;163;48;2;15;15;15m17:00:04≈[0m[38;2;242;242;242;48;2;15;15;15m  [0m[38;2;242;242;242;48;2;15;15;15m [0m[38;2;163;163;163;48;2;15;15;15m0x8026…0c62[0m[38;2;242;242;242;48;2;15;15;15m   [0m[38;2;242;242;242;48;2;15;15;15m egregore       [0m[38;2;242;242;242;48;2;15;15;15m [0m[38;2;163;163;163;48;2;15;15;15m→[0m[38;2;242;242;242;48;2;15;15;15m [0m[38;2;242;242;242;48;2;15;15;15m RBNHD        [0m[38;2;242;242;242;48;2;15;15;15m [0m[38;2;163;163;163;48;2;15;15;15m35s[0m[38;2;242;242;242;48;2;15;15;15m      [0m[38;2;242;242;242;48;2;15;15;15m clean     [0m[38;2;242;242;242;48;2;15;15;15m                        [0m[32;109H
[33;1H[38;2;242;242;242;48;2;15;15;15m [0m[38;2;255;51;68;48;2;15;15;15m [0m[38;2;242;242;242;48;2;15;15;15m [0m[38;2;242;242;242;48;2;15;15;15m [0m[38;2;163;163;163;48;2;15;15;15m17:00:05≈[0m[38;2;242;242;242;48;2;15;15;15m  [0m[38;2;242;242;242;48;2;15;15;15m [0m[38;2;163;163;163;48;2;15;15;15m0xfbd4…1bfc[0m[38;2;242;242;242;48;2;15;15;15m   [0m[38;2;242;242;242;48;2;15;15;15m MARIO          [0m[38;2;242;242;242;48;2;15;15;15m [0m[38;2;163;163;163;48;2;15;15;15m→[0m[38;2;242;242;242;48;2;15;15;15m [0m[38;2;242;242;242;48;2;15;15;15m DARK         [0m[38;2;242;242;242;48;2;15;15;15m [0m[38;2;163;163;163;48;2;15;15;15m29m19s[0m[38;2;242;242;242;48;2;15;15;15m   [0m[38;2;242;242;242;48;2;15;15;15m clean     [0m[38;2;242;242;242;48;2;15;15;15m                        [0m[33;109H
[34;1H[38;2;242;242;242;48;2;15;15;15m [0m[38;2;255;51;68;48;2;15;15;15m [0m[38;2;242;242;242;48;2;15;15;15m [0m[38;2;242;242;242;48;2;15;15;15m [0m[38;2;163;163;163;48;2;15;15;15m17:00:05≈[0m[38;2;242;242;242;48;2;15;15;15m  [0m[38;2;242;242;242;48;2;15;15;15m [0m[38;2;163;163;163;48;2;15;15;15m0x1765…5aec[0m[38;2;242;242;242;48;2;15;15;15m   [0m[38;2;242;242;242;48;2;15;15;15m RBNHD          [0m[38;2;242;242;242;48;2;15;15;15m [0m[38;2;163;163;163;48;2;15;15;15m→[0m[38;2;242;242;242;48;2;15;15;15m [0m[38;2;242;242;242;48;2;15;15;15m MARIO        [0m[38;2;242;242;242;48;2;15;15;15m [0m[38;2;163;163;163;48;2;15;15;15m9s[0m[38;2;242;242;242;48;2;15;15;15m       [0m[38;2;242;242;242;48;2;15;15;15m clean     [0m[38;2;242;242;242;48;2;15;15;15m                        [0m[34;109H
[35;1H[38;2;242;242;242;48;2;15;15;15m [0m[38;2;255;51;68;48;2;15;15;15m [0m[38;2;242;242;242;48;2;15;15;15m [0m[38;2;242;242;242;48;2;15;15;15m [0m[38;2;163;163;163;48;2;15;15;15m17:00:05≈[0m[38;2;242;242;242;48;2;15;15;15m  [0m[38;2;242;242;242;48;2;15;15;15m [0m[38;2;163;163;163;48;2;15;15;15m0x56ba…d1df[0m[38;2;242;242;242;48;2;15;15;15m   [0m[38;2;242;242;242;48;2;15;15;15m MARIO          [0m[38;2;242;242;242;48;2;15;15;15m [0m[38;2;163;163;163;48;2;15;15;15m→[0m[38;2;242;242;242;48;2;15;15;15m [0m[38;2;242;242;242;48;2;15;15;15m Yo-yo        [0m[38;2;242;242;242;48;2;15;15;15m [0m[38;2;163;163;163;48;2;15;15;15m7m46s[0m[38;2;242;242;242;48;2;15;15;15m    [0m[38;2;242;242;242;48;2;15;15;15m clean     [0m[38;2;242;242;242;48;2;15;15;15m                        [0m[35;109H
[36;1H[38;2;242;242;242;48;2;15;15;15m [0m[38;2;255;51;68;48;2;15;15;15m [0m[38;2;242;242;242;48;2;15;15;15m [0m[38;2;242;242;242;48;2;15;15;15m [0m[38;2;163;163;163;48;2;15;15;15m17:00:05≈[0m[38;2;242;242;242;48;2;15;15;15m  [0m[38;2;242;242;242;48;2;15;15;15m [0m[38;2;163;163;163;48;2;15;15;15m0x2dec…5f04[0m[38;2;242;242;242;48;2;15;15;15m   [0m[38;2;242;242;242;48;2;15;15;15m Toad           [0m[38;2;242;242;242;48;2;15;15;15m [0m[38;2;163;163;163;48;2;15;15;15m→[0m[38;2;242;242;242;48;2;15;15;15m [0m[38;2;242;242;242;48;2;15;15;15m RMD          [0m[38;2;242;242;242;48;2;15;15;15m [0m[38;2;163;163;163;48;2;15;15;15m1m08s[0m[38;2;242;242;242;48;2;15;15;15m    [0m[38;2;242;242;242;48;2;15;15;15m clean     [0m[38;2;242;242;242;48;2;15;15;15m                        [0m[36;109H
[37;1H[38;2;242;242;242;48;2;15;15;15m [0m[38;2;255;51;68;48;2;15;15;15m [0m[38;2;242;242;242;48;2;15;15;15m [0m[38;2;242;242;242;48;2;15;15;15m [0m[38;2;163;163;163;48;2;15;15;15m17:00:05≈[0m[38;2;242;242;242;48;2;15;15;15m  [0m[38;2;242;242;242;48;2;15;15;15m [0m[38;2;163;163;163;48;2;15;15;15m0xd202…ce90[0m[38;2;242;242;242;48;2;15;15;15m   [0m[38;2;242;242;242;48;2;15;15;15m XCOINS         [0m[38;2;242;242;242;48;2;15;15;15m [0m[38;2;163;163;163;48;2;15;15;15m→[0m[38;2;242;242;242;48;2;15;15;15m [0m[38;2;242;242;242;48;2;15;15;15m RMD          [0m[38;2;242;242;242;48;2;15;15;15m [0m[38;2;163;163;163;48;2;15;15;15m5s[0m[38;2;242;242;242;48;2;15;15;15m       [0m[38;2;242;242;242;48;2;15;15;15m clean     [0m[38;2;242;242;242;48;2;15;15;15m                        [0m[37;109H
[38;1H[38;2;242;242;242;48;2;15;15;15m [0m[38;2;255;51;68;48;2;15;15;15m [0m[38;2;242;242;242;48;2;15;15;15m [0m[38;2;242;242;242;48;2;15;15;15m [0m[38;2;163;163;163;48;2;15;15;15m17:00:06≈[0m[38;2;242;242;242;48;2;15;15;15m  [0m[38;2;242;242;242;48;2;15;15;15m [0m[38;2;163;163;163;48;2;15;15;15m0x6dff…8f7f[0m[38;2;242;242;242;48;2;15;15;15m   [0m[38;2;242;242;242;48;2;15;15;15m CAT            [0m[38;2;242;242;242;48;2;15;15;15m [0m[38;2;163;163;163;48;2;15;15;15m→[0m[38;2;242;242;242;48;2;15;15;15m [0m[38;2;242;242;242;48;2;15;15;15m RMD          [0m[38;2;242;242;242;48;2;15;15;15m [0m[38;2;163;163;163;48;2;15;15;15m29m06s[0m[38;2;242;242;242;48;2;15;15;15m   [0m[38;2;242;242;242;48;2;15;15;15m clean     [0m[38;2;242;242;242;48;2;15;15;15m                        [0m[38;109H
[40;1H[48;2;5;5;5m [0m[38;2;163;163;163;48;2;5;5;5mHOT ROTATIONS · distinct wallets, last 30m00s[0m[48;2;5;5;5m                                                             [0m[48;2;5;5;5m [0m[40;109H
[40;111H[38;2;163;163;163;48;2;5;5;5mACTIVITY · observed sequences per 60s bucket · 30 buckets[0m[48;2;5;5;5m            [0m[40;180H
[41;1H[48;2;5;5;5m [0m[1;38;2;242;242;242;48;2;5;5;5m 123 [0m[38;2;242;242;242;48;2;5;5;5mTruffleHog   → LUNAR       [0m[38;2;163;163;163;48;2;5;5;5m  130 seq[0m[48;2;5;5;5m                                                                 [0m[48;2;5;5;5m [0m[41;109H
[41;111H[38;2;242;242;242;48;2;5;5;5m [0m[38;2;242;242;242;48;2;5;5;5m [0m[38;2;242;242;242;48;2;5;5;5m [0m[38;2;242;242;242;48;2;5;5;5m [0m[38;2;242;242;242;48;2;5;5;5m [0m[38;2;230;62;76;48;2;5;5;5m▄[0m[38;2;230;62;76;48;2;5;5;5m▄[0m[38;2;242;242;242;48;2;5;5;5m [0m[38;2;242;242;242;48;2;5;5;5m [0m[38;2;242;242;242;48;2;5;5;5m [0m[38;2;242;242;242;48;2;5;5;5m [0m[38;2;242;242;242;48;2;5;5;5m [0m[38;2;242;242;242;48;2;5;5;5m [0m[38;2;242;242;242;48;2;5;5;5m [0m[38;2;214;70;82;48;2;5;5;5m▁[0m[38;2;214;70;82;48;2;5;5;5m▁[0m[38;2;214;70;82;48;2;5;5;5m▁[0m[38;2;242;242;242;48;2;5;5;5m [0m[38;2;242;242;242;48;2;5;5;5m [0m[38;2;224;65;78;48;2;5;5;5m▂[0m[38;2;224;65;78;48;2;5;5;5m▂[0m[38;2;242;242;242;48;2;5;5;5m [0m[38;2;242;242;242;48;2;5;5;5m [0m[38;2;216;68;81;48;2;5;5;5m▁[0m[38;2;216;68;81;48;2;5;5;5m▁[0m[38;2;216;68;81;48;2;5;5;5m▁[0m[38;2;246;55;71;48;2;5;5;5m▆[0m[38;2;246;55;71;48;2;5;5;5m▆[0m[38;2;239;58;73;48;2;5;5;5m▅[0m[38;2;239;58;73;48;2;5;5;5m▅[0m[38;2;249;53;69;48;2;5;5;5m▇[0m[38;2;249;53;69;48;2;5;5;5m▇[0m[38;2;249;53;69;48;2;5;5;5m▇[0m[38;2;248;54;70;48;2;5;5;5m▆[0m[38;2;248;54;70;48;2;5;5;5m▆[0m[38;2;249;53;69;48;2;5;5;5m▇[0m[38;2;249;53;69;48;2;5;5;5m▇[0m[38;2;215;69;81;48;2;5;5;5m▁[0m[38;2;215;69;81;48;2;5;5;5m▁[0m[38;2;215;69;81;48;2;5;5;5m▁[0m[38;2;255;51;68;48;2;5;5;5m█[0m[38;2;255;51;68;48;2;5;5;5m█[0m[38;2;244;55;71;48;2;5;5;5m▆[0m[38;2;244;55;71;48;2;5;5;5m▆[0m[38;2;242;56;72;48;2;5;5;5m▆[0m[38;2;242;56;72;48;2;5;5;5m▆[0m[38;2;244;55;71;48;2;5;5;5m▆[0m[38;2;244;55;71;48;2;5;5;5m▆[0m[38;2;244;55;71;48;2;5;5;5m▆[0m[38;2;233;61;75;48;2;5;5;5m▄[0m[38;2;233;61;75;48;2;5;5;5m▄[0m[38;2;242;242;242;48;2;5;5;5m [0m[38;2;242;242;242;48;2;5;5;5m [0m[38;2;239;58;73;48;2;5;5;5m▅[0m[38;2;239;58;73;48;2;5;5;5m▅[0m[38;2;239;58;73;48;2;5;5;5m▅[0m[38;2;242;242;242;48;2;5;5;5m [0m[38;2;242;242;242;48;2;5;5;5m [0m[38;2;242;242;242;48;2;5;5;5m [0m[38;2;242;242;242;48;2;5;5;5m [0m[38;2;242;242;242;48;2;5;5;5m [0m[38;2;242;242;242;48;2;5;5;5m [0m[38;2;242;242;242;48;2;5;5;5m [0m[38;2;242;242;242;48;2;5;5;5m [0m[38;2;242;242;242;48;2;5;5;5m [0m[38;2;242;242;242;48;2;5;5;5m [0m[38;2;242;242;242;48;2;5;5;5m [0m[38;2;242;242;242;48;2;5;5;5m [0m[38;2;242;242;242;48;2;5;5;5m [0m[41;180H
[42;1H[48;2;5;5;5m [0m[1;38;2;242;242;242;48;2;5;5;5m  54 [0m[38;2;242;242;242;48;2;5;5;5mPiecoin      → TruffleHog  [0m[38;2;163;163;163;48;2;5;5;5m  883 seq[0m[48;2;5;5;5m                                                                 [0m[48;2;5;5;5m [0m[42;109H
[42;111H[38;2;207;72;84;48;2;5;5;5m█[0m[38;2;207;72;84;48;2;5;5;5m█[0m[38;2;207;72;84;48;2;5;5;5m█[0m[38;2;211;71;83;48;2;5;5;5m█[0m[38;2;211;71;83;48;2;5;5;5m█[0m[38;2;230;62;76;48;2;5;5;5m█[0m[38;2;230;62;76;48;2;5;5;5m█[0m[38;2;210;71;83;48;2;5;5;5m█[0m[38;2;210;71;83;48;2;5;5;5m█[0m[38;2;210;71;83;48;2;5;5;5m█[0m[38;2;200;76;86;48;2;5;5;5m▆[0m[38;2;200;76;86;48;2;5;5;5m▆[0m[38;2;193;79;89;48;2;5;5;5m▅[0m[38;2;193;79;89;48;2;5;5;5m▅[0m[38;2;214;70;82;48;2;5;5;5m█[0m[38;2;214;70;82;48;2;5;5;5m█[0m[38;2;214;70;82;48;2;5;5;5m█[0m[38;2;177;87;94;48;2;5;5;5m▃[0m[38;2;177;87;94;48;2;5;5;5m▃[0m[38;2;224;65;78;48;2;5;5;5m█[0m[38;2;224;65;78;48;2;5;5;5m█[0m[38;2;208;72;84;48;2;5;5;5m█[0m[38;2;208;72;84;48;2;5;5;5m█[0m[38;2;216;68;81;48;2;5;5;5m█[0m[38;2;216;68;81;48;2;5;5;5m█[0m[38;2;216;68;81;48;2;5;5;5m█[0m[38;2;246;55;71;48;2;5;5;5m█[0m[38;2;246;55;71;48;2;5;5;5m█[0m[38;2;239;58;73;48;2;5;5;5m█[0m[38;2;239;58;73;48;2;5;5;5m█[0m[38;2;249;53;69;48;2;5;5;5m█[0m[38;2;249;53;69;48;2;5;5;5m█[0m[38;2;249;53;69;48;2;5;5;5m█[0m[38;2;248;54;70;48;2;5;5;5m█[0m[38;2;248;54;70;48;2;5;5;5m█[0m[38;2;249;53;69;48;2;5;5;5m█[0m[38;2;249;53;69;48;2;5;5;5m█[0m[38;2;215;69;81;48;2;5;5;5m█[0m[38;2;215;69;81;48;2;5;5;5m█[0m[38;2;215;69;81;48;2;5;5;5m█[0m[38;2;255;51;68;48;2;5;5;5m█[0m[38;2;255;51;68;48;2;5;5;5m█[0m[38;2;244;55;71;48;2;5;5;5m█[0m[38;2;244;55;71;48;2;5;5;5m█[0m[38;2;242;56;72;48;2;5;5;5m█[0m[38;2;242;56;72;48;2;5;5;5m█[0m[38;2;244;55;71;48;2;5;5;5m█[0m[38;2;244;55;71;48;2;5;5;5m█[0m[38;2;244;55;71;48;2;5;5;5m█[0m[38;2;233;61;75;48;2;5;5;5m█[0m[38;2;233;61;75;48;2;5;5;5m█[0m[38;2;193;79;89;48;2;5;5;5m▅[0m[38;2;193;79;89;48;2;5;5;5m▅[0m[38;2;239;58;73;48;2;5;5;5m█[0m[38;2;239;58;73;48;2;5;5;5m█[0m[38;2;239;58;73;48;2;5;5;5m█[0m[38;2;242;242;242;48;2;5;5;5m [0m[38;2;242;242;242;48;2;5;5;5m [0m[38;2;242;242;242;48;2;5;5;5m [0m[38;2;242;242;242;48;2;5;5;5m [0m[38;2;242;242;242;48;2;5;5;5m [0m[38;2;242;242;242;48;2;5;5;5m [0m[38;2;242;242;242;48;2;5;5;5m [0m[38;2;242;242;242;48;2;5;5;5m [0m[38;2;242;242;242;48;2;5;5;5m [0m[38;2;242;242;242;48;2;5;5;5m [0m[38;2;242;242;242;48;2;5;5;5m [0m[38;2;242;242;242;48;2;5;5;5m [0m[38;2;242;242;242;48;2;5;5;5m [0m[42;180H
[43;1H[48;2;5;5;5m [0m[1;38;2;242;242;242;48;2;5;5;5m  28 [0m[38;2;242;242;242;48;2;5;5;5megregore     → credit      [0m[38;2;163;163;163;48;2;5;5;5m  169 seq[0m[48;2;5;5;5m                                                                 [0m[48;2;5;5;5m [0m[43;109H
[43;111H[38;2;207;72;84;48;2;5;5;5m█[0m[38;2;207;72;84;48;2;5;5;5m█[0m[38;2;207;72;84;48;2;5;5;5m█[0m[38;2;211;71;83;48;2;5;5;5m█[0m[38;2;211;71;83;48;2;5;5;5m█[0m[38;2;230;62;76;48;2;5;5;5m█[0m[38;2;230;62;76;48;2;5;5;5m█[0m[38;2;210;71;83;48;2;5;5;5m█[0m[38;2;210;71;83;48;2;5;5;5m█[0m[38;2;210;71;83;48;2;5;5;5m█[0m[38;2;200;76;86;48;2;5;5;5m█[0m[38;2;200;76;86;48;2;5;5;5m█[0m[38;2;193;79;89;48;2;5;5;5m█[0m[38;2;193;79;89;48;2;5;5;5m█[0m[38;2;214;70;82;48;2;5;5;5m█[0m[38;2;214;70;82;48;2;5;5;5m█[0m[38;2;214;70;82;48;2;5;5;5m█[0m[38;2;177;87;94;48;2;5;5;5m█[0m[38;2;177;87;94;48;2;5;5;5m█[0m[38;2;224;65;78;48;2;5;5;5m█[0m[38;2;224;65;78;48;2;5;5;5m█[0m[38;2;208;72;84;48;2;5;5;5m█[0m[38;2;208;72;84;48;2;5;5;5m█[0m[38;2;216;68;81;48;2;5;5;5m█[0m[38;2;216;68;81;48;2;5;5;5m█[0m[38;2;216;68;81;48;2;5;5;5m█[0m[38;2;246;55;71;48;2;5;5;5m█[0m[38;2;246;55;71;48;2;5;5;5m█[0m[38;2;239;58;73;48;2;5;5;5m█[0m[38;2;239;58;73;48;2;5;5;5m█[0m[38;2;249;53;69;48;2;5;5;5m█[0m[38;2;249;53;69;48;2;5;5;5m█[0m[38;2;249;53;69;48;2;5;5;5m█[0m[38;2;248;54;70;48;2;5;5;5m█[0m[38;2;248;54;70;48;2;5;5;5m█[0m[38;2;249;53;69;48;2;5;5;5m█[0m[38;2;249;53;69;48;2;5;5;5m█[0m[38;2;215;69;81;48;2;5;5;5m█[0m[38;2;215;69;81;48;2;5;5;5m█[0m[38;2;215;69;81;48;2;5;5;5m█[0m[38;2;255;51;68;48;2;5;5;5m█[0m[38;2;255;51;68;48;2;5;5;5m█[0m[38;2;244;55;71;48;2;5;5;5m█[0m[38;2;244;55;71;48;2;5;5;5m█[0m[38;2;242;56;72;48;2;5;5;5m█[0m[38;2;242;56;72;48;2;5;5;5m█[0m[38;2;244;55;71;48;2;5;5;5m█[0m[38;2;244;55;71;48;2;5;5;5m█[0m[38;2;244;55;71;48;2;5;5;5m█[0m[38;2;233;61;75;48;2;5;5;5m█[0m[38;2;233;61;75;48;2;5;5;5m█[0m[38;2;193;79;89;48;2;5;5;5m█[0m[38;2;193;79;89;48;2;5;5;5m█[0m[38;2;239;58;73;48;2;5;5;5m█[0m[38;2;239;58;73;48;2;5;5;5m█[0m[38;2;239;58;73;48;2;5;5;5m█[0m[38;2;116;116;116;48;2;5;5;5m▁[0m[38;2;116;116;116;48;2;5;5;5m▁[0m[38;2;116;116;116;48;2;5;5;5m▁[0m[38;2;116;116;116;48;2;5;5;5m▁[0m[38;2;116;116;116;48;2;5;5;5m▁[0m[38;2;116;116;116;48;2;5;5;5m▁[0m[38;2;116;116;116;48;2;5;5;5m▁[0m[38;2;116;116;116;48;2;5;5;5m▁[0m[38;2;116;116;116;48;2;5;5;5m▁[0m[38;2;116;116;116;48;2;5;5;5m▁[0m[38;2;116;116;116;48;2;5;5;5m▁[0m[38;2;116;116;116;48;2;5;5;5m▁[0m[38;2;116;116;116;48;2;5;5;5m▁[0m[43;180H
[44;1H[48;2;5;5;5m [0m[1;38;2;242;242;242;48;2;5;5;5m  25 [0m[38;2;242;242;242;48;2;5;5;5mRACE         → OPEN YIELD  [0m[38;2;163;163;163;48;2;5;5;5m  53 seq[0m[48;2;5;5;5m                                                                  [0m[48;2;5;5;5m [0m[44;109H
[44;111H[38;2;163;163;163;48;2;5;5;5m16:59:56 → 17:29:56 UTC · peak 266/bucket · total 5000[0m[48;2;5;5;5m               [0m[44;180H
[45;1H[48;2;5;5;5m [0m[1;38;2;242;242;242;48;2;5;5;5m  23 [0m[38;2;242;242;242;48;2;5;5;5mDOME         → SAGA        [0m[38;2;163;163;163;48;2;5;5;5m  61 seq[0m[48;2;5;5;5m                                                                  [0m[48;2;5;5;5m [0m[45;109H
[46;1H[48;2;5;5;5m [0m[1;38;2;242;242;242;48;2;5;5;5m  22 [0m[38;2;242;242;242;48;2;5;5;5mSTOXA        → EQSO        [0m[38;2;163;163;163;48;2;5;5;5m  27 seq[0m[48;2;5;5;5m                                                                  [0m[48;2;5;5;5m [0m[46;109H
[47;1H[48;2;5;5;5m [0m[1;38;2;242;242;242;48;2;5;5;5m  21 [0m[38;2;242;242;242;48;2;5;5;5mRBNHD        → egregore    [0m[38;2;163;163;163;48;2;5;5;5m  198 seq[0m[48;2;5;5;5m                                                                 [0m[48;2;5;5;5m [0m[47;109H[2;5H[8;111H[1;38;2;242;242;242;48;2;5;5;5mPiecoin → TruffleHog[0m[48;2;5;5;5m                                                 [0m[8;180H
[9;1H[38;2;163;163;163;48;2;15;15;15m   [0m[38;2;163;163;163;48;2;15;15;15m TIME UTC   [0m[38;2;163;163;163;48;2;15;15;15m WALLET        [0m[38;2;163;163;163;48;2;15;15;15m SOLD           [0m[38;2;163;163;163;48;2;15;15;15m   [0m[38;2;163;163;163;48;2;15;15;15m BOUGHT       [0m[38;2;163;163;163;48;2;15;15;15m GAP      [0m[38;2;163;163;163;48;2;15;15;15m GRADE     [0m[38;2;163;163;163;48;2;15;15;15m                      [0m[9;107H[38;2;242;242;242;48;2;5;5;5m  [0m[9;109H
[9;111H[38;2;163;163;163;48;2;5;5;5m0x6c36…1a01 → 0x4ad5…7b08[0m[48;2;5;5;5m                                            [0m[9;180H
[10;1H[38;2;242;242;242;48;2;15;15;15m [0m[38;2;255;51;68;48;2;15;15;15m▌[0m[38;2;242;242;242;48;2;15;15;15m [0m[38;2;242;242;242;48;2;15;15;15m [0m[38;2;163;163;163;48;2;15;15;15m17:23:45≈[0m[38;2;242;242;242;48;2;15;15;15m  [0m[38;2;242;242;242;48;2;15;15;15m [0m[38;2;163;163;163;48;2;15;15;15m0x8de3…1f75[0m[38;2;242;242;242;48;2;15;15;15m   [0m[38;2;242;242;242;48;2;15;15;15m Piecoin        [0m[38;2;242;242;242;48;2;15;15;15m [0m[38;2;255;51;68;48;2;15;15;15m→[0m[38;2;242;242;242;48;2;15;15;15m [0m[38;2;242;242;242;48;2;15;15;15m TruffleHog   [0m[38;2;242;242;242;48;2;15;15;15m [0m[38;2;163;163;163;48;2;15;15;15m13m38s[0m[38;2;242;242;242;48;2;15;15;15m   [0m[38;2;242;242;242;48;2;15;15;15m clean     [0m[38;2;242;242;242;48;2;15;15;15m                      [0m[10;107H[38;2;242;242;242;48;2;5;5;5m  [0m[10;109H
[10;111H[38;2;242;242;242;48;2;5;5;5m[0m[48;2;5;5;5m                                                                     [0m[10;180H
[11;1H[38;2;242;242;242;48;2;15;15;15m [0m[38;2;255;51;68;48;2;15;15;15m▌[0m[38;2;242;242;242;48;2;15;15;15m [0m[38;2;242;242;242;48;2;15;15;15m [0m[38;2;163;163;163;48;2;15;15;15m17:23:45≈[0m[38;2;242;242;242;48;2;15;15;15m  [0m[38;2;242;242;242;48;2;15;15;15m [0m[38;2;163;163;163;48;2;15;15;15m0x116b…9dfc[0m[38;2;242;242;242;48;2;15;15;15m   [0m[38;2;242;242;242;48;2;15;15;15m KARIVM         [0m[38;2;242;242;242;48;2;15;15;15m [0m[38;2;255;51;68;48;2;15;15;15m→[0m[38;2;242;242;242;48;2;15;15;15m [0m[38;2;242;242;242;48;2;15;15;15m AC           [0m[38;2;242;242;242;48;2;15;15;15m [0m[38;2;163;163;163;48;2;15;15;15m2m13s[0m[38;2;242;242;242;48;2;15;15;15m    [0m[38;2;242;242;242;48;2;15;15;15m clean     [0m[38;2;242;242;242;48;2;15;15;15m                      [0m[11;107H[38;2;242;242;242;48;2;5;5;5m  [0m[11;109H
[11;111H[38;2;242;242;242;48;2;5;5;5mwallet 0xd726…7397[0m[48;2;5;5;5m                                                   [0m[11;180H
[12;1H[38;2;242;242;242;48;2;15;15;15m [0m[38;2;255;51;68;48;2;15;15;15m▌[0m[38;2;242;242;242;48;2;15;15;15m [0m[38;2;242;242;242;48;2;15;15;15m [0m[38;2;163;163;163;48;2;15;15;15m17:23:45≈[0m[38;2;242;242;242;48;2;15;15;15m  [0m[38;2;242;242;242;48;2;15;15;15m [0m[38;2;163;163;163;48;2;15;15;15m0x73fc…671c[0m[38;2;242;242;242;48;2;15;15;15m   [0m[38;2;242;242;242;48;2;15;15;15m KARIVM         [0m[38;2;242;242;242;48;2;15;15;15m [0m[38;2;255;51;68;48;2;15;15;15m→[0m[38;2;242;242;242;48;2;15;15;15m [0m[38;2;242;242;242;48;2;15;15;15m AC           [0m[38;2;242;242;242;48;2;15;15;15m [0m[38;2;163;163;163;48;2;15;15;15m2m13s[0m[38;2;242;242;242;48;2;15;15;15m    [0m[38;2;242;242;242;48;2;15;15;15m clean     [0m[38;2;242;242;242;48;2;15;15;15m                      [0m[12;107H[38;2;242;242;242;48;2;5;5;5m  [0m[12;109H
[12;111H[38;2;163;163;163;48;2;5;5;5msold   17:10:09 UTC[0m[48;2;5;5;5m                                                  [0m[12;180H
[13;1H[38;2;242;242;242;48;2;15;15;15m [0m[38;2;255;51;68;48;2;15;15;15m▌[0m[38;2;242;242;242;48;2;15;15;15m [0m[38;2;242;242;242;48;2;15;15;15m [0m[38;2;163;163;163;48;2;15;15;15m17:23:45≈[0m[38;2;242;242;242;48;2;15;15;15m  [0m[38;2;242;242;242;48;2;15;15;15m [0m[38;2;163;163;163;48;2;15;15;15m0x7a55…8f68[0m[38;2;242;242;242;48;2;15;15;15m   [0m[38;2;242;242;242;48;2;15;15;15m RFLCT10        [0m[38;2;242;242;242;48;2;15;15;15m [0m[38;2;255;51;68;48;2;15;15;15m→[0m[38;2;242;242;242;48;2;15;15;15m [0m[38;2;242;242;242;48;2;15;15;15m FEEZ         [0m[38;2;242;242;242;48;2;15;15;15m [0m[38;2;163;163;163;48;2;15;15;15msame tx[0m[38;2;242;242;242;48;2;15;15;15m  [0m[38;2;242;242;242;48;2;15;15;15m direct    [0m[38;2;242;242;242;48;2;15;15;15m                      [0m[13;107H[38;2;242;242;242;48;2;5;5;5m  [0m[13;109H
[13;111H[38;2;163;163;163;48;2;5;5;5mbought 17:23:51≈ UTC · gap 13m42s · clean[0m[48;2;5;5;5m                            [0m[13;180H
[14;1H[38;2;242;242;242;48;2;15;15;15m [0m[38;2;255;51;68;48;2;15;15;15m▌[0m[38;2;242;242;242;48;2;15;15;15m [0m[38;2;242;242;242;48;2;15;15;15m [0m[38;2;163;163;163;48;2;15;15;15m17:23:46≈[0m[38;2;242;242;242;48;2;15;15;15m  [0m[38;2;242;242;242;48;2;15;15;15m [0m[38;2;163;163;163;48;2;15;15;15m0xf092…27b7[0m[38;2;242;242;242;48;2;15;15;15m   [0m[38;2;242;242;242;48;2;15;15;15m CATK           [0m[38;2;242;242;242;48;2;15;15;15m [0m[38;2;255;51;68;48;2;15;15;15m→[0m[38;2;242;242;242;48;2;15;15;15m [0m[38;2;242;242;242;48;2;15;15;15m SSD5000      [0m[38;2;242;242;242;48;2;15;15;15m [0m[38;2;163;163;163;48;2;15;15;15m29m08s[0m[38;2;242;242;242;48;2;15;15;15m   [0m[38;2;242;242;242;48;2;15;15;15m clean     [0m[38;2;242;242;242;48;2;15;15;15m                      [0m[14;107H[38;2;242;242;242;48;2;5;5;5m  [0m[14;109H
[14;111H[38;2;163;163;163;48;2;5;5;5msell tx 0x48e4…d4e7[0m[48;2;5;5;5m                                                  [0m[14;180H
[15;1H[38;2;242;242;242;48;2;15;15;15m [0m[38;2;255;51;68;48;2;15;15;15m▌[0m[38;2;242;242;242;48;2;15;15;15m [0m[38;2;242;242;242;48;2;15;15;15m [0m[38;2;163;163;163;48;2;15;15;15m17:23:46≈[0m[38;2;242;242;242;48;2;15;15;15m  [0m[38;2;242;242;242;48;2;15;15;15m [0m[38;2;163;163;163;48;2;15;15;15m0xb4f5…7de4[0m[38;2;242;242;242;48;2;15;15;15m   [0m[38;2;242;242;242;48;2;15;15;15m Piecoin        [0m[38;2;242;242;242;48;2;15;15;15m [0m[38;2;255;51;68;48;2;15;15;15m→[0m[38;2;242;242;242;48;2;15;15;15m [0m[38;2;242;242;242;48;2;15;15;15m TruffleHog   [0m[38;2;242;242;242;48;2;15;15;15m [0m[38;2;163;163;163;48;2;15;15;15m13m39s[0m[38;2;242;242;242;48;2;15;15;15m   [0m[38;2;242;242;242;48;2;15;15;15m clean     [0m[38;2;242;242;242;48;2;15;15;15m                      [0m[15;107H[38;2;242;242;242;48;2;5;5;5m  [0m[15;109H
[15;111H[38;2;163;163;163;48;2;5;5;5mbuy tx  0x282f…aa22[0m[48;2;5;5;5m                                                  [0m[15;180H
[16;1H[38;2;242;242;242;48;2;15;15;15m [0m[38;2;255;51;68;48;2;15;15;15m▌[0m[38;2;242;242;242;48;2;15;15;15m [0m[38;2;242;242;242;48;2;15;15;15m [0m[38;2;163;163;163;48;2;15;15;15m17:23:46≈[0m[38;2;242;242;242;48;2;15;15;15m  [0m[38;2;242;242;242;48;2;15;15;15m [0m[38;2;163;163;163;48;2;15;15;15m0x2db1…f48f[0m[38;2;242;242;242;48;2;15;15;15m   [0m[38;2;242;242;242;48;2;15;15;15m Piecoin        [0m[38;2;242;242;242;48;2;15;15;15m [0m[38;2;255;51;68;48;2;15;15;15m→[0m[38;2;242;242;242;48;2;15;15;15m [0m[38;2;242;242;242;48;2;15;15;15m TruffleHog   [0m[38;2;242;242;242;48;2;15;15;15m [0m[38;2;163;163;163;48;2;15;15;15m13m37s[0m[38;2;242;242;242;48;2;15;15;15m   [0m[38;2;242;242;242;48;2;15;15;15m clean     [0m[38;2;242;242;242;48;2;15;15;15m                      [0m[16;107H[38;2;242;242;242;48;2;5;5;5m  [0m[16;109H
[16;111H[38;2;242;242;242;48;2;5;5;5m[0m[48;2;5;5;5m                                                                     [0m[16;180H
[17;1H[38;2;242;242;242;48;2;15;15;15m [0m[38;2;255;51;68;48;2;15;15;15m▌[0m[38;2;242;242;242;48;2;15;15;15m [0m[38;2;242;242;242;48;2;15;15;15m [0m[38;2;163;163;163;48;2;15;15;15m17:23:46≈[0m[38;2;242;242;242;48;2;15;15;15m  [0m[38;2;242;242;242;48;2;15;15;15m [0m[38;2;163;163;163;48;2;15;15;15m0x3c94…f9d4[0m[38;2;242;242;242;48;2;15;15;15m   [0m[38;2;242;242;242;48;2;15;15;15m Piecoin        [0m[38;2;242;242;242;48;2;15;15;15m [0m[38;2;255;51;68;48;2;15;15;15m→[0m[38;2;242;242;242;48;2;15;15;15m [0m[38;2;242;242;242;48;2;15;15;15m TruffleHog   [0m[38;2;242;242;242;48;2;15;15;15m [0m[38;2;163;163;163;48;2;15;15;15m13m37s[0m[38;2;242;242;242;48;2;15;15;15m   [0m[38;2;242;242;242;48;2;15;15;15m clean     [0m[38;2;242;242;242;48;2;15;15;15m                      [0m[17;107H[38;2;242;242;242;48;2;5;5;5m  [0m[17;109H
[17;111H[38;2;116;116;116;48;2;5;5;5mEnter: all wallets on this pair[0m[48;2;5;5;5m                                      [0m[17;180H
[18;1H[38;2;242;242;242;48;2;15;15;15m [0m[38;2;255;51;68;48;2;15;15;15m▌[0m[38;2;242;242;242;48;2;15;15;15m [0m[38;2;242;242;242;48;2;15;15;15m [0m[38;2;163;163;163;48;2;15;15;15m17:23:46≈[0m[38;2;242;242;242;48;2;15;15;15m  [0m[38;2;242;242;242;48;2;15;15;15m [0m[38;2;163;163;163;48;2;15;15;15m0xd60c…7ab6[0m[38;2;242;242;242;48;2;15;15;15m   [0m[38;2;242;242;242;48;2;15;15;15m Piecoin        [0m[38;2;242;242;242;48;2;15;15;15m [0m[38;2;255;51;68;48;2;15;15;15m→[0m[38;2;242;242;242;48;2;15;15;15m [0m[38;2;242;242;242;48;2;15;15;15m TruffleHog   [0m[38;2;242;242;242;48;2;15;15;15m [0m[38;2;163;163;163;48;2;15;15;15m13m37s[0m[38;2;242;242;242;48;2;15;15;15m   [0m[38;2;242;242;242;48;2;15;15;15m clean     [0m[38;2;242;242;242;48;2;15;15;15m                      [0m[18;107H[38;2;242;242;242;48;2;5;5;5m  [0m[18;109H
[19;1H[38;2;242;242;242;48;2;15;15;15m [0m[38;2;255;51;68;48;2;15;15;15m▌[0m[38;2;242;242;242;48;2;15;15;15m [0m[38;2;242;242;242;48;2;15;15;15m [0m[38;2;163;163;163;48;2;15;15;15m17:23:46≈[0m[38;2;242;242;242;48;2;15;15;15m  [0m[38;2;242;242;242;48;2;15;15;15m [0m[38;2;163;163;163;48;2;15;15;15m0xa214…165d[0m[38;2;242;242;242;48;2;15;15;15m   [0m[38;2;242;242;242;48;2;15;15;15m WHLR           [0m[38;2;242;242;242;48;2;15;15;15m [0m[38;2;255;51;68;48;2;15;15;15m→[0m[38;2;242;242;242;48;2;15;15;15m [0m[38;2;242;242;242;48;2;15;15;15m CLUBY        [0m[38;2;242;242;242;48;2;15;15;15m [0m[38;2;163;163;163;48;2;15;15;15m8m03s[0m[38;2;242;242;242;48;2;15;15;15m    [0m[38;2;242;242;242;48;2;15;15;15m clean     [0m[38;2;242;242;242;48;2;15;15;15m                      [0m[19;107H[38;2;242;242;242;48;2;5;5;5m  [0m[19;109H
[20;1H[38;2;242;242;242;48;2;15;15;15m [0m[38;2;255;51;68;48;2;15;15;15m▌[0m[38;2;242;242;242;48;2;15;15;15m [0m[38;2;242;242;242;48;2;15;15;15m [0m[38;2;163;163;163;48;2;15;15;15m17:23:47≈[0m[38;2;242;242;242;48;2;15;15;15m  [0m[38;2;242;242;242;48;2;15;15;15m [0m[38;2;163;163;163;48;2;15;15;15m0x24d6…2f0b[0m[38;2;242;242;242;48;2;15;15;15m   [0m[38;2;242;242;242;48;2;15;15;15m Piecoin        [0m[38;2;242;242;242;48;2;15;15;15m [0m[38;2;255;51;68;48;2;15;15;15m→[0m[38;2;242;242;242;48;2;15;15;15m [0m[38;2;242;242;242;48;2;15;15;15m TruffleHog   [0m[38;2;242;242;242;48;2;15;15;15m [0m[38;2;163;163;163;48;2;15;15;15m13m40s[0m[38;2;242;242;242;48;2;15;15;15m   [0m[38;2;242;242;242;48;2;15;15;15m clean     [0m[38;2;242;242;242;48;2;15;15;15m                      [0m[20;107H[38;2;242;242;242;48;2;5;5;5m  [0m[20;109H
[21;1H[38;2;242;242;242;48;2;15;15;15m [0m[38;2;255;51;68;48;2;15;15;15m▌[0m[38;2;242;242;242;48;2;15;15;15m [0m[38;2;242;242;242;48;2;15;15;15m [0m[38;2;163;163;163;48;2;15;15;15m17:23:47≈[0m[38;2;242;242;242;48;2;15;15;15m  [0m[38;2;242;242;242;48;2;15;15;15m [0m[38;2;163;163;163;48;2;15;15;15m0xca17…7552[0m[38;2;242;242;242;48;2;15;15;15m   [0m[38;2;242;242;242;48;2;15;15;15m Piecoin        [0m[38;2;242;242;242;48;2;15;15;15m [0m[38;2;255;51;68;48;2;15;15;15m→[0m[38;2;242;242;242;48;2;15;15;15m [0m[38;2;242;242;242;48;2;15;15;15m TruffleHog   [0m[38;2;242;242;242;48;2;15;15;15m [0m[38;2;163;163;163;48;2;15;15;15m13m38s[0m[38;2;242;242;242;48;2;15;15;15m   [0m[38;2;242;242;242;48;2;15;15;15m clean     [0m[38;2;242;242;242;48;2;15;15;15m                      [0m[21;107H[38;2;242;242;242;48;2;5;5;5m  [0m[21;109H
[22;1H[38;2;242;242;242;48;2;15;15;15m [0m[38;2;255;51;68;48;2;15;15;15m▌[0m[38;2;242;242;242;48;2;15;15;15m [0m[38;2;242;242;242;48;2;15;15;15m [0m[38;2;163;163;163;48;2;15;15;15m17:23:48≈[0m[38;2;242;242;242;48;2;15;15;15m  [0m[38;2;242;242;242;48;2;15;15;15m [0m[38;2;163;163;163;48;2;15;15;15m0x432f…eb30[0m[38;2;242;242;242;48;2;15;15;15m   [0m[38;2;242;242;242;48;2;15;15;15m Piecoin        [0m[38;2;242;242;242;48;2;15;15;15m [0m[38;2;255;51;68;48;2;15;15;15m→[0m[38;2;242;242;242;48;2;15;15;15m [0m[38;2;242;242;242;48;2;15;15;15m TruffleHog   [0m[38;2;242;242;242;48;2;15;15;15m [0m[38;2;163;163;163;48;2;15;15;15m13m39s[0m[38;2;242;242;242;48;2;15;15;15m   [0m[38;2;242;242;242;48;2;15;15;15m clean     [0m[38;2;242;242;242;48;2;15;15;15m                      [0m[22;107H[38;2;242;242;242;48;2;5;5;5m  [0m[22;109H
[23;1H[38;2;242;242;242;48;2;15;15;15m [0m[38;2;255;51;68;48;2;15;15;15m▌[0m[38;2;242;242;242;48;2;15;15;15m [0m[38;2;242;242;242;48;2;15;15;15m [0m[38;2;163;163;163;48;2;15;15;15m17:23:48≈[0m[38;2;242;242;242;48;2;15;15;15m  [0m[38;2;242;242;242;48;2;15;15;15m [0m[38;2;163;163;163;48;2;15;15;15m0x5d35…6b5a[0m[38;2;242;242;242;48;2;15;15;15m   [0m[38;2;242;242;242;48;2;15;15;15m Piecoin        [0m[38;2;242;242;242;48;2;15;15;15m [0m[38;2;255;51;68;48;2;15;15;15m→[0m[38;2;242;242;242;48;2;15;15;15m [0m[38;2;242;242;242;48;2;15;15;15m TruffleHog   [0m[38;2;242;242;242;48;2;15;15;15m [0m[38;2;163;163;163;48;2;15;15;15m13m39s[0m[38;2;242;242;242;48;2;15;15;15m   [0m[38;2;242;242;242;48;2;15;15;15m clean     [0m[38;2;242;242;242;48;2;15;15;15m                      [0m[23;107H[38;2;242;242;242;48;2;5;5;5m  [0m[23;109H
[24;1H[38;2;242;242;242;48;2;15;15;15m [0m[38;2;255;51;68;48;2;15;15;15m▌[0m[38;2;242;242;242;48;2;15;15;15m [0m[38;2;242;242;242;48;2;15;15;15m [0m[38;2;163;163;163;48;2;15;15;15m17:23:48≈[0m[38;2;242;242;242;48;2;15;15;15m  [0m[38;2;242;242;242;48;2;15;15;15m [0m[38;2;163;163;163;48;2;15;15;15m0x72b6…afea[0m[38;2;242;242;242;48;2;15;15;15m   [0m[38;2;242;242;242;48;2;15;15;15m Piecoin        [0m[38;2;242;242;242;48;2;15;15;15m [0m[38;2;255;51;68;48;2;15;15;15m→[0m[38;2;242;242;242;48;2;15;15;15m [0m[38;2;242;242;242;48;2;15;15;15m TruffleHog   [0m[38;2;242;242;242;48;2;15;15;15m [0m[38;2;163;163;163;48;2;15;15;15m13m39s[0m[38;2;242;242;242;48;2;15;15;15m   [0m[38;2;242;242;242;48;2;15;15;15m clean     [0m[38;2;242;242;242;48;2;15;15;15m                      [0m[24;107H[38;2;242;242;242;48;2;5;5;5m  [0m[24;109H
[25;1H[38;2;242;242;242;48;2;15;15;15m [0m[38;2;255;51;68;48;2;15;15;15m▌[0m[38;2;242;242;242;48;2;15;15;15m [0m[38;2;242;242;242;48;2;15;15;15m [0m[38;2;163;163;163;48;2;15;15;15m17:23:49≈[0m[38;2;242;242;242;48;2;15;15;15m  [0m[38;2;242;242;242;48;2;15;15;15m [0m[38;2;163;163;163;48;2;15;15;15m0x774c…e1e6[0m[38;2;242;242;242;48;2;15;15;15m   [0m[38;2;242;242;242;48;2;15;15;15m PONSLAB        [0m[38;2;242;242;242;48;2;15;15;15m [0m[38;2;255;51;68;48;2;15;15;15m→[0m[38;2;242;242;242;48;2;15;15;15m [0m[38;2;242;242;242;48;2;15;15;15m POUNTY       [0m[38;2;242;242;242;48;2;15;15;15m [0m[38;2;163;163;163;48;2;15;15;15m4m41s[0m[38;2;242;242;242;48;2;15;15;15m    [0m[38;2;242;242;242;48;2;15;15;15m clean     [0m[38;2;242;242;242;48;2;15;15;15m                      [0m[25;107H[38;2;242;242;242;48;2;5;5;5m  [0m[25;109H
[26;1H[38;2;242;242;242;48;2;15;15;15m [0m[38;2;255;51;68;48;2;15;15;15m▌[0m[38;2;242;242;242;48;2;15;15;15m [0m[38;2;242;242;242;48;2;15;15;15m [0m[38;2;163;163;163;48;2;15;15;15m17:23:49≈[0m[38;2;242;242;242;48;2;15;15;15m  [0m[38;2;242;242;242;48;2;15;15;15m [0m[38;2;163;163;163;48;2;15;15;15m0xc76b…3490[0m[38;2;242;242;242;48;2;15;15;15m   [0m[38;2;242;242;242;48;2;15;15;15m Piecoin        [0m[38;2;242;242;242;48;2;15;15;15m [0m[38;2;255;51;68;48;2;15;15;15m→[0m[38;2;242;242;242;48;2;15;15;15m [0m[38;2;242;242;242;48;2;15;15;15m TruffleHog   [0m[38;2;242;242;242;48;2;15;15;15m [0m[38;2;163;163;163;48;2;15;15;15m13m42s[0m[38;2;242;242;242;48;2;15;15;15m   [0m[38;2;242;242;242;48;2;15;15;15m clean     [0m[38;2;242;242;242;48;2;15;15;15m                      [0m[26;107H[38;2;242;242;242;48;2;5;5;5m  [0m[26;109H
[27;1H[38;2;242;242;242;48;2;15;15;15m [0m[38;2;255;51;68;48;2;15;15;15m▌[0m[38;2;242;242;242;48;2;15;15;15m [0m[38;2;242;242;242;48;2;15;15;15m [0m[38;2;163;163;163;48;2;15;15;15m17:23:49≈[0m[38;2;242;242;242;48;2;15;15;15m  [0m[38;2;242;242;242;48;2;15;15;15m [0m[38;2;163;163;163;48;2;15;15;15m0xe0a4…a2b6[0m[38;2;242;242;242;48;2;15;15;15m   [0m[38;2;242;242;242;48;2;15;15;15m Piecoin        [0m[38;2;242;242;242;48;2;15;15;15m [0m[38;2;255;51;68;48;2;15;15;15m→[0m[38;2;242;242;242;48;2;15;15;15m [0m[38;2;242;242;242;48;2;15;15;15m TruffleHog   [0m[38;2;242;242;242;48;2;15;15;15m [0m[38;2;163;163;163;48;2;15;15;15m13m40s[0m[38;2;242;242;242;48;2;15;15;15m   [0m[38;2;242;242;242;48;2;15;15;15m clean     [0m[38;2;242;242;242;48;2;15;15;15m                      [0m[27;107H[38;2;242;242;242;48;2;5;5;5m  [0m[27;109H
[28;1H[38;2;242;242;242;48;2;15;15;15m [0m[38;2;255;51;68;48;2;15;15;15m▌[0m[38;2;242;242;242;48;2;15;15;15m [0m[38;2;242;242;242;48;2;15;15;15m [0m[38;2;163;163;163;48;2;15;15;15m17:23:49≈[0m[38;2;242;242;242;48;2;15;15;15m  [0m[38;2;242;242;242;48;2;15;15;15m [0m[38;2;163;163;163;48;2;15;15;15m0xe651…2963[0m[38;2;242;242;242;48;2;15;15;15m   [0m[38;2;242;242;242;48;2;15;15;15m Piecoin        [0m[38;2;242;242;242;48;2;15;15;15m [0m[38;2;255;51;68;48;2;15;15;15m→[0m[38;2;242;242;242;48;2;15;15;15m [0m[38;2;242;242;242;48;2;15;15;15m TruffleHog   [0m[38;2;242;242;242;48;2;15;15;15m [0m[38;2;163;163;163;48;2;15;15;15m13m39s[0m[38;2;242;242;242;48;2;15;15;15m   [0m[38;2;242;242;242;48;2;15;15;15m clean     [0m[38;2;242;242;242;48;2;15;15;15m                      [0m[28;107H[38;2;242;242;242;48;2;5;5;5m  [0m[28;109H
[29;1H[38;2;242;242;242;48;2;15;15;15m [0m[38;2;255;51;68;48;2;15;15;15m▌[0m[38;2;242;242;242;48;2;15;15;15m [0m[38;2;242;242;242;48;2;15;15;15m [0m[38;2;163;163;163;48;2;15;15;15m17:23:49≈[0m[38;2;242;242;242;48;2;15;15;15m  [0m[38;2;242;242;242;48;2;15;15;15m [0m[38;2;163;163;163;48;2;15;15;15m0x696d…7792[0m[38;2;242;242;242;48;2;15;15;15m   [0m[38;2;242;242;242;48;2;15;15;15m UBIK           [0m[38;2;242;242;242;48;2;15;15;15m [0m[38;2;255;51;68;48;2;15;15;15m→[0m[38;2;242;242;242;48;2;15;15;15m [0m[38;2;242;242;242;48;2;15;15;15m BUN          [0m[38;2;242;242;242;48;2;15;15;15m [0m[38;2;163;163;163;48;2;15;15;15m12m48s[0m[38;2;242;242;242;48;2;15;15;15m   [0m[38;2;242;242;242;48;2;15;15;15m clean     [0m[38;2;242;242;242;48;2;15;15;15m                      [0m[29;107H[38;2;242;242;242;48;2;5;5;5m  [0m[29;109H
[30;1H[38;2;242;242;242;48;2;15;15;15m [0m[38;2;255;51;68;48;2;15;15;15m▌[0m[38;2;242;242;242;48;2;15;15;15m [0m[38;2;242;242;242;48;2;15;15;15m [0m[38;2;163;163;163;48;2;15;15;15m17:23:50[0m[38;2;242;242;242;48;2;15;15;15m   [0m[38;2;242;242;242;48;2;15;15;15m [0m[38;2;163;163;163;48;2;15;15;15m0xc047…47fb[0m[38;2;242;242;242;48;2;15;15;15m   [0m[38;2;242;242;242;48;2;15;15;15m Piecoin        [0m[38;2;242;242;242;48;2;15;15;15m [0m[38;2;255;51;68;48;2;15;15;15m→[0m[38;2;242;242;242;48;2;15;15;15m [0m[38;2;242;242;242;48;2;15;15;15m TruffleHog   [0m[38;2;242;242;242;48;2;15;15;15m [0m[38;2;163;163;163;48;2;15;15;15m13m47s[0m[38;2;242;242;242;48;2;15;15;15m   [0m[38;2;242;242;242;48;2;15;15;15m clean     [0m[38;2;242;242;242;48;2;15;15;15m                      [0m[30;107H[38;2;242;242;242;48;2;5;5;5m  [0m[30;109H
[31;1H[38;2;242;242;242;48;2;15;15;15m [0m[38;2;255;51;68;48;2;15;15;15m▌[0m[38;2;242;242;242;48;2;15;15;15m [0m[38;2;242;242;242;48;2;15;15;15m [0m[38;2;163;163;163;48;2;15;15;15m17:23:50≈[0m[38;2;242;242;242;48;2;15;15;15m  [0m[38;2;242;242;242;48;2;15;15;15m [0m[38;2;163;163;163;48;2;15;15;15m0x7419…22fb[0m[38;2;242;242;242;48;2;15;15;15m   [0m[38;2;242;242;242;48;2;15;15;15m Piecoin        [0m[38;2;242;242;242;48;2;15;15;15m [0m[38;2;255;51;68;48;2;15;15;15m→[0m[38;2;242;242;242;48;2;15;15;15m [0m[38;2;242;242;242;48;2;15;15;15m TruffleHog   [0m[38;2;242;242;242;48;2;15;15;15m [0m[38;2;163;163;163;48;2;15;15;15m13m41s[0m[38;2;242;242;242;48;2;15;15;15m   [0m[38;2;242;242;242;48;2;15;15;15m clean     [0m[38;2;242;242;242;48;2;15;15;15m                      [0m[31;107H[38;2;242;242;242;48;2;5;5;5m  [0m[31;109H
[32;1H[38;2;242;242;242;48;2;15;15;15m [0m[38;2;255;51;68;48;2;15;15;15m▌[0m[38;2;242;242;242;48;2;15;15;15m [0m[38;2;242;242;242;48;2;15;15;15m [0m[38;2;163;163;163;48;2;15;15;15m17:23:50≈[0m[38;2;242;242;242;48;2;15;15;15m  [0m[38;2;242;242;242;48;2;15;15;15m [0m[38;2;163;163;163;48;2;15;15;15m0x0d48…6e49[0m[38;2;242;242;242;48;2;15;15;15m   [0m[38;2;242;242;242;48;2;15;15;15m Piecoin        [0m[38;2;242;242;242;48;2;15;15;15m [0m[38;2;255;51;68;48;2;15;15;15m→[0m[38;2;242;242;242;48;2;15;15;15m [0m[38;2;242;242;242;48;2;15;15;15m TruffleHog   [0m[38;2;242;242;242;48;2;15;15;15m [0m[38;2;163;163;163;48;2;15;15;15m13m40s[0m[38;2;242;242;242;48;2;15;15;15m   [0m[38;2;242;242;242;48;2;15;15;15m clean     [0m[38;2;242;242;242;48;2;15;15;15m                      [0m[32;107H[38;2;242;242;242;48;2;5;5;5m  [0m[32;109H
[33;1H[38;2;242;242;242;48;2;15;15;15m [0m[38;2;255;51;68;48;2;15;15;15m▌[0m[38;2;242;242;242;48;2;15;15;15m [0m[38;2;242;242;242;48;2;15;15;15m [0m[38;2;163;163;163;48;2;15;15;15m17:23:50≈[0m[38;2;242;242;242;48;2;15;15;15m  [0m[38;2;242;242;242;48;2;15;15;15m [0m[38;2;163;163;163;48;2;15;15;15m0xe6f5…927c[0m[38;2;242;242;242;48;2;15;15;15m   [0m[38;2;242;242;242;48;2;15;15;15m AA             [0m[38;2;242;242;242;48;2;15;15;15m [0m[38;2;255;51;68;48;2;15;15;15m→[0m[38;2;242;242;242;48;2;15;15;15m [0m[38;2;242;242;242;48;2;15;15;15m MOO          [0m[38;2;242;242;242;48;2;15;15;15m [0m[38;2;163;163;163;48;2;15;15;15msame tx[0m[38;2;242;242;242;48;2;15;15;15m  [0m[38;2;242;242;242;48;2;15;15;15m direct    [0m[38;2;242;242;242;48;2;15;15;15m                      [0m[33;107H[38;2;242;242;242;48;2;5;5;5m  [0m[33;109H
[34;1H[38;2;242;242;242;48;2;15;15;15m [0m[38;2;255;51;68;48;2;15;15;15m▌[0m[38;2;242;242;242;48;2;15;15;15m [0m[38;2;242;242;242;48;2;15;15;15m [0m[38;2;163;163;163;48;2;15;15;15m17:23:50≈[0m[38;2;242;242;242;48;2;15;15;15m  [0m[38;2;242;242;242;48;2;15;15;15m [0m[38;2;163;163;163;48;2;15;15;15m0xdec2…443f[0m[38;2;242;242;242;48;2;15;15;15m   [0m[38;2;242;242;242;48;2;15;15;15m RUN            [0m[38;2;242;242;242;48;2;15;15;15m [0m[38;2;255;51;68;48;2;15;15;15m→[0m[38;2;242;242;242;48;2;15;15;15m [0m[38;2;242;242;242;48;2;15;15;15m RUN          [0m[38;2;242;242;242;48;2;15;15;15m [0m[38;2;163;163;163;48;2;15;15;15m5m51s[0m[38;2;242;242;242;48;2;15;15;15m    [0m[38;2;242;242;242;48;2;15;15;15m clean     [0m[38;2;242;242;242;48;2;15;15;15m                      [0m[34;107H[38;2;242;242;242;48;2;5;5;5m  [0m[34;109H
[35;1H[38;2;242;242;242;48;2;15;15;15m [0m[38;2;255;51;68;48;2;15;15;15m▌[0m[38;2;242;242;242;48;2;15;15;15m [0m[38;2;242;242;242;48;2;15;15;15m [0m[38;2;163;163;163;48;2;15;15;15m17:23:50≈[0m[38;2;242;242;242;48;2;15;15;15m  [0m[38;2;242;242;242;48;2;15;15;15m [0m[38;2;163;163;163;48;2;15;15;15m0x5ec8…611f[0m[38;2;242;242;242;48;2;15;15;15m   [0m[38;2;242;242;242;48;2;15;15;15m RUN            [0m[38;2;242;242;242;48;2;15;15;15m [0m[38;2;255;51;68;48;2;15;15;15m→[0m[38;2;242;242;242;48;2;15;15;15m [0m[38;2;242;242;242;48;2;15;15;15m RUN          [0m[38;2;242;242;242;48;2;15;15;15m [0m[38;2;163;163;163;48;2;15;15;15m5m51s[0m[38;2;242;242;242;48;2;15;15;15m    [0m[38;2;242;242;242;48;2;15;15;15m clean     [0m[38;2;242;242;242;48;2;15;15;15m                      [0m[35;107H[38;2;242;242;242;48;2;5;5;5m  [0m[35;109H
[36;1H[38;2;242;242;242;48;2;15;15;15m [0m[38;2;255;51;68;48;2;15;15;15m▌[0m[38;2;242;242;242;48;2;15;15;15m [0m[38;2;242;242;242;48;2;15;15;15m [0m[38;2;163;163;163;48;2;15;15;15m17:23:51≈[0m[38;2;242;242;242;48;2;15;15;15m  [0m[38;2;242;242;242;48;2;15;15;15m [0m[38;2;163;163;163;48;2;15;15;15m0x4f3b…ac13[0m[38;2;242;242;242;48;2;15;15;15m   [0m[38;2;242;242;242;48;2;15;15;15m Piecoin        [0m[38;2;242;242;242;48;2;15;15;15m [0m[38;2;255;51;68;48;2;15;15;15m→[0m[38;2;242;242;242;48;2;15;15;15m [0m[38;2;242;242;242;48;2;15;15;15m TruffleHog   [0m[38;2;242;242;242;48;2;15;15;15m [0m[38;2;163;163;163;48;2;15;15;15m13m44s[0m[38;2;242;242;242;48;2;15;15;15m   [0m[38;2;242;242;242;48;2;15;15;15m clean     [0m[38;2;242;242;242;48;2;15;15;15m                      [0m[36;107H[38;2;242;242;242;48;2;5;5;5m  [0m[36;109H
[37;1H[38;2;242;242;242;48;2;15;15;15m [0m[38;2;255;51;68;48;2;15;15;15m▌[0m[38;2;242;242;242;48;2;15;15;15m [0m[38;2;242;242;242;48;2;15;15;15m [0m[38;2;163;163;163;48;2;15;15;15m17:23:51≈[0m[38;2;242;242;242;48;2;15;15;15m  [0m[38;2;242;242;242;48;2;15;15;15m [0m[38;2;163;163;163;48;2;15;15;15m0x7c67…8a02[0m[38;2;242;242;242;48;2;15;15;15m   [0m[38;2;242;242;242;48;2;15;15;15m Piecoin        [0m[38;2;242;242;242;48;2;15;15;15m [0m[38;2;255;51;68;48;2;15;15;15m→[0m[38;2;242;242;242;48;2;15;15;15m [0m[38;2;242;242;242;48;2;15;15;15m TruffleHog   [0m[38;2;242;242;242;48;2;15;15;15m [0m[38;2;163;163;163;48;2;15;15;15m13m49s[0m[38;2;242;242;242;48;2;15;15;15m   [0m[38;2;242;242;242;48;2;15;15;15m clean     [0m[38;2;242;242;242;48;2;15;15;15m                      [0m[37;107H[38;2;242;242;242;48;2;5;5;5m  [0m[37;109H
[38;1H[38;2;242;242;242;48;2;38;13;18m ▌ [0m[38;2;242;242;242;48;2;38;13;18m 17:23:51≈  [0m[38;2;242;242;242;48;2;38;13;18m 0xd726…7397   [0m[38;2;242;242;242;48;2;38;13;18m Piecoin        [0m[38;2;242;242;242;48;2;38;13;18m → [0m[38;2;242;242;242;48;2;38;13;18m TruffleHog   [0m[38;2;242;242;242;48;2;38;13;18m 13m42s   [0m[38;2;242;242;242;48;2;38;13;18m clean     [0m[38;2;242;242;242;48;2;38;13;18m                      [0m[38;107H[7;38;2;53;20;25;48;2;15;15;15m  [0m[38;109H
[40;1H[48;2;5;5;5m [0m[38;2;163;163;163;48;2;5;5;5mHOT ROTATIONS · distinct wallets, last 30m00s[0m[48;2;5;5;5m                                                             [0m[48;2;5;5;5m [0m[40;109H
[41;1H[48;2;5;5;5m [0m[1;38;2;242;242;242;48;2;5;5;5m 123 [0m[38;2;242;242;242;48;2;5;5;5mTruffleHog   → LUNAR       [0m[38;2;163;163;163;48;2;5;5;5m  130 seq[0m[48;2;5;5;5m                                                                 [0m[48;2;5;5;5m [0m[41;109H
[42;1H[48;2;5;5;5m [0m[1;38;2;242;242;242;48;2;5;5;5m  54 [0m[38;2;242;242;242;48;2;5;5;5mPiecoin      → TruffleHog  [0m[38;2;163;163;163;48;2;5;5;5m  883 seq[0m[48;2;5;5;5m                                                                 [0m[48;2;5;5;5m [0m[42;109H
[43;1H[48;2;5;5;5m [0m[1;38;2;242;242;242;48;2;5;5;5m  28 [0m[38;2;242;242;242;48;2;5;5;5megregore     → credit      [0m[38;2;163;163;163;48;2;5;5;5m  169 seq[0m[48;2;5;5;5m                                                                 [0m[48;2;5;5;5m [0m[43;109H
[44;1H[48;2;5;5;5m [0m[1;38;2;242;242;242;48;2;5;5;5m  25 [0m[38;2;242;242;242;48;2;5;5;5mRACE         → OPEN YIELD  [0m[38;2;163;163;163;48;2;5;5;5m  53 seq[0m[48;2;5;5;5m                                                                  [0m[48;2;5;5;5m [0m[44;109H
[45;1H[48;2;5;5;5m [0m[1;38;2;242;242;242;48;2;5;5;5m  23 [0m[38;2;242;242;242;48;2;5;5;5mDOME         → SAGA        [0m[38;2;163;163;163;48;2;5;5;5m  61 seq[0m[48;2;5;5;5m                                                                  [0m[48;2;5;5;5m [0m[45;109H
[46;1H[48;2;5;5;5m [0m[1;38;2;242;242;242;48;2;5;5;5m  22 [0m[38;2;242;242;242;48;2;5;5;5mSTOXA        → EQSO        [0m[38;2;163;163;163;48;2;5;5;5m  27 seq[0m[48;2;5;5;5m                                                                  [0m[48;2;5;5;5m [0m[46;109H
[47;1H[48;2;5;5;5m [0m[1;38;2;242;242;242;48;2;5;5;5m  21 [0m[38;2;242;242;242;48;2;5;5;5mRBNHD        → egregore    [0m[38;2;163;163;163;48;2;5;5;5m  198 seq[0m[48;2;5;5;5m                                                                 [0m[48;2;5;5;5m [0m[47;109H[2;5H[6;1H[48;2;5;5;5m [0m[38;2;242;242;242;48;2;5;5;5mCHAIN Robinhood Chain[0m[38;2;53;20;25;48;2;5;5;5m  ·  [0m[38;2;242;242;242;48;2;5;5;5m[REPLAY 10× · PAUSED][0m[38;2;53;20;25;48;2;5;5;5m  ·  [0m[38;2;242;242;242;48;2;5;5;5mCLOCK 17:29:56 UTC[0m[38;2;53;20;25;48;2;5;5;5m  ·  [0m[38;2;163;163;163;48;2;5;5;5mRANGE 16:59:56–17:29:56[0m[38;2;53;20;25;48;2;5;5;5m  ·  [0m[38;2;163;163;163;48;2;5;5;5mWINDOW 30m00s[0m[38;2;53;20;25;48;2;5;5;5m  ·  [0m[38;2;116;116;116;48;2;5;5;5mSESSION S-6b4784[0m[48;2;5;5;5m                                         [0m[48;2;5;5;5m [0m
[8;1H[48;2;5;5;5m [0m[38;2;163;163;163;48;2;5;5;5mOBSERVED SEQUENCES · last 30m00s · 6193 of 6193 rows · +1193 new · one row = one wallet that sold A, then[0m[48;2;5;5;5m [0m[48;2;5;5;5m [0m[8;109H
[8;111H[1;38;2;242;242;242;48;2;5;5;5mINFERNET → TOKEN[0m[48;2;5;5;5m                                                     [0m[8;180H
[9;1H[38;2;163;163;163;48;2;15;15;15m   [0m[38;2;163;163;163;48;2;15;15;15m TIME UTC   [0m[38;2;163;163;163;48;2;15;15;15m WALLET        [0m[38;2;163;163;163;48;2;15;15;15m SOLD           [0m[38;2;163;163;163;48;2;15;15;15m   [0m[38;2;163;163;163;48;2;15;15;15m BOUGHT       [0m[38;2;163;163;163;48;2;15;15;15m GAP      [0m[38;2;163;163;163;48;2;15;15;15m GRADE     [0m[38;2;163;163;163;48;2;15;15;15m                      [0m[9;107H[38;2;242;242;242;48;2;5;5;5m  [0m[9;109H
[9;111H[38;2;163;163;163;48;2;5;5;5m0x4224…6e99 → 0x1dce…3143[0m[48;2;5;5;5m                                            [0m[9;180H
[10;1H[38;2;242;242;242;48;2;15;15;15m   [0m[38;2;242;242;242;48;2;15;15;15m [0m[38;2;163;163;163;48;2;15;15;15m17:23:45≈[0m[38;2;242;242;242;48;2;15;15;15m  [0m[38;2;242;242;242;48;2;15;15;15m [0m[38;2;163;163;163;48;2;15;15;15m0x8de3…1f75[0m[38;2;242;242;242;48;2;15;15;15m   [0m[38;2;242;242;242;48;2;15;15;15m Piecoin        [0m[38;2;242;242;242;48;2;15;15;15m [0m[38;2;163;163;163;48;2;15;15;15m→[0m[38;2;242;242;242;48;2;15;15;15m [0m[38;2;242;242;242;48;2;15;15;15m TruffleHog   [0m[38;2;242;242;242;48;2;15;15;15m [0m[38;2;163;163;163;48;2;15;15;15m13m38s[0m[38;2;242;242;242;48;2;15;15;15m   [0m[38;2;242;242;242;48;2;15;15;15m clean     [0m[38;2;242;242;242;48;2;15;15;15m                      [0m[10;107H[38;2;242;242;242;48;2;5;5;5m  [0m[10;109H
[10;111H[38;2;242;242;242;48;2;5;5;5m[0m[48;2;5;5;5m                                                                     [0m[10;180H
[11;1H[38;2;242;242;242;48;2;15;15;15m   [0m[38;2;242;242;242;48;2;15;15;15m [0m[38;2;163;163;163;48;2;15;15;15m17:23:45≈[0m[38;2;242;242;242;48;2;15;15;15m  [0m[38;2;242;242;242;48;2;15;15;15m [0m[38;2;163;163;163;48;2;15;15;15m0x116b…9dfc[0m[38;2;242;242;242;48;2;15;15;15m   [0m[38;2;242;242;242;48;2;15;15;15m KARIVM         [0m[38;2;242;242;242;48;2;15;15;15m [0m[38;2;163;163;163;48;2;15;15;15m→[0m[38;2;242;242;242;48;2;15;15;15m [0m[38;2;242;242;242;48;2;15;15;15m AC           [0m[38;2;242;242;242;48;2;15;15;15m [0m[38;2;163;163;163;48;2;15;15;15m2m13s[0m[38;2;242;242;242;48;2;15;15;15m    [0m[38;2;242;242;242;48;2;15;15;15m clean     [0m[38;2;242;242;242;48;2;15;15;15m                      [0m[11;107H[38;2;242;242;242;48;2;5;5;5m  [0m[11;109H
[11;111H[38;2;242;242;242;48;2;5;5;5mwallet 0xd610…a142[0m[48;2;5;5;5m                                                   [0m[11;180H
[12;1H[38;2;242;242;242;48;2;15;15;15m   [0m[38;2;242;242;242;48;2;15;15;15m [0m[38;2;163;163;163;48;2;15;15;15m17:23:45≈[0m[38;2;242;242;242;48;2;15;15;15m  [0m[38;2;242;242;242;48;2;15;15;15m [0m[38;2;163;163;163;48;2;15;15;15m0x73fc…671c[0m[38;2;242;242;242;48;2;15;15;15m   [0m[38;2;242;242;242;48;2;15;15;15m KARIVM         [0m[38;2;242;242;242;48;2;15;15;15m [0m[38;2;163;163;163;48;2;15;15;15m→[0m[38;2;242;242;242;48;2;15;15;15m [0m[38;2;242;242;242;48;2;15;15;15m AC           [0m[38;2;242;242;242;48;2;15;15;15m [0m[38;2;163;163;163;48;2;15;15;15m2m13s[0m[38;2;242;242;242;48;2;15;15;15m    [0m[38;2;242;242;242;48;2;15;15;15m clean     [0m[38;2;242;242;242;48;2;15;15;15m                      [0m[12;107H[38;2;242;242;242;48;2;5;5;5m  [0m[12;109H
[12;111H[38;2;163;163;163;48;2;5;5;5msold   17:27:24 UTC[0m[48;2;5;5;5m                                                  [0m[12;180H
[13;1H[38;2;242;242;242;48;2;15;15;15m   [0m[38;2;242;242;242;48;2;15;15;15m [0m[38;2;163;163;163;48;2;15;15;15m17:23:45≈[0m[38;2;242;242;242;48;2;15;15;15m  [0m[38;2;242;242;242;48;2;15;15;15m [0m[38;2;163;163;163;48;2;15;15;15m0x7a55…8f68[0m[38;2;242;242;242;48;2;15;15;15m   [0m[38;2;242;242;242;48;2;15;15;15m RFLCT10        [0m[38;2;242;242;242;48;2;15;15;15m [0m[38;2;163;163;163;48;2;15;15;15m→[0m[38;2;242;242;242;48;2;15;15;15m [0m[38;2;242;242;242;48;2;15;15;15m FEEZ         [0m[38;2;242;242;242;48;2;15;15;15m [0m[38;2;163;163;163;48;2;15;15;15msame tx[0m[38;2;242;242;242;48;2;15;15;15m  [0m[38;2;242;242;242;48;2;15;15;15m direct    [0m[38;2;242;242;242;48;2;15;15;15m                      [0m[13;107H[38;2;242;242;242;48;2;5;5;5m  [0m[13;109H
[13;111H[38;2;163;163;163;48;2;5;5;5mbought 17:29:56≈ UTC · gap 2m32s · clean[0m[48;2;5;5;5m                             [0m[13;180H
[14;1H[38;2;242;242;242;48;2;15;15;15m   [0m[38;2;242;242;242;48;2;15;15;15m [0m[38;2;163;163;163;48;2;15;15;15m17:23:46≈[0m[38;2;242;242;242;48;2;15;15;15m  [0m[38;2;242;242;242;48;2;15;15;15m [0m[38;2;163;163;163;48;2;15;15;15m0xf092…27b7[0m[38;2;242;242;242;48;2;15;15;15m   [0m[38;2;242;242;242;48;2;15;15;15m CATK           [0m[38;2;242;242;242;48;2;15;15;15m [0m[38;2;163;163;163;48;2;15;15;15m→[0m[38;2;242;242;242;48;2;15;15;15m [0m[38;2;242;242;242;48;2;15;15;15m SSD5000      [0m[38;2;242;242;242;48;2;15;15;15m [0m[38;2;163;163;163;48;2;15;15;15m29m08s[0m[38;2;242;242;242;48;2;15;15;15m   [0m[38;2;242;242;242;48;2;15;15;15m clean     [0m[38;2;242;242;242;48;2;15;15;15m                      [0m[14;107H[38;2;242;242;242;48;2;5;5;5m  [0m[14;109H
[14;111H[38;2;163;163;163;48;2;5;5;5msell tx 0x9308…58db[0m[48;2;5;5;5m                                                  [0m[14;180H
[15;1H[38;2;242;242;242;48;2;15;15;15m   [0m[38;2;242;242;242;48;2;15;15;15m [0m[38;2;163;163;163;48;2;15;15;15m17:23:46≈[0m[38;2;242;242;242;48;2;15;15;15m  [0m[38;2;242;242;242;48;2;15;15;15m [0m[38;2;163;163;163;48;2;15;15;15m0xb4f5…7de4[0m[38;2;242;242;242;48;2;15;15;15m   [0m[38;2;242;242;242;48;2;15;15;15m Piecoin        [0m[38;2;242;242;242;48;2;15;15;15m [0m[38;2;163;163;163;48;2;15;15;15m→[0m[38;2;242;242;242;48;2;15;15;15m [0m[38;2;242;242;242;48;2;15;15;15m TruffleHog   [0m[38;2;242;242;242;48;2;15;15;15m [0m[38;2;163;163;163;48;2;15;15;15m13m39s[0m[38;2;242;242;242;48;2;15;15;15m   [0m[38;2;242;242;242;48;2;15;15;15m clean     [0m[38;2;242;242;242;48;2;15;15;15m                      [0m[15;107H[38;2;242;242;242;48;2;5;5;5m  [0m[15;109H
[15;111H[38;2;163;163;163;48;2;5;5;5mbuy tx  0x9468…74e8[0m[48;2;5;5;5m                                                  [0m[15;180H
[16;1H[38;2;242;242;242;48;2;15;15;15m   [0m[38;2;242;242;242;48;2;15;15;15m [0m[38;2;163;163;163;48;2;15;15;15m17:23:46≈[0m[38;2;242;242;242;48;2;15;15;15m  [0m[38;2;242;242;242;48;2;15;15;15m [0m[38;2;163;163;163;48;2;15;15;15m0x2db1…f48f[0m[38;2;242;242;242;48;2;15;15;15m   [0m[38;2;242;242;242;48;2;15;15;15m Piecoin        [0m[38;2;242;242;242;48;2;15;15;15m [0m[38;2;163;163;163;48;2;15;15;15m→[0m[38;2;242;242;242;48;2;15;15;15m [0m[38;2;242;242;242;48;2;15;15;15m TruffleHog   [0m[38;2;242;242;242;48;2;15;15;15m [0m[38;2;163;163;163;48;2;15;15;15m13m37s[0m[38;2;242;242;242;48;2;15;15;15m   [0m[38;2;242;242;242;48;2;15;15;15m clean     [0m[38;2;242;242;242;48;2;15;15;15m                      [0m[16;107H[38;2;242;242;242;48;2;5;5;5m  [0m[16;109H
[16;111H[38;2;242;242;242;48;2;5;5;5m[0m[48;2;5;5;5m                                                                     [0m[16;180H
[17;1H[38;2;242;242;242;48;2;15;15;15m   [0m[38;2;242;242;242;48;2;15;15;15m [0m[38;2;163;163;163;48;2;15;15;15m17:23:46≈[0m[38;2;242;242;242;48;2;15;15;15m  [0m[38;2;242;242;242;48;2;15;15;15m [0m[38;2;163;163;163;48;2;15;15;15m0x3c94…f9d4[0m[38;2;242;242;242;48;2;15;15;15m   [0m[38;2;242;242;242;48;2;15;15;15m Piecoin        [0m[38;2;242;242;242;48;2;15;15;15m [0m[38;2;163;163;163;48;2;15;15;15m→[0m[38;2;242;242;242;48;2;15;15;15m [0m[38;2;242;242;242;48;2;15;15;15m TruffleHog   [0m[38;2;242;242;242;48;2;15;15;15m [0m[38;2;163;163;163;48;2;15;15;15m13m37s[0m[38;2;242;242;242;48;2;15;15;15m   [0m[38;2;242;242;242;48;2;15;15;15m clean     [0m[38;2;242;242;242;48;2;15;15;15m                      [0m[17;107H[38;2;242;242;242;48;2;5;5;5m  [0m[17;109H
[17;111H[38;2;116;116;116;48;2;5;5;5mEnter: all wallets on this pair[0m[48;2;5;5;5m                                      [0m[17;180H
[18;1H[38;2;242;242;242;48;2;15;15;15m   [0m[38;2;242;242;242;48;2;15;15;15m [0m[38;2;163;163;163;48;2;15;15;15m17:23:46≈[0m[38;2;242;242;242;48;2;15;15;15m  [0m[38;2;242;242;242;48;2;15;15;15m [0m[38;2;163;163;163;48;2;15;15;15m0xd60c…7ab6[0m[38;2;242;242;242;48;2;15;15;15m   [0m[38;2;242;242;242;48;2;15;15;15m Piecoin        [0m[38;2;242;242;242;48;2;15;15;15m [0m[38;2;163;163;163;48;2;15;15;15m→[0m[38;2;242;242;242;48;2;15;15;15m [0m[38;2;242;242;242;48;2;15;15;15m TruffleHog   [0m[38;2;242;242;242;48;2;15;15;15m [0m[38;2;163;163;163;48;2;15;15;15m13m37s[0m[38;2;242;242;242;48;2;15;15;15m   [0m[38;2;242;242;242;48;2;15;15;15m clean     [0m[38;2;242;242;242;48;2;15;15;15m                      [0m[18;107H[38;2;242;242;242;48;2;5;5;5m  [0m[18;109H
[19;1H[38;2;242;242;242;48;2;15;15;15m   [0m[38;2;242;242;242;48;2;15;15;15m [0m[38;2;163;163;163;48;2;15;15;15m17:23:46≈[0m[38;2;242;242;242;48;2;15;15;15m  [0m[38;2;242;242;242;48;2;15;15;15m [0m[38;2;163;163;163;48;2;15;15;15m0xa214…165d[0m[38;2;242;242;242;48;2;15;15;15m   [0m[38;2;242;242;242;48;2;15;15;15m WHLR           [0m[38;2;242;242;242;48;2;15;15;15m [0m[38;2;163;163;163;48;2;15;15;15m→[0m[38;2;242;242;242;48;2;15;15;15m [0m[38;2;242;242;242;48;2;15;15;15m CLUBY        [0m[38;2;242;242;242;48;2;15;15;15m [0m[38;2;163;163;163;48;2;15;15;15m8m03s[0m[38;2;242;242;242;48;2;15;15;15m    [0m[38;2;242;242;242;48;2;15;15;15m clean     [0m[38;2;242;242;242;48;2;15;15;15m                      [0m[19;107H[38;2;242;242;242;48;2;5;5;5m  [0m[19;109H
[20;1H[38;2;242;242;242;48;2;15;15;15m   [0m[38;2;242;242;242;48;2;15;15;15m [0m[38;2;163;163;163;48;2;15;15;15m17:23:47≈[0m[38;2;242;242;242;48;2;15;15;15m  [0m[38;2;242;242;242;48;2;15;15;15m [0m[38;2;163;163;163;48;2;15;15;15m0x24d6…2f0b[0m[38;2;242;242;242;48;2;15;15;15m   [0m[38;2;242;242;242;48;2;15;15;15m Piecoin        [0m[38;2;242;242;242;48;2;15;15;15m [0m[38;2;163;163;163;48;2;15;15;15m→[0m[38;2;242;242;242;48;2;15;15;15m [0m[38;2;242;242;242;48;2;15;15;15m TruffleHog   [0m[38;2;242;242;242;48;2;15;15;15m [0m[38;2;163;163;163;48;2;15;15;15m13m40s[0m[38;2;242;242;242;48;2;15;15;15m   [0m[38;2;242;242;242;48;2;15;15;15m clean     [0m[38;2;242;242;242;48;2;15;15;15m                      [0m[20;107H[38;2;242;242;242;48;2;5;5;5m  [0m[20;109H
[21;1H[38;2;242;242;242;48;2;15;15;15m   [0m[38;2;242;242;242;48;2;15;15;15m [0m[38;2;163;163;163;48;2;15;15;15m17:23:47≈[0m[38;2;242;242;242;48;2;15;15;15m  [0m[38;2;242;242;242;48;2;15;15;15m [0m[38;2;163;163;163;48;2;15;15;15m0xca17…7552[0m[38;2;242;242;242;48;2;15;15;15m   [0m[38;2;242;242;242;48;2;15;15;15m Piecoin        [0m[38;2;242;242;242;48;2;15;15;15m [0m[38;2;163;163;163;48;2;15;15;15m→[0m[38;2;242;242;242;48;2;15;15;15m [0m[38;2;242;242;242;48;2;15;15;15m TruffleHog   [0m[38;2;242;242;242;48;2;15;15;15m [0m[38;2;163;163;163;48;2;15;15;15m13m38s[0m[38;2;242;242;242;48;2;15;15;15m   [0m[38;2;242;242;242;48;2;15;15;15m clean     [0m[38;2;242;242;242;48;2;15;15;15m                      [0m[21;107H[38;2;242;242;242;48;2;5;5;5m  [0m[21;109H
[22;1H[38;2;242;242;242;48;2;15;15;15m   [0m[38;2;242;242;242;48;2;15;15;15m [0m[38;2;163;163;163;48;2;15;15;15m17:23:48≈[0m[38;2;242;242;242;48;2;15;15;15m  [0m[38;2;242;242;242;48;2;15;15;15m [0m[38;2;163;163;163;48;2;15;15;15m0x432f…eb30[0m[38;2;242;242;242;48;2;15;15;15m   [0m[38;2;242;242;242;48;2;15;15;15m Piecoin        [0m[38;2;242;242;242;48;2;15;15;15m [0m[38;2;163;163;163;48;2;15;15;15m→[0m[38;2;242;242;242;48;2;15;15;15m [0m[38;2;242;242;242;48;2;15;15;15m TruffleHog   [0m[38;2;242;242;242;48;2;15;15;15m [0m[38;2;163;163;163;48;2;15;15;15m13m39s[0m[38;2;242;242;242;48;2;15;15;15m   [0m[38;2;242;242;242;48;2;15;15;15m clean     [0m[38;2;242;242;242;48;2;15;15;15m                      [0m[22;107H[38;2;242;242;242;48;2;5;5;5m  [0m[22;109H
[23;1H[38;2;242;242;242;48;2;15;15;15m   [0m[38;2;242;242;242;48;2;15;15;15m [0m[38;2;163;163;163;48;2;15;15;15m17:23:48≈[0m[38;2;242;242;242;48;2;15;15;15m  [0m[38;2;242;242;242;48;2;15;15;15m [0m[38;2;163;163;163;48;2;15;15;15m0x5d35…6b5a[0m[38;2;242;242;242;48;2;15;15;15m   [0m[38;2;242;242;242;48;2;15;15;15m Piecoin        [0m[38;2;242;242;242;48;2;15;15;15m [0m[38;2;163;163;163;48;2;15;15;15m→[0m[38;2;242;242;242;48;2;15;15;15m [0m[38;2;242;242;242;48;2;15;15;15m TruffleHog   [0m[38;2;242;242;242;48;2;15;15;15m [0m[38;2;163;163;163;48;2;15;15;15m13m39s[0m[38;2;242;242;242;48;2;15;15;15m   [0m[38;2;242;242;242;48;2;15;15;15m clean     [0m[38;2;242;242;242;48;2;15;15;15m                      [0m[23;107H[38;2;242;242;242;48;2;5;5;5m  [0m[23;109H
[24;1H[38;2;242;242;242;48;2;15;15;15m   [0m[38;2;242;242;242;48;2;15;15;15m [0m[38;2;163;163;163;48;2;15;15;15m17:23:48≈[0m[38;2;242;242;242;48;2;15;15;15m  [0m[38;2;242;242;242;48;2;15;15;15m [0m[38;2;163;163;163;48;2;15;15;15m0x72b6…afea[0m[38;2;242;242;242;48;2;15;15;15m   [0m[38;2;242;242;242;48;2;15;15;15m Piecoin        [0m[38;2;242;242;242;48;2;15;15;15m [0m[38;2;163;163;163;48;2;15;15;15m→[0m[38;2;242;242;242;48;2;15;15;15m [0m[38;2;242;242;242;48;2;15;15;15m TruffleHog   [0m[38;2;242;242;242;48;2;15;15;15m [0m[38;2;163;163;163;48;2;15;15;15m13m39s[0m[38;2;242;242;242;48;2;15;15;15m   [0m[38;2;242;242;242;48;2;15;15;15m clean     [0m[38;2;242;242;242;48;2;15;15;15m                      [0m[24;107H[38;2;242;242;242;48;2;5;5;5m  [0m[24;109H
[25;1H[38;2;242;242;242;48;2;15;15;15m   [0m[38;2;242;242;242;48;2;15;15;15m [0m[38;2;163;163;163;48;2;15;15;15m17:23:49≈[0m[38;2;242;242;242;48;2;15;15;15m  [0m[38;2;242;242;242;48;2;15;15;15m [0m[38;2;163;163;163;48;2;15;15;15m0x774c…e1e6[0m[38;2;242;242;242;48;2;15;15;15m   [0m[38;2;242;242;242;48;2;15;15;15m PONSLAB        [0m[38;2;242;242;242;48;2;15;15;15m [0m[38;2;163;163;163;48;2;15;15;15m→[0m[38;2;242;242;242;48;2;15;15;15m [0m[38;2;242;242;242;48;2;15;15;15m POUNTY       [0m[38;2;242;242;242;48;2;15;15;15m [0m[38;2;163;163;163;48;2;15;15;15m4m41s[0m[38;2;242;242;242;48;2;15;15;15m    [0m[38;2;242;242;242;48;2;15;15;15m clean     [0m[38;2;242;242;242;48;2;15;15;15m                      [0m[25;107H[38;2;242;242;242;48;2;5;5;5m  [0m[25;109H
[26;1H[38;2;242;242;242;48;2;15;15;15m   [0m[38;2;242;242;242;48;2;15;15;15m [0m[38;2;163;163;163;48;2;15;15;15m17:23:49≈[0m[38;2;242;242;242;48;2;15;15;15m  [0m[38;2;242;242;242;48;2;15;15;15m [0m[38;2;163;163;163;48;2;15;15;15m0xc76b…3490[0m[38;2;242;242;242;48;2;15;15;15m   [0m[38;2;242;242;242;48;2;15;15;15m Piecoin        [0m[38;2;242;242;242;48;2;15;15;15m [0m[38;2;163;163;163;48;2;15;15;15m→[0m[38;2;242;242;242;48;2;15;15;15m [0m[38;2;242;242;242;48;2;15;15;15m TruffleHog   [0m[38;2;242;242;242;48;2;15;15;15m [0m[38;2;163;163;163;48;2;15;15;15m13m42s[0m[38;2;242;242;242;48;2;15;15;15m   [0m[38;2;242;242;242;48;2;15;15;15m clean     [0m[38;2;242;242;242;48;2;15;15;15m                      [0m[26;107H[38;2;242;242;242;48;2;5;5;5m  [0m[26;109H
[27;1H[38;2;242;242;242;48;2;15;15;15m   [0m[38;2;242;242;242;48;2;15;15;15m [0m[38;2;163;163;163;48;2;15;15;15m17:23:49≈[0m[38;2;242;242;242;48;2;15;15;15m  [0m[38;2;242;242;242;48;2;15;15;15m [0m[38;2;163;163;163;48;2;15;15;15m0xe0a4…a2b6[0m[38;2;242;242;242;48;2;15;15;15m   [0m[38;2;242;242;242;48;2;15;15;15m Piecoin        [0m[38;2;242;242;242;48;2;15;15;15m [0m[38;2;163;163;163;48;2;15;15;15m→[0m[38;2;242;242;242;48;2;15;15;15m [0m[38;2;242;242;242;48;2;15;15;15m TruffleHog   [0m[38;2;242;242;242;48;2;15;15;15m [0m[38;2;163;163;163;48;2;15;15;15m13m40s[0m[38;2;242;242;242;48;2;15;15;15m   [0m[38;2;242;242;242;48;2;15;15;15m clean     [0m[38;2;242;242;242;48;2;15;15;15m                      [0m[27;107H[38;2;242;242;242;48;2;5;5;5m  [0m[27;109H
[28;1H[38;2;242;242;242;48;2;15;15;15m   [0m[38;2;242;242;242;48;2;15;15;15m [0m[38;2;163;163;163;48;2;15;15;15m17:23:49≈[0m[38;2;242;242;242;48;2;15;15;15m  [0m[38;2;242;242;242;48;2;15;15;15m [0m[38;2;163;163;163;48;2;15;15;15m0xe651…2963[0m[38;2;242;242;242;48;2;15;15;15m   [0m[38;2;242;242;242;48;2;15;15;15m Piecoin        [0m[38;2;242;242;242;48;2;15;15;15m [0m[38;2;163;163;163;48;2;15;15;15m→[0m[38;2;242;242;242;48;2;15;15;15m [0m[38;2;242;242;242;48;2;15;15;15m TruffleHog   [0m[38;2;242;242;242;48;2;15;15;15m [0m[38;2;163;163;163;48;2;15;15;15m13m39s[0m[38;2;242;242;242;48;2;15;15;15m   [0m[38;2;242;242;242;48;2;15;15;15m clean     [0m[38;2;242;242;242;48;2;15;15;15m                      [0m[28;107H[38;2;242;242;242;48;2;5;5;5m  [0m[28;109H
[29;1H[38;2;242;242;242;48;2;15;15;15m   [0m[38;2;242;242;242;48;2;15;15;15m [0m[38;2;163;163;163;48;2;15;15;15m17:23:49≈[0m[38;2;242;242;242;48;2;15;15;15m  [0m[38;2;242;242;242;48;2;15;15;15m [0m[38;2;163;163;163;48;2;15;15;15m0x696d…7792[0m[38;2;242;242;242;48;2;15;15;15m   [0m[38;2;242;242;242;48;2;15;15;15m UBIK           [0m[38;2;242;242;242;48;2;15;15;15m [0m[38;2;163;163;163;48;2;15;15;15m→[0m[38;2;242;242;242;48;2;15;15;15m [0m[38;2;242;242;242;48;2;15;15;15m BUN          [0m[38;2;242;242;242;48;2;15;15;15m [0m[38;2;163;163;163;48;2;15;15;15m12m48s[0m[38;2;242;242;242;48;2;15;15;15m   [0m[38;2;242;242;242;48;2;15;15;15m clean     [0m[38;2;242;242;242;48;2;15;15;15m                      [0m[29;107H[38;2;242;242;242;48;2;5;5;5m  [0m[29;109H
[30;1H[38;2;242;242;242;48;2;15;15;15m   [0m[38;2;242;242;242;48;2;15;15;15m [0m[38;2;163;163;163;48;2;15;15;15m17:23:50[0m[38;2;242;242;242;48;2;15;15;15m   [0m[38;2;242;242;242;48;2;15;15;15m [0m[38;2;163;163;163;48;2;15;15;15m0xc047…47fb[0m[38;2;242;242;242;48;2;15;15;15m   [0m[38;2;242;242;242;48;2;15;15;15m Piecoin        [0m[38;2;242;242;242;48;2;15;15;15m [0m[38;2;163;163;163;48;2;15;15;15m→[0m[38;2;242;242;242;48;2;15;15;15m [0m[38;2;242;242;242;48;2;15;15;15m TruffleHog   [0m[38;2;242;242;242;48;2;15;15;15m [0m[38;2;163;163;163;48;2;15;15;15m13m47s[0m[38;2;242;242;242;48;2;15;15;15m   [0m[38;2;242;242;242;48;2;15;15;15m clean     [0m[38;2;242;242;242;48;2;15;15;15m                      [0m[30;107H[38;2;242;242;242;48;2;5;5;5m  [0m[30;109H
[31;1H[38;2;242;242;242;48;2;15;15;15m   [0m[38;2;242;242;242;48;2;15;15;15m [0m[38;2;163;163;163;48;2;15;15;15m17:23:50≈[0m[38;2;242;242;242;48;2;15;15;15m  [0m[38;2;242;242;242;48;2;15;15;15m [0m[38;2;163;163;163;48;2;15;15;15m0x7419…22fb[0m[38;2;242;242;242;48;2;15;15;15m   [0m[38;2;242;242;242;48;2;15;15;15m Piecoin        [0m[38;2;242;242;242;48;2;15;15;15m [0m[38;2;163;163;163;48;2;15;15;15m→[0m[38;2;242;242;242;48;2;15;15;15m [0m[38;2;242;242;242;48;2;15;15;15m TruffleHog   [0m[38;2;242;242;242;48;2;15;15;15m [0m[38;2;163;163;163;48;2;15;15;15m13m41s[0m[38;2;242;242;242;48;2;15;15;15m   [0m[38;2;242;242;242;48;2;15;15;15m clean     [0m[38;2;242;242;242;48;2;15;15;15m                      [0m[31;107H[38;2;242;242;242;48;2;5;5;5m  [0m[31;109H
[32;1H[38;2;242;242;242;48;2;15;15;15m   [0m[38;2;242;242;242;48;2;15;15;15m [0m[38;2;163;163;163;48;2;15;15;15m17:23:50≈[0m[38;2;242;242;242;48;2;15;15;15m  [0m[38;2;242;242;242;48;2;15;15;15m [0m[38;2;163;163;163;48;2;15;15;15m0x0d48…6e49[0m[38;2;242;242;242;48;2;15;15;15m   [0m[38;2;242;242;242;48;2;15;15;15m Piecoin        [0m[38;2;242;242;242;48;2;15;15;15m [0m[38;2;163;163;163;48;2;15;15;15m→[0m[38;2;242;242;242;48;2;15;15;15m [0m[38;2;242;242;242;48;2;15;15;15m TruffleHog   [0m[38;2;242;242;242;48;2;15;15;15m [0m[38;2;163;163;163;48;2;15;15;15m13m40s[0m[38;2;242;242;242;48;2;15;15;15m   [0m[38;2;242;242;242;48;2;15;15;15m clean     [0m[38;2;242;242;242;48;2;15;15;15m                      [0m[32;107H[38;2;53;20;25;48;2;5;5;5m▅▅[0m[32;109H
[33;1H[38;2;242;242;242;48;2;15;15;15m   [0m[38;2;242;242;242;48;2;15;15;15m [0m[38;2;163;163;163;48;2;15;15;15m17:23:50≈[0m[38;2;242;242;242;48;2;15;15;15m  [0m[38;2;242;242;242;48;2;15;15;15m [0m[38;2;163;163;163;48;2;15;15;15m0xe6f5…927c[0m[38;2;242;242;242;48;2;15;15;15m   [0m[38;2;242;242;242;48;2;15;15;15m AA             [0m[38;2;242;242;242;48;2;15;15;15m [0m[38;2;163;163;163;48;2;15;15;15m→[0m[38;2;242;242;242;48;2;15;15;15m [0m[38;2;242;242;242;48;2;15;15;15m MOO          [0m[38;2;242;242;242;48;2;15;15;15m [0m[38;2;163;163;163;48;2;15;15;15msame tx[0m[38;2;242;242;242;48;2;15;15;15m  [0m[38;2;242;242;242;48;2;15;15;15m direct    [0m[38;2;242;242;242;48;2;15;15;15m                      [0m[33;107H[7;38;2;53;20;25;48;2;5;5;5m▅▅[0m[33;109H
[34;1H[38;2;242;242;242;48;2;15;15;15m   [0m[38;2;242;242;242;48;2;15;15;15m [0m[38;2;163;163;163;48;2;15;15;15m17:23:50≈[0m[38;2;242;242;242;48;2;15;15;15m  [0m[38;2;242;242;242;48;2;15;15;15m [0m[38;2;163;163;163;48;2;15;15;15m0xdec2…443f[0m[38;2;242;242;242;48;2;15;15;15m   [0m[38;2;242;242;242;48;2;15;15;15m RUN            [0m[38;2;242;242;242;48;2;15;15;15m [0m[38;2;163;163;163;48;2;15;15;15m→[0m[38;2;242;242;242;48;2;15;15;15m [0m[38;2;242;242;242;48;2;15;15;15m RUN          [0m[38;2;242;242;242;48;2;15;15;15m [0m[38;2;163;163;163;48;2;15;15;15m5m51s[0m[38;2;242;242;242;48;2;15;15;15m    [0m[38;2;242;242;242;48;2;15;15;15m clean     [0m[38;2;242;242;242;48;2;15;15;15m                      [0m[34;107H[38;2;242;242;242;48;2;5;5;5m  [0m[34;109H
[35;1H[38;2;242;242;242;48;2;15;15;15m   [0m[38;2;242;242;242;48;2;15;15;15m [0m[38;2;163;163;163;48;2;15;15;15m17:23:50≈[0m[38;2;242;242;242;48;2;15;15;15m  [0m[38;2;242;242;242;48;2;15;15;15m [0m[38;2;163;163;163;48;2;15;15;15m0x5ec8…611f[0m[38;2;242;242;242;48;2;15;15;15m   [0m[38;2;242;242;242;48;2;15;15;15m RUN            [0m[38;2;242;242;242;48;2;15;15;15m [0m[38;2;163;163;163;48;2;15;15;15m→[0m[38;2;242;242;242;48;2;15;15;15m [0m[38;2;242;242;242;48;2;15;15;15m RUN          [0m[38;2;242;242;242;48;2;15;15;15m [0m[38;2;163;163;163;48;2;15;15;15m5m51s[0m[38;2;242;242;242;48;2;15;15;15m    [0m[38;2;242;242;242;48;2;15;15;15m clean     [0m[38;2;242;242;242;48;2;15;15;15m                      [0m[35;107H[38;2;242;242;242;48;2;5;5;5m  [0m[35;109H
[36;1H[38;2;242;242;242;48;2;15;15;15m   [0m[38;2;242;242;242;48;2;15;15;15m [0m[38;2;163;163;163;48;2;15;15;15m17:23:51≈[0m[38;2;242;242;242;48;2;15;15;15m  [0m[38;2;242;242;242;48;2;15;15;15m [0m[38;2;163;163;163;48;2;15;15;15m0x4f3b…ac13[0m[38;2;242;242;242;48;2;15;15;15m   [0m[38;2;242;242;242;48;2;15;15;15m Piecoin        [0m[38;2;242;242;242;48;2;15;15;15m [0m[38;2;163;163;163;48;2;15;15;15m→[0m[38;2;242;242;242;48;2;15;15;15m [0m[38;2;242;242;242;48;2;15;15;15m TruffleHog   [0m[38;2;242;242;242;48;2;15;15;15m [0m[38;2;163;163;163;48;2;15;15;15m13m44s[0m[38;2;242;242;242;48;2;15;15;15m   [0m[38;2;242;242;242;48;2;15;15;15m clean     [0m[38;2;242;242;242;48;2;15;15;15m                      [0m[36;107H[38;2;242;242;242;48;2;5;5;5m  [0m[36;109H
[37;1H[38;2;242;242;242;48;2;15;15;15m   [0m[38;2;242;242;242;48;2;15;15;15m [0m[38;2;163;163;163;48;2;15;15;15m17:23:51≈[0m[38;2;242;242;242;48;2;15;15;15m  [0m[38;2;242;242;242;48;2;15;15;15m [0m[38;2;163;163;163;48;2;15;15;15m0x7c67…8a02[0m[38;2;242;242;242;48;2;15;15;15m   [0m[38;2;242;242;242;48;2;15;15;15m Piecoin        [0m[38;2;242;242;242;48;2;15;15;15m [0m[38;2;163;163;163;48;2;15;15;15m→[0m[38;2;242;242;242;48;2;15;15;15m [0m[38;2;242;242;242;48;2;15;15;15m TruffleHog   [0m[38;2;242;242;242;48;2;15;15;15m [0m[38;2;163;163;163;48;2;15;15;15m13m49s[0m[38;2;242;242;242;48;2;15;15;15m   [0m[38;2;242;242;242;48;2;15;15;15m clean     [0m[38;2;242;242;242;48;2;15;15;15m                      [0m[37;107H[38;2;242;242;242;48;2;5;5;5m  [0m[37;109H
[38;1H[38;2;242;242;242;48;2;15;15;15m   [0m[38;2;242;242;242;48;2;15;15;15m [0m[38;2;163;163;163;48;2;15;15;15m17:23:51≈[0m[38;2;242;242;242;48;2;15;15;15m  [0m[38;2;242;242;242;48;2;15;15;15m [0m[38;2;163;163;163;48;2;15;15;15m0xd726…7397[0m[38;2;242;242;242;48;2;15;15;15m   [0m[38;2;242;242;242;48;2;15;15;15m Piecoin        [0m[38;2;242;242;242;48;2;15;15;15m [0m[38;2;163;163;163;48;2;15;15;15m→[0m[38;2;242;242;242;48;2;15;15;15m [0m[38;2;242;242;242;48;2;15;15;15m TruffleHog   [0m[38;2;242;242;242;48;2;15;15;15m [0m[38;2;163;163;163;48;2;15;15;15m13m42s[0m[38;2;242;242;242;48;2;15;15;15m   [0m[38;2;242;242;242;48;2;15;15;15m clean     [0m[38;2;242;242;242;48;2;15;15;15m                      [0m[38;107H[38;2;242;242;242;48;2;5;5;5m  [0m[38;109H
[40;111H[38;2;163;163;163;48;2;5;5;5mACTIVITY · observed sequences per 60s bucket · 30 buckets[0m[48;2;5;5;5m            [0m[40;180H
[41;111H[38;2;242;242;242;48;2;5;5;5m [0m[38;2;242;242;242;48;2;5;5;5m [0m[38;2;242;242;242;48;2;5;5;5m [0m[38;2;242;242;242;48;2;5;5;5m [0m[38;2;242;242;242;48;2;5;5;5m [0m[38;2;242;242;242;48;2;5;5;5m [0m[38;2;242;242;242;48;2;5;5;5m [0m[38;2;242;242;242;48;2;5;5;5m [0m[38;2;242;242;242;48;2;5;5;5m [0m[38;2;242;242;242;48;2;5;5;5m [0m[38;2;242;242;242;48;2;5;5;5m [0m[38;2;242;242;242;48;2;5;5;5m [0m[38;2;242;242;242;48;2;5;5;5m [0m[38;2;242;242;242;48;2;5;5;5m [0m[38;2;242;242;242;48;2;5;5;5m [0m[38;2;242;242;242;48;2;5;5;5m [0m[38;2;242;242;242;48;2;5;5;5m [0m[38;2;242;242;242;48;2;5;5;5m [0m[38;2;242;242;242;48;2;5;5;5m [0m[38;2;242;242;242;48;2;5;5;5m [0m[38;2;242;242;242;48;2;5;5;5m [0m[38;2;242;242;242;48;2;5;5;5m [0m[38;2;242;242;242;48;2;5;5;5m [0m[38;2;242;242;242;48;2;5;5;5m [0m[38;2;242;242;242;48;2;5;5;5m [0m[38;2;242;242;242;48;2;5;5;5m [0m[38;2;239;58;73;48;2;5;5;5m▅[0m[38;2;239;58;73;48;2;5;5;5m▅[0m[38;2;227;63;77;48;2;5;5;5m▃[0m[38;2;227;63;77;48;2;5;5;5m▃[0m[38;2;245;55;71;48;2;5;5;5m▆[0m[38;2;245;55;71;48;2;5;5;5m▆[0m[38;2;245;55;71;48;2;5;5;5m▆[0m[38;2;242;56;72;48;2;5;5;5m▅[0m[38;2;242;56;72;48;2;5;5;5m▅[0m[38;2;244;55;71;48;2;5;5;5m▆[0m[38;2;244;55;71;48;2;5;5;5m▆[0m[38;2;242;242;242;48;2;5;5;5m [0m[38;2;242;242;242;48;2;5;5;5m [0m[38;2;242;242;242;48;2;5;5;5m [0m[38;2;255;51;68;48;2;5;5;5m█[0m[38;2;255;51;68;48;2;5;5;5m█[0m[38;2;236;59;74;48;2;5;5;5m▄[0m[38;2;236;59;74;48;2;5;5;5m▄[0m[38;2;233;61;75;48;2;5;5;5m▄[0m[38;2;233;61;75;48;2;5;5;5m▄[0m[38;2;236;59;74;48;2;5;5;5m▄[0m[38;2;236;59;74;48;2;5;5;5m▄[0m[38;2;236;59;74;48;2;5;5;5m▄[0m[38;2;215;69;81;48;2;5;5;5m▁[0m[38;2;215;69;81;48;2;5;5;5m▁[0m[38;2;242;242;242;48;2;5;5;5m [0m[38;2;242;242;242;48;2;5;5;5m [0m[38;2;241;57;72;48;2;5;5;5m▅[0m[38;2;241;57;72;48;2;5;5;5m▅[0m[38;2;241;57;72;48;2;5;5;5m▅[0m[38;2;216;69;81;48;2;5;5;5m▁[0m[38;2;216;69;81;48;2;5;5;5m▁[0m[38;2;242;242;242;48;2;5;5;5m [0m[38;2;242;242;242;48;2;5;5;5m [0m[38;2;242;242;242;48;2;5;5;5m [0m[38;2;242;242;242;48;2;5;5;5m [0m[38;2;242;242;242;48;2;5;5;5m [0m[38;2;242;242;242;48;2;5;5;5m [0m[38;2;242;242;242;48;2;5;5;5m [0m[38;2;242;242;242;48;2;5;5;5m [0m[38;2;242;242;242;48;2;5;5;5m [0m[38;2;242;242;242;48;2;5;5;5m [0m[38;2;242;242;242;48;2;5;5;5m [0m[41;180H
[42;111H[38;2;170;90;97;48;2;5;5;5m▂[0m[38;2;170;90;97;48;2;5;5;5m▂[0m[38;2;170;90;97;48;2;5;5;5m▂[0m[38;2;176;87;95;48;2;5;5;5m▂[0m[38;2;176;87;95;48;2;5;5;5m▂[0m[38;2;211;71;82;48;2;5;5;5m█[0m[38;2;211;71;82;48;2;5;5;5m█[0m[38;2;175;88;95;48;2;5;5;5m▂[0m[38;2;175;88;95;48;2;5;5;5m▂[0m[38;2;175;88;95;48;2;5;5;5m▂[0m[38;2;242;242;242;48;2;5;5;5m [0m[38;2;242;242;242;48;2;5;5;5m [0m[38;2;242;242;242;48;2;5;5;5m [0m[38;2;242;242;242;48;2;5;5;5m [0m[38;2;181;85;93;48;2;5;5;5m▃[0m[38;2;181;85;93;48;2;5;5;5m▃[0m[38;2;181;85;93;48;2;5;5;5m▃[0m[38;2;242;242;242;48;2;5;5;5m [0m[38;2;242;242;242;48;2;5;5;5m [0m[38;2;199;76;87;48;2;5;5;5m▆[0m[38;2;199;76;87;48;2;5;5;5m▆[0m[38;2;171;90;96;48;2;5;5;5m▂[0m[38;2;171;90;96;48;2;5;5;5m▂[0m[38;2;186;83;91;48;2;5;5;5m▄[0m[38;2;186;83;91;48;2;5;5;5m▄[0m[38;2;186;83;91;48;2;5;5;5m▄[0m[38;2;239;58;73;48;2;5;5;5m█[0m[38;2;239;58;73;48;2;5;5;5m█[0m[38;2;227;63;77;48;2;5;5;5m█[0m[38;2;227;63;77;48;2;5;5;5m█[0m[38;2;245;55;71;48;2;5;5;5m█[0m[38;2;245;55;71;48;2;5;5;5m█[0m[38;2;245;55;71;48;2;5;5;5m█[0m[38;2;242;56;72;48;2;5;5;5m█[0m[38;2;242;56;72;48;2;5;5;5m█[0m[38;2;244;55;71;48;2;5;5;5m█[0m[38;2;244;55;71;48;2;5;5;5m█[0m[38;2;183;84;92;48;2;5;5;5m▄[0m[38;2;183;84;92;48;2;5;5;5m▄[0m[38;2;183;84;92;48;2;5;5;5m▄[0m[38;2;255;51;68;48;2;5;5;5m█[0m[38;2;255;51;68;48;2;5;5;5m█[0m[38;2;236;59;74;48;2;5;5;5m█[0m[38;2;236;59;74;48;2;5;5;5m█[0m[38;2;233;61;75;48;2;5;5;5m█[0m[38;2;233;61;75;48;2;5;5;5m█[0m[38;2;236;59;74;48;2;5;5;5m█[0m[38;2;236;59;74;48;2;5;5;5m█[0m[38;2;236;59;74;48;2;5;5;5m█[0m[38;2;215;69;81;48;2;5;5;5m█[0m[38;2;215;69;81;48;2;5;5;5m█[0m[38;2;242;242;242;48;2;5;5;5m [0m[38;2;242;242;242;48;2;5;5;5m [0m[38;2;241;57;72;48;2;5;5;5m█[0m[38;2;241;57;72;48;2;5;5;5m█[0m[38;2;241;57;72;48;2;5;5;5m█[0m[38;2;216;69;81;48;2;5;5;5m█[0m[38;2;216;69;81;48;2;5;5;5m█[0m[38;2;242;242;242;48;2;5;5;5m [0m[38;2;242;242;242;48;2;5;5;5m [0m[38;2;168;91;97;48;2;5;5;5m▁[0m[38;2;168;91;97;48;2;5;5;5m▁[0m[38;2;168;91;97;48;2;5;5;5m▁[0m[38;2;189;81;90;48;2;5;5;5m▅[0m[38;2;189;81;90;48;2;5;5;5m▅[0m[38;2;193;79;89;48;2;5;5;5m▅[0m[38;2;193;79;89;48;2;5;5;5m▅[0m[38;2;200;76;86;48;2;5;5;5m▆[0m[38;2;200;76;86;48;2;5;5;5m▆[0m[42;180H
[43;111H[38;2;170;90;97;48;2;5;5;5m█[0m[38;2;170;90;97;48;2;5;5;5m█[0m[38;2;170;90;97;48;2;5;5;5m█[0m[38;2;176;87;95;48;2;5;5;5m█[0m[38;2;176;87;95;48;2;5;5;5m█[0m[38;2;211;71;82;48;2;5;5;5m█[0m[38;2;211;71;82;48;2;5;5;5m█[0m[38;2;175;88;95;48;2;5;5;5m█[0m[38;2;175;88;95;48;2;5;5;5m█[0m[38;2;175;88;95;48;2;5;5;5m█[0m[38;2;156;97;102;48;2;5;5;5m▇[0m[38;2;156;97;102;48;2;5;5;5m▇[0m[38;2;144;102;106;48;2;5;5;5m▅[0m[38;2;144;102;106;48;2;5;5;5m▅[0m[38;2;181;85;93;48;2;5;5;5m█[0m[38;2;181;85;93;48;2;5;5;5m█[0m[38;2;181;85;93;48;2;5;5;5m█[0m[38;2;116;116;116;48;2;5;5;5m▁[0m[38;2;116;116;116;48;2;5;5;5m▁[0m[38;2;199;76;87;48;2;5;5;5m█[0m[38;2;199;76;87;48;2;5;5;5m█[0m[38;2;171;90;96;48;2;5;5;5m█[0m[38;2;171;90;96;48;2;5;5;5m█[0m[38;2;186;83;91;48;2;5;5;5m█[0m[38;2;186;83;91;48;2;5;5;5m█[0m[38;2;186;83;91;48;2;5;5;5m█[0m[38;2;239;58;73;48;2;5;5;5m█[0m[38;2;239;58;73;48;2;5;5;5m█[0m[38;2;227;63;77;48;2;5;5;5m█[0m[38;2;227;63;77;48;2;5;5;5m█[0m[38;2;245;55;71;48;2;5;5;5m█[0m[38;2;245;55;71;48;2;5;5;5m█[0m[38;2;245;55;71;48;2;5;5;5m█[0m[38;2;242;56;72;48;2;5;5;5m█[0m[38;2;242;56;72;48;2;5;5;5m█[0m[38;2;244;55;71;48;2;5;5;5m█[0m[38;2;244;55;71;48;2;5;5;5m█[0m[38;2;183;84;92;48;2;5;5;5m█[0m[38;2;183;84;92;48;2;5;5;5m█[0m[38;2;183;84;92;48;2;5;5;5m█[0m[38;2;255;51;68;48;2;5;5;5m█[0m[38;2;255;51;68;48;2;5;5;5m█[0m[38;2;236;59;74;48;2;5;5;5m█[0m[38;2;236;59;74;48;2;5;5;5m█[0m[38;2;233;61;75;48;2;5;5;5m█[0m[38;2;233;61;75;48;2;5;5;5m█[0m[38;2;236;59;74;48;2;5;5;5m█[0m[38;2;236;59;74;48;2;5;5;5m█[0m[38;2;236;59;74;48;2;5;5;5m█[0m[38;2;215;69;81;48;2;5;5;5m█[0m[38;2;215;69;81;48;2;5;5;5m█[0m[38;2;144;102;106;48;2;5;5;5m▅[0m[38;2;144;102;106;48;2;5;5;5m▅[0m[38;2;241;57;72;48;2;5;5;5m█[0m[38;2;241;57;72;48;2;5;5;5m█[0m[38;2;241;57;72;48;2;5;5;5m█[0m[38;2;216;69;81;48;2;5;5;5m█[0m[38;2;216;69;81;48;2;5;5;5m█[0m[38;2;161;94;100;48;2;5;5;5m█[0m[38;2;161;94;100;48;2;5;5;5m█[0m[38;2;168;91;97;48;2;5;5;5m█[0m[38;2;168;91;97;48;2;5;5;5m█[0m[38;2;168;91;97;48;2;5;5;5m█[0m[38;2;189;81;90;48;2;5;5;5m█[0m[38;2;189;81;90;48;2;5;5;5m█[0m[38;2;193;79;89;48;2;5;5;5m█[0m[38;2;193;79;89;48;2;5;5;5m█[0m[38;2;200;76;86;48;2;5;5;5m█[0m[38;2;200;76;86;48;2;5;5;5m█[0m[43;180H
[44;111H[38;2;163;163;163;48;2;5;5;5m16:59:56 → 17:29:56 UTC · peak 266/bucket · total 6186[0m[48;2;5;5;5m               [0m[44;180H[2;5H[8;111H[1;38;2;242;242;242;48;2;5;5;5mINFERNET → TOKEN[0m[48;2;5;5;5m                                                     [0m[8;180H
[9;1H[38;2;163;163;163;48;2;15;15;15m   [0m[38;2;163;163;163;48;2;15;15;15m TIME UTC   [0m[38;2;163;163;163;48;2;15;15;15m WALLET        [0m[38;2;163;163;163;48;2;15;15;15m SOLD           [0m[38;2;163;163;163;48;2;15;15;15m   [0m[38;2;163;163;163;48;2;15;15;15m BOUGHT       [0m[38;2;163;163;163;48;2;15;15;15m GAP      [0m[38;2;163;163;163;48;2;15;15;15m GRADE     [0m[38;2;163;163;163;48;2;15;15;15m                      [0m[9;107H[38;2;242;242;242;48;2;5;5;5m  [0m[9;109H
[9;111H[38;2;163;163;163;48;2;5;5;5m0x4224…6e99 → 0x1dce…3143[0m[48;2;5;5;5m                                            [0m[9;180H
[10;1H[38;2;242;242;242;48;2;15;15;15m [0m[38;2;255;51;68;48;2;15;15;15m▌[0m[38;2;242;242;242;48;2;15;15;15m [0m[38;2;242;242;242;48;2;15;15;15m [0m[38;2;163;163;163;48;2;15;15;15m17:29:50≈[0m[38;2;242;242;242;48;2;15;15;15m  [0m[38;2;242;242;242;48;2;15;15;15m [0m[38;2;163;163;163;48;2;15;15;15m0x6417…26a7[0m[38;2;242;242;242;48;2;15;15;15m   [0m[38;2;242;242;242;48;2;15;15;15m RSTR           [0m[38;2;242;242;242;48;2;15;15;15m [0m[38;2;255;51;68;48;2;15;15;15m→[0m[38;2;242;242;242;48;2;15;15;15m [0m[38;2;242;242;242;48;2;15;15;15m ND4          [0m[38;2;242;242;242;48;2;15;15;15m [0m[38;2;163;163;163;48;2;15;15;15m7m46s[0m[38;2;242;242;242;48;2;15;15;15m    [0m[38;2;242;242;242;48;2;15;15;15m clean     [0m[38;2;242;242;242;48;2;15;15;15m                      [0m[10;107H[38;2;242;242;242;48;2;5;5;5m  [0m[10;109H
[10;111H[38;2;242;242;242;48;2;5;5;5m[0m[48;2;5;5;5m                                                                     [0m[10;180H
[11;1H[38;2;242;242;242;48;2;15;15;15m [0m[38;2;255;51;68;48;2;15;15;15m▌[0m[38;2;242;242;242;48;2;15;15;15m [0m[38;2;242;242;242;48;2;15;15;15m [0m[38;2;163;163;163;48;2;15;15;15m17:29:50[0m[38;2;242;242;242;48;2;15;15;15m   [0m[38;2;242;242;242;48;2;15;15;15m [0m[38;2;163;163;163;48;2;15;15;15m0x9c18…52f9[0m[38;2;242;242;242;48;2;15;15;15m   [0m[38;2;242;242;242;48;2;15;15;15m TruffleHog     [0m[38;2;242;242;242;48;2;15;15;15m [0m[38;2;255;51;68;48;2;15;15;15m→[0m[38;2;242;242;242;48;2;15;15;15m [0m[38;2;242;242;242;48;2;15;15;15m LUNAR        [0m[38;2;242;242;242;48;2;15;15;15m [0m[38;2;163;163;163;48;2;15;15;15m10m22s[0m[38;2;242;242;242;48;2;15;15;15m   [0m[38;2;242;242;242;48;2;15;15;15m clean     [0m[38;2;242;242;242;48;2;15;15;15m                      [0m[11;107H[38;2;242;242;242;48;2;5;5;5m  [0m[11;109H
[11;111H[38;2;242;242;242;48;2;5;5;5mwallet 0xd610…a142[0m[48;2;5;5;5m                                                   [0m[11;180H
[12;1H[38;2;242;242;242;48;2;15;15;15m [0m[38;2;255;51;68;48;2;15;15;15m▌[0m[38;2;242;242;242;48;2;15;15;15m [0m[38;2;242;242;242;48;2;15;15;15m [0m[38;2;163;163;163;48;2;15;15;15m17:29:50[0m[38;2;242;242;242;48;2;15;15;15m   [0m[38;2;242;242;242;48;2;15;15;15m [0m[38;2;163;163;163;48;2;15;15;15m0x53c0…c4ce[0m[38;2;242;242;242;48;2;15;15;15m   [0m[38;2;242;242;242;48;2;15;15;15m TruffleHog     [0m[38;2;242;242;242;48;2;15;15;15m [0m[38;2;255;51;68;48;2;15;15;15m→[0m[38;2;242;242;242;48;2;15;15;15m [0m[38;2;242;242;242;48;2;15;15;15m LUNAR        [0m[38;2;242;242;242;48;2;15;15;15m [0m[38;2;163;163;163;48;2;15;15;15m8m09s[0m[38;2;242;242;242;48;2;15;15;15m    [0m[38;2;242;242;242;48;2;15;15;15m clean     [0m[38;2;242;242;242;48;2;15;15;15m                      [0m[12;107H[38;2;242;242;242;48;2;5;5;5m  [0m[12;109H
[12;111H[38;2;163;163;163;48;2;5;5;5msold   17:27:24 UTC[0m[48;2;5;5;5m                                                  [0m[12;180H
[13;1H[38;2;242;242;242;48;2;15;15;15m [0m[38;2;255;51;68;48;2;15;15;15m▌[0m[38;2;242;242;242;48;2;15;15;15m [0m[38;2;242;242;242;48;2;15;15;15m [0m[38;2;163;163;163;48;2;15;15;15m17:29:51≈[0m[38;2;242;242;242;48;2;15;15;15m  [0m[38;2;242;242;242;48;2;15;15;15m [0m[38;2;163;163;163;48;2;15;15;15m0x1b39…f747[0m[38;2;242;242;242;48;2;15;15;15m   [0m[38;2;242;242;242;48;2;15;15;15m MIKA           [0m[38;2;242;242;242;48;2;15;15;15m [0m[38;2;255;51;68;48;2;15;15;15m→[0m[38;2;242;242;242;48;2;15;15;15m [0m[38;2;242;242;242;48;2;15;15;15m INFERNET     [0m[38;2;242;242;242;48;2;15;15;15m [0m[38;2;163;163;163;48;2;15;15;15m28m18s[0m[38;2;242;242;242;48;2;15;15;15m   [0m[38;2;242;242;242;48;2;15;15;15m clean     [0m[38;2;242;242;242;48;2;15;15;15m                      [0m[13;107H[38;2;242;242;242;48;2;5;5;5m  [0m[13;109H
[13;111H[38;2;163;163;163;48;2;5;5;5mbought 17:29:56≈ UTC · gap 2m32s · clean[0m[48;2;5;5;5m                             [0m[13;180H
[14;1H[38;2;242;242;242;48;2;15;15;15m [0m[38;2;255;51;68;48;2;15;15;15m▌[0m[38;2;242;242;242;48;2;15;15;15m [0m[38;2;242;242;242;48;2;15;15;15m [0m[38;2;163;163;163;48;2;15;15;15m17:29:51≈[0m[38;2;242;242;242;48;2;15;15;15m  [0m[38;2;242;242;242;48;2;15;15;15m [0m[38;2;163;163;163;48;2;15;15;15m0xc305…5a05[0m[38;2;242;242;242;48;2;15;15;15m   [0m[38;2;242;242;242;48;2;15;15;15m RMD            [0m[38;2;242;242;242;48;2;15;15;15m [0m[38;2;255;51;68;48;2;15;15;15m→[0m[38;2;242;242;242;48;2;15;15;15m [0m[38;2;242;242;242;48;2;15;15;15m INFERNET     [0m[38;2;242;242;242;48;2;15;15;15m [0m[38;2;163;163;163;48;2;15;15;15m23m43s[0m[38;2;242;242;242;48;2;15;15;15m   [0m[38;2;242;242;242;48;2;15;15;15m clean     [0m[38;2;242;242;242;48;2;15;15;15m                      [0m[14;107H[38;2;242;242;242;48;2;5;5;5m  [0m[14;109H
[14;111H[38;2;163;163;163;48;2;5;5;5msell tx 0x9308…58db[0m[48;2;5;5;5m                                                  [0m[14;180H
[15;1H[38;2;242;242;242;48;2;15;15;15m [0m[38;2;255;51;68;48;2;15;15;15m▌[0m[38;2;242;242;242;48;2;15;15;15m [0m[38;2;242;242;242;48;2;15;15;15m [0m[38;2;163;163;163;48;2;15;15;15m17:29:51≈[0m[38;2;242;242;242;48;2;15;15;15m  [0m[38;2;242;242;242;48;2;15;15;15m [0m[38;2;163;163;163;48;2;15;15;15m0xac56…caf4[0m[38;2;242;242;242;48;2;15;15;15m   [0m[38;2;242;242;242;48;2;15;15;15m RMD            [0m[38;2;242;242;242;48;2;15;15;15m [0m[38;2;255;51;68;48;2;15;15;15m→[0m[38;2;242;242;242;48;2;15;15;15m [0m[38;2;242;242;242;48;2;15;15;15m INFERNET     [0m[38;2;242;242;242;48;2;15;15;15m [0m[38;2;163;163;163;48;2;15;15;15m23m43s[0m[38;2;242;242;242;48;2;15;15;15m   [0m[38;2;242;242;242;48;2;15;15;15m clean     [0m[38;2;242;242;242;48;2;15;15;15m                      [0m[15;107H[38;2;242;242;242;48;2;5;5;5m  [0m[15;109H
[15;111H[38;2;163;163;163;48;2;5;5;5mbuy tx  0x9468…74e8[0m[48;2;5;5;5m                                                  [0m[15;180H
[16;1H[38;2;242;242;242;48;2;15;15;15m [0m[38;2;255;51;68;48;2;15;15;15m▌[0m[38;2;242;242;242;48;2;15;15;15m [0m[38;2;242;242;242;48;2;15;15;15m [0m[38;2;163;163;163;48;2;15;15;15m17:29:51≈[0m[38;2;242;242;242;48;2;15;15;15m  [0m[38;2;242;242;242;48;2;15;15;15m [0m[38;2;163;163;163;48;2;15;15;15m0xd9e6…81db[0m[38;2;242;242;242;48;2;15;15;15m   [0m[38;2;242;242;242;48;2;15;15;15m RMD            [0m[38;2;242;242;242;48;2;15;15;15m [0m[38;2;255;51;68;48;2;15;15;15m→[0m[38;2;242;242;242;48;2;15;15;15m [0m[38;2;242;242;242;48;2;15;15;15m INFERNET     [0m[38;2;242;242;242;48;2;15;15;15m [0m[38;2;163;163;163;48;2;15;15;15m23m43s[0m[38;2;242;242;242;48;2;15;15;15m   [0m[38;2;242;242;242;48;2;15;15;15m clean     [0m[38;2;242;242;242;48;2;15;15;15m                      [0m[16;107H[38;2;242;242;242;48;2;5;5;5m  [0m[16;109H
[16;111H[38;2;242;242;242;48;2;5;5;5m[0m[48;2;5;5;5m                                                                     [0m[16;180H
[17;1H[38;2;242;242;242;48;2;15;15;15m [0m[38;2;255;51;68;48;2;15;15;15m▌[0m[38;2;242;242;242;48;2;15;15;15m [0m[38;2;242;242;242;48;2;15;15;15m [0m[38;2;163;163;163;48;2;15;15;15m17:29:51≈[0m[38;2;242;242;242;48;2;15;15;15m  [0m[38;2;242;242;242;48;2;15;15;15m [0m[38;2;163;163;163;48;2;15;15;15m0xa21e…fc11[0m[38;2;242;242;242;48;2;15;15;15m   [0m[38;2;242;242;242;48;2;15;15;15m P0X            [0m[38;2;242;242;242;48;2;15;15;15m [0m[38;2;255;51;68;48;2;15;15;15m→[0m[38;2;242;242;242;48;2;15;15;15m [0m[38;2;242;242;242;48;2;15;15;15m AC           [0m[38;2;242;242;242;48;2;15;15;15m [0m[38;2;163;163;163;48;2;15;15;15m16m01s[0m[38;2;242;242;242;48;2;15;15;15m   [0m[38;2;242;242;242;48;2;15;15;15m clean     [0m[38;2;242;242;242;48;2;15;15;15m                      [0m[17;107H[38;2;242;242;242;48;2;5;5;5m  [0m[17;109H
[17;111H[38;2;116;116;116;48;2;5;5;5mEnter: all wallets on this pair[0m[48;2;5;5;5m                                      [0m[17;180H
[18;1H[38;2;242;242;242;48;2;15;15;15m [0m[38;2;255;51;68;48;2;15;15;15m▌[0m[38;2;242;242;242;48;2;15;15;15m [0m[38;2;242;242;242;48;2;15;15;15m [0m[38;2;163;163;163;48;2;15;15;15m17:29:51[0m[38;2;242;242;242;48;2;15;15;15m   [0m[38;2;242;242;242;48;2;15;15;15m [0m[38;2;163;163;163;48;2;15;15;15m0x11e5…768a[0m[38;2;242;242;242;48;2;15;15;15m   [0m[38;2;242;242;242;48;2;15;15;15m TruffleHog     [0m[38;2;242;242;242;48;2;15;15;15m [0m[38;2;255;51;68;48;2;15;15;15m→[0m[38;2;242;242;242;48;2;15;15;15m [0m[38;2;242;242;242;48;2;15;15;15m LUNAR        [0m[38;2;242;242;242;48;2;15;15;15m [0m[38;2;163;163;163;48;2;15;15;15m12m38s[0m[38;2;242;242;242;48;2;15;15;15m   [0m[38;2;242;242;242;48;2;15;15;15m clean     [0m[38;2;242;242;242;48;2;15;15;15m                      [0m[18;107H[38;2;242;242;242;48;2;5;5;5m  [0m[18;109H
[19;1H[38;2;242;242;242;48;2;15;15;15m [0m[38;2;255;51;68;48;2;15;15;15m▌[0m[38;2;242;242;242;48;2;15;15;15m [0m[38;2;242;242;242;48;2;15;15;15m [0m[38;2;163;163;163;48;2;15;15;15m17:29:51[0m[38;2;242;242;242;48;2;15;15;15m   [0m[38;2;242;242;242;48;2;15;15;15m [0m[38;2;163;163;163;48;2;15;15;15m0x61b9…4661[0m[38;2;242;242;242;48;2;15;15;15m   [0m[38;2;242;242;242;48;2;15;15;15m TruffleHog     [0m[38;2;242;242;242;48;2;15;15;15m [0m[38;2;255;51;68;48;2;15;15;15m→[0m[38;2;242;242;242;48;2;15;15;15m [0m[38;2;242;242;242;48;2;15;15;15m LUNAR        [0m[38;2;242;242;242;48;2;15;15;15m [0m[38;2;163;163;163;48;2;15;15;15m8m10s[0m[38;2;242;242;242;48;2;15;15;15m    [0m[38;2;242;242;242;48;2;15;15;15m clean     [0m[38;2;242;242;242;48;2;15;15;15m                      [0m[19;107H[38;2;242;242;242;48;2;5;5;5m  [0m[19;109H
[20;1H[38;2;242;242;242;48;2;15;15;15m [0m[38;2;255;51;68;48;2;15;15;15m▌[0m[38;2;242;242;242;48;2;15;15;15m [0m[38;2;242;242;242;48;2;15;15;15m [0m[38;2;163;163;163;48;2;15;15;15m17:29:52≈[0m[38;2;242;242;242;48;2;15;15;15m  [0m[38;2;242;242;242;48;2;15;15;15m [0m[38;2;163;163;163;48;2;15;15;15m0xa25a…78aa[0m[38;2;242;242;242;48;2;15;15;15m   [0m[38;2;242;242;242;48;2;15;15;15m Yo-yo          [0m[38;2;242;242;242;48;2;15;15;15m [0m[38;2;255;51;68;48;2;15;15;15m→[0m[38;2;242;242;242;48;2;15;15;15m [0m[38;2;242;242;242;48;2;15;15;15m INFERNET     [0m[38;2;242;242;242;48;2;15;15;15m [0m[38;2;163;163;163;48;2;15;15;15m24m25s[0m[38;2;242;242;242;48;2;15;15;15m   [0m[38;2;242;242;242;48;2;15;15;15m clean     [0m[38;2;242;242;242;48;2;15;15;15m                      [0m[20;107H[38;2;242;242;242;48;2;5;5;5m  [0m[20;109H
[21;1H[38;2;242;242;242;48;2;15;15;15m [0m[38;2;255;51;68;48;2;15;15;15m▌[0m[38;2;242;242;242;48;2;15;15;15m [0m[38;2;242;242;242;48;2;15;15;15m [0m[38;2;163;163;163;48;2;15;15;15m17:29:52[0m[38;2;242;242;242;48;2;15;15;15m   [0m[38;2;242;242;242;48;2;15;15;15m [0m[38;2;163;163;163;48;2;15;15;15m0x9748…7960[0m[38;2;242;242;242;48;2;15;15;15m   [0m[38;2;242;242;242;48;2;15;15;15m MONARCH        [0m[38;2;242;242;242;48;2;15;15;15m [0m[38;2;255;51;68;48;2;15;15;15m→[0m[38;2;242;242;242;48;2;15;15;15m [0m[38;2;242;242;242;48;2;15;15;15m ATHER        [0m[38;2;242;242;242;48;2;15;15;15m [0m[38;2;163;163;163;48;2;15;15;15m13m46s[0m[38;2;242;242;242;48;2;15;15;15m   [0m[38;2;242;242;242;48;2;15;15;15m clean     [0m[38;2;242;242;242;48;2;15;15;15m                      [0m[21;107H[38;2;242;242;242;48;2;5;5;5m  [0m[21;109H
[22;1H[38;2;242;242;242;48;2;15;15;15m [0m[38;2;255;51;68;48;2;15;15;15m▌[0m[38;2;242;242;242;48;2;15;15;15m [0m[38;2;242;242;242;48;2;15;15;15m [0m[38;2;163;163;163;48;2;15;15;15m17:29:52[0m[38;2;242;242;242;48;2;15;15;15m   [0m[38;2;242;242;242;48;2;15;15;15m [0m[38;2;163;163;163;48;2;15;15;15m0xac36…7922[0m[38;2;242;242;242;48;2;15;15;15m   [0m[38;2;242;242;242;48;2;15;15;15m TruffleHog     [0m[38;2;242;242;242;48;2;15;15;15m [0m[38;2;255;51;68;48;2;15;15;15m→[0m[38;2;242;242;242;48;2;15;15;15m [0m[38;2;242;242;242;48;2;15;15;15m LUNAR        [0m[38;2;242;242;242;48;2;15;15;15m [0m[38;2;163;163;163;48;2;15;15;15m8m11s[0m[38;2;242;242;242;48;2;15;15;15m    [0m[38;2;242;242;242;48;2;15;15;15m clean     [0m[38;2;242;242;242;48;2;15;15;15m                      [0m[22;107H[38;2;242;242;242;48;2;5;5;5m  [0m[22;109H
[23;1H[38;2;242;242;242;48;2;15;15;15m [0m[38;2;255;51;68;48;2;15;15;15m▌[0m[38;2;242;242;242;48;2;15;15;15m [0m[38;2;242;242;242;48;2;15;15;15m [0m[38;2;163;163;163;48;2;15;15;15m17:29:52≈[0m[38;2;242;242;242;48;2;15;15;15m  [0m[38;2;242;242;242;48;2;15;15;15m [0m[38;2;163;163;163;48;2;15;15;15m0x369b…480a[0m[38;2;242;242;242;48;2;15;15;15m   [0m[38;2;242;242;242;48;2;15;15;15m CLUBY          [0m[38;2;242;242;242;48;2;15;15;15m [0m[38;2;255;51;68;48;2;15;15;15m→[0m[38;2;242;242;242;48;2;15;15;15m [0m[38;2;242;242;242;48;2;15;15;15m SAFEMOON     [0m[38;2;242;242;242;48;2;15;15;15m [0m[38;2;163;163;163;48;2;15;15;15m12s[0m[38;2;242;242;242;48;2;15;15;15m      [0m[38;2;242;242;242;48;2;15;15;15m clean     [0m[38;2;242;242;242;48;2;15;15;15m                      [0m[23;107H[38;2;242;242;242;48;2;5;5;5m  [0m[23;109H
[24;1H[38;2;242;242;242;48;2;15;15;15m [0m[38;2;255;51;68;48;2;15;15;15m▌[0m[38;2;242;242;242;48;2;15;15;15m [0m[38;2;242;242;242;48;2;15;15;15m [0m[38;2;163;163;163;48;2;15;15;15m17:29:52≈[0m[38;2;242;242;242;48;2;15;15;15m  [0m[38;2;242;242;242;48;2;15;15;15m [0m[38;2;163;163;163;48;2;15;15;15m0xb6f5…c57e[0m[38;2;242;242;242;48;2;15;15;15m   [0m[38;2;242;242;242;48;2;15;15;15m POLY           [0m[38;2;242;242;242;48;2;15;15;15m [0m[38;2;255;51;68;48;2;15;15;15m→[0m[38;2;242;242;242;48;2;15;15;15m [0m[38;2;242;242;242;48;2;15;15;15m OWED         [0m[38;2;242;242;242;48;2;15;15;15m [0m[38;2;163;163;163;48;2;15;15;15m1m17s[0m[38;2;242;242;242;48;2;15;15;15m    [0m[38;2;242;242;242;48;2;15;15;15m clean     [0m[38;2;242;242;242;48;2;15;15;15m                      [0m[24;107H[38;2;242;242;242;48;2;5;5;5m  [0m[24;109H
[25;1H[38;2;242;242;242;48;2;15;15;15m [0m[38;2;255;51;68;48;2;15;15;15m▌[0m[38;2;242;242;242;48;2;15;15;15m [0m[38;2;242;242;242;48;2;15;15;15m [0m[38;2;163;163;163;48;2;15;15;15m17:29:53[0m[38;2;242;242;242;48;2;15;15;15m   [0m[38;2;242;242;242;48;2;15;15;15m [0m[38;2;163;163;163;48;2;15;15;15m0x5e2e…7b02[0m[38;2;242;242;242;48;2;15;15;15m   [0m[38;2;242;242;242;48;2;15;15;15m TruffleHog     [0m[38;2;242;242;242;48;2;15;15;15m [0m[38;2;255;51;68;48;2;15;15;15m→[0m[38;2;242;242;242;48;2;15;15;15m [0m[38;2;242;242;242;48;2;15;15;15m LUNAR        [0m[38;2;242;242;242;48;2;15;15;15m [0m[38;2;163;163;163;48;2;15;15;15m8m12s[0m[38;2;242;242;242;48;2;15;15;15m    [0m[38;2;242;242;242;48;2;15;15;15m clean     [0m[38;2;242;242;242;48;2;15;15;15m                      [0m[25;107H[38;2;242;242;242;48;2;5;5;5m  [0m[25;109H
[26;1H[38;2;242;242;242;48;2;15;15;15m [0m[38;2;255;51;68;48;2;15;15;15m▌[0m[38;2;242;242;242;48;2;15;15;15m [0m[38;2;242;242;242;48;2;15;15;15m [0m[38;2;163;163;163;48;2;15;15;15m17:29:53[0m[38;2;242;242;242;48;2;15;15;15m   [0m[38;2;242;242;242;48;2;15;15;15m [0m[38;2;163;163;163;48;2;15;15;15m0xd76b…514f[0m[38;2;242;242;242;48;2;15;15;15m   [0m[38;2;242;242;242;48;2;15;15;15m TruffleHog     [0m[38;2;242;242;242;48;2;15;15;15m [0m[38;2;255;51;68;48;2;15;15;15m→[0m[38;2;242;242;242;48;2;15;15;15m [0m[38;2;242;242;242;48;2;15;15;15m LUNAR        [0m[38;2;242;242;242;48;2;15;15;15m [0m[38;2;163;163;163;48;2;15;15;15m10m25s[0m[38;2;242;242;242;48;2;15;15;15m   [0m[38;2;242;242;242;48;2;15;15;15m clean     [0m[38;2;242;242;242;48;2;15;15;15m                      [0m[26;107H[38;2;242;242;242;48;2;5;5;5m  [0m[26;109H
[27;1H[38;2;242;242;242;48;2;15;15;15m [0m[38;2;255;51;68;48;2;15;15;15m▌[0m[38;2;242;242;242;48;2;15;15;15m [0m[38;2;242;242;242;48;2;15;15;15m [0m[38;2;163;163;163;48;2;15;15;15m17:29:53[0m[38;2;242;242;242;48;2;15;15;15m   [0m[38;2;242;242;242;48;2;15;15;15m [0m[38;2;163;163;163;48;2;15;15;15m0x1929…029a[0m[38;2;242;242;242;48;2;15;15;15m   [0m[38;2;242;242;242;48;2;15;15;15m VLAD           [0m[38;2;242;242;242;48;2;15;15;15m [0m[38;2;255;51;68;48;2;15;15;15m→[0m[38;2;242;242;242;48;2;15;15;15m [0m[38;2;242;242;242;48;2;15;15;15m C4T          [0m[38;2;242;242;242;48;2;15;15;15m [0m[38;2;163;163;163;48;2;15;15;15m7m23s[0m[38;2;242;242;242;48;2;15;15;15m    [0m[38;2;242;242;242;48;2;15;15;15m clean     [0m[38;2;242;242;242;48;2;15;15;15m                      [0m[27;107H[38;2;242;242;242;48;2;5;5;5m  [0m[27;109H
[28;1H[38;2;242;242;242;48;2;15;15;15m [0m[38;2;255;51;68;48;2;15;15;15m▌[0m[38;2;242;242;242;48;2;15;15;15m [0m[38;2;242;242;242;48;2;15;15;15m [0m[38;2;163;163;163;48;2;15;15;15m17:29:53≈[0m[38;2;242;242;242;48;2;15;15;15m  [0m[38;2;242;242;242;48;2;15;15;15m [0m[38;2;163;163;163;48;2;15;15;15m0x360a…4839[0m[38;2;242;242;242;48;2;15;15;15m   [0m[38;2;242;242;242;48;2;15;15;15m ORBIO          [0m[38;2;242;242;242;48;2;15;15;15m [0m[38;2;255;51;68;48;2;15;15;15m→[0m[38;2;242;242;242;48;2;15;15;15m [0m[38;2;242;242;242;48;2;15;15;15m FLY          [0m[38;2;242;242;242;48;2;15;15;15m [0m[38;2;163;163;163;48;2;15;15;15m14s[0m[38;2;242;242;242;48;2;15;15;15m      [0m[38;2;242;242;242;48;2;15;15;15m clean     [0m[38;2;242;242;242;48;2;15;15;15m                      [0m[28;107H[38;2;242;242;242;48;2;5;5;5m  [0m[28;109H
[29;1H[38;2;242;242;242;48;2;15;15;15m [0m[38;2;255;51;68;48;2;15;15;15m▌[0m[38;2;242;242;242;48;2;15;15;15m [0m[38;2;242;242;242;48;2;15;15;15m [0m[38;2;163;163;163;48;2;15;15;15m17:29:54[0m[38;2;242;242;242;48;2;15;15;15m   [0m[38;2;242;242;242;48;2;15;15;15m [0m[38;2;163;163;163;48;2;15;15;15m0xdf70…ae30[0m[38;2;242;242;242;48;2;15;15;15m   [0m[38;2;242;242;242;48;2;15;15;15m TruffleHog     [0m[38;2;242;242;242;48;2;15;15;15m [0m[38;2;255;51;68;48;2;15;15;15m→[0m[38;2;242;242;242;48;2;15;15;15m [0m[38;2;242;242;242;48;2;15;15;15m LUNAR        [0m[38;2;242;242;242;48;2;15;15;15m [0m[38;2;163;163;163;48;2;15;15;15m8m13s[0m[38;2;242;242;242;48;2;15;15;15m    [0m[38;2;242;242;242;48;2;15;15;15m clean     [0m[38;2;242;242;242;48;2;15;15;15m                      [0m[29;107H[38;2;242;242;242;48;2;5;5;5m  [0m[29;109H
[30;1H[38;2;242;242;242;48;2;15;15;15m [0m[38;2;255;51;68;48;2;15;15;15m▌[0m[38;2;242;242;242;48;2;15;15;15m [0m[38;2;242;242;242;48;2;15;15;15m [0m[38;2;163;163;163;48;2;15;15;15m17:29:55≈[0m[38;2;242;242;242;48;2;15;15;15m  [0m[38;2;242;242;242;48;2;15;15;15m [0m[38;2;163;163;163;48;2;15;15;15m0xc2ec…38e5[0m[38;2;242;242;242;48;2;15;15;15m   [0m[38;2;242;242;242;48;2;15;15;15m Sweater        [0m[38;2;242;242;242;48;2;15;15;15m [0m[38;2;255;51;68;48;2;15;15;15m→[0m[38;2;242;242;242;48;2;15;15;15m [0m[38;2;242;242;242;48;2;15;15;15m Pickle       [0m[38;2;242;242;242;48;2;15;15;15m [0m[38;2;163;163;163;48;2;15;15;15m28m51s[0m[38;2;242;242;242;48;2;15;15;15m   [0m[38;2;242;242;242;48;2;15;15;15m clean     [0m[38;2;242;242;242;48;2;15;15;15m                      [0m[30;107H[38;2;242;242;242;48;2;5;5;5m  [0m[30;109H
[31;1H[38;2;242;242;242;48;2;15;15;15m [0m[38;2;255;51;68;48;2;15;15;15m▌[0m[38;2;242;242;242;48;2;15;15;15m [0m[38;2;242;242;242;48;2;15;15;15m [0m[38;2;163;163;163;48;2;15;15;15m17:29:55≈[0m[38;2;242;242;242;48;2;15;15;15m  [0m[38;2;242;242;242;48;2;15;15;15m [0m[38;2;163;163;163;48;2;15;15;15m0x275c…29ae[0m[38;2;242;242;242;48;2;15;15;15m   [0m[38;2;242;242;242;48;2;15;15;15m CLAWNCH        [0m[38;2;242;242;242;48;2;15;15;15m [0m[38;2;255;51;68;48;2;15;15;15m→[0m[38;2;242;242;242;48;2;15;15;15m [0m[38;2;242;242;242;48;2;15;15;15m STREAM       [0m[38;2;242;242;242;48;2;15;15;15m [0m[38;2;163;163;163;48;2;15;15;15m18s[0m[38;2;242;242;242;48;2;15;15;15m      [0m[38;2;242;242;242;48;2;15;15;15m clean     [0m[38;2;242;242;242;48;2;15;15;15m                      [0m[31;107H[38;2;242;242;242;48;2;5;5;5m  [0m[31;109H
[32;1H[38;2;242;242;242;48;2;15;15;15m [0m[38;2;255;51;68;48;2;15;15;15m▌[0m[38;2;242;242;242;48;2;15;15;15m [0m[38;2;242;242;242;48;2;15;15;15m [0m[38;2;163;163;163;48;2;15;15;15m17:29:56≈[0m[38;2;242;242;242;48;2;15;15;15m  [0m[38;2;242;242;242;48;2;15;15;15m [0m[38;2;163;163;163;48;2;15;15;15m0x15ea…adfb[0m[38;2;242;242;242;48;2;15;15;15m   [0m[38;2;242;242;242;48;2;15;15;15m egregore       [0m[38;2;242;242;242;48;2;15;15;15m [0m[38;2;255;51;68;48;2;15;15;15m→[0m[38;2;242;242;242;48;2;15;15;15m [0m[38;2;242;242;242;48;2;15;15;15m MINER        [0m[38;2;242;242;242;48;2;15;15;15m [0m[38;2;163;163;163;48;2;15;15;15m16m21s[0m[38;2;242;242;242;48;2;15;15;15m   [0m[38;2;242;242;242;48;2;15;15;15m clean     [0m[38;2;242;242;242;48;2;15;15;15m                      [0m[32;107H[38;2;242;242;242;48;2;5;5;5m  [0m[32;109H
[33;1H[38;2;242;242;242;48;2;15;15;15m [0m[38;2;255;51;68;48;2;15;15;15m▌[0m[38;2;242;242;242;48;2;15;15;15m [0m[38;2;242;242;242;48;2;15;15;15m [0m[38;2;163;163;163;48;2;15;15;15m17:29:56≈[0m[38;2;242;242;242;48;2;15;15;15m  [0m[38;2;242;242;242;48;2;15;15;15m [0m[38;2;163;163;163;48;2;15;15;15m0xe7ce…0934[0m[38;2;242;242;242;48;2;15;15;15m   [0m[38;2;242;242;242;48;2;15;15;15m Yo-yo          [0m[38;2;242;242;242;48;2;15;15;15m [0m[38;2;255;51;68;48;2;15;15;15m→[0m[38;2;242;242;242;48;2;15;15;15m [0m[38;2;242;242;242;48;2;15;15;15m MINER        [0m[38;2;242;242;242;48;2;15;15;15m [0m[38;2;163;163;163;48;2;15;15;15m21m17s[0m[38;2;242;242;242;48;2;15;15;15m   [0m[38;2;242;242;242;48;2;15;15;15m clean     [0m[38;2;242;242;242;48;2;15;15;15m                      [0m[33;107H[38;2;242;242;242;48;2;5;5;5m  [0m[33;109H
[34;1H[38;2;242;242;242;48;2;15;15;15m [0m[38;2;255;51;68;48;2;15;15;15m▌[0m[38;2;242;242;242;48;2;15;15;15m [0m[38;2;242;242;242;48;2;15;15;15m [0m[38;2;163;163;163;48;2;15;15;15m17:29:56≈[0m[38;2;242;242;242;48;2;15;15;15m  [0m[38;2;242;242;242;48;2;15;15;15m [0m[38;2;163;163;163;48;2;15;15;15m0x3bf3…d39a[0m[38;2;242;242;242;48;2;15;15;15m   [0m[38;2;242;242;242;48;2;15;15;15m STYX           [0m[38;2;242;242;242;48;2;15;15;15m [0m[38;2;255;51;68;48;2;15;15;15m→[0m[38;2;242;242;242;48;2;15;15;15m [0m[38;2;242;242;242;48;2;15;15;15m FEEZ         [0m[38;2;242;242;242;48;2;15;15;15m [0m[38;2;163;163;163;48;2;15;15;15m7m55s[0m[38;2;242;242;242;48;2;15;15;15m    [0m[38;2;242;242;242;48;2;15;15;15m clean     [0m[38;2;242;242;242;48;2;15;15;15m                      [0m[34;107H[38;2;242;242;242;48;2;5;5;5m  [0m[34;109H
[35;1H[38;2;242;242;242;48;2;15;15;15m [0m[38;2;255;51;68;48;2;15;15;15m▌[0m[38;2;242;242;242;48;2;15;15;15m [0m[38;2;242;242;242;48;2;15;15;15m [0m[38;2;163;163;163;48;2;15;15;15m17:29:56≈[0m[38;2;242;242;242;48;2;15;15;15m  [0m[38;2;242;242;242;48;2;15;15;15m [0m[38;2;163;163;163;48;2;15;15;15m0xe893…1561[0m[38;2;242;242;242;48;2;15;15;15m   [0m[38;2;242;242;242;48;2;15;15;15m ZFORGE         [0m[38;2;242;242;242;48;2;15;15;15m [0m[38;2;255;51;68;48;2;15;15;15m→[0m[38;2;242;242;242;48;2;15;15;15m [0m[38;2;242;242;242;48;2;15;15;15m DARK         [0m[38;2;242;242;242;48;2;15;15;15m [0m[38;2;163;163;163;48;2;15;15;15m26s[0m[38;2;242;242;242;48;2;15;15;15m      [0m[38;2;242;242;242;48;2;15;15;15m clean     [0m[38;2;242;242;242;48;2;15;15;15m                      [0m[35;107H[38;2;242;242;242;48;2;5;5;5m  [0m[35;109H
[36;1H[38;2;242;242;242;48;2;15;15;15m [0m[38;2;255;51;68;48;2;15;15;15m▌[0m[38;2;242;242;242;48;2;15;15;15m [0m[38;2;242;242;242;48;2;15;15;15m [0m[38;2;163;163;163;48;2;15;15;15m17:29:56[0m[38;2;242;242;242;48;2;15;15;15m   [0m[38;2;242;242;242;48;2;15;15;15m [0m[38;2;163;163;163;48;2;15;15;15m0x86f3…5ab4[0m[38;2;242;242;242;48;2;15;15;15m   [0m[38;2;242;242;242;48;2;15;15;15m TruffleHog     [0m[38;2;242;242;242;48;2;15;15;15m [0m[38;2;255;51;68;48;2;15;15;15m→[0m[38;2;242;242;242;48;2;15;15;15m [0m[38;2;242;242;242;48;2;15;15;15m LUNAR        [0m[38;2;242;242;242;48;2;15;15;15m [0m[38;2;163;163;163;48;2;15;15;15m8m15s[0m[38;2;242;242;242;48;2;15;15;15m    [0m[38;2;242;242;242;48;2;15;15;15m clean     [0m[38;2;242;242;242;48;2;15;15;15m                      [0m[36;107H[38;2;242;242;242;48;2;5;5;5m  [0m[36;109H
[37;1H[38;2;242;242;242;48;2;15;15;15m [0m[38;2;255;51;68;48;2;15;15;15m▌[0m[38;2;242;242;242;48;2;15;15;15m [0m[38;2;242;242;242;48;2;15;15;15m [0m[38;2;163;163;163;48;2;15;15;15m17:29:56[0m[38;2;242;242;242;48;2;15;15;15m   [0m[38;2;242;242;242;48;2;15;15;15m [0m[38;2;163;163;163;48;2;15;15;15m0x0dda…63af[0m[38;2;242;242;242;48;2;15;15;15m   [0m[38;2;242;242;242;48;2;15;15;15m TruffleHog     [0m[38;2;242;242;242;48;2;15;15;15m [0m[38;2;255;51;68;48;2;15;15;15m→[0m[38;2;242;242;242;48;2;15;15;15m [0m[38;2;242;242;242;48;2;15;15;15m LUNAR        [0m[38;2;242;242;242;48;2;15;15;15m [0m[38;2;163;163;163;48;2;15;15;15m8m15s[0m[38;2;242;242;242;48;2;15;15;15m    [0m[38;2;242;242;242;48;2;15;15;15m clean     [0m[38;2;242;242;242;48;2;15;15;15m                      [0m[37;107H[38;2;242;242;242;48;2;5;5;5m  [0m[37;109H
[38;1H[38;2;242;242;242;48;2;38;13;18m ▌ [0m[38;2;242;242;242;48;2;38;13;18m 17:29:56≈  [0m[38;2;242;242;242;48;2;38;13;18m 0xd610…a142   [0m[38;2;242;242;242;48;2;38;13;18m INFERNET       [0m[38;2;242;242;242;48;2;38;13;18m → [0m[38;2;242;242;242;48;2;38;13;18m TOKEN        [0m[38;2;242;242;242;48;2;38;13;18m 2m32s    [0m[38;2;242;242;242;48;2;38;13;18m clean     [0m[38;2;242;242;242;48;2;38;13;18m                      [0m[38;107H[7;38;2;53;20;25;48;2;15;15;15m  [0m[38;109H[2;5H[9;107H[38;2;242;242;242;48;2;5;5;5m  [0m[9;109H
[10;107H[38;2;242;242;242;48;2;5;5;5m  [0m[10;109H
[11;107H[38;2;242;242;242;48;2;5;5;5m  [0m[11;109H
[12;107H[38;2;242;242;242;48;2;5;5;5m  [0m[12;109H
[13;107H[38;2;242;242;242;48;2;5;5;5m  [0m[13;109H
[14;107H[38;2;242;242;242;48;2;5;5;5m  [0m[14;109H
[15;107H[38;2;242;242;242;48;2;5;5;5m  [0m[15;109H
[16;107H[38;2;242;242;242;48;2;5;5;5m  [0m[16;109H
[17;107H[38;2;242;242;242;48;2;5;5;5m  [0m[17;109H
[18;107H[38;2;242;242;242;48;2;5;5;5m  [0m[18;109H
[19;107H[38;2;242;242;242;48;2;5;5;5m  [0m[19;109H
[20;107H[38;2;242;242;242;48;2;5;5;5m  [0m[20;109H
[21;107H[38;2;242;242;242;48;2;5;5;5m  [0m[21;109H
[22;107H[38;2;242;242;242;48;2;5;5;5m  [0m[22;109H
[23;107H[38;2;242;242;242;48;2;5;5;5m  [0m[23;109H
[24;107H[38;2;242;242;242;48;2;5;5;5m  [0m[24;109H
[25;107H[38;2;242;242;242;48;2;5;5;5m  [0m[25;109H
[26;107H[38;2;242;242;242;48;2;5;5;5m  [0m[26;109H
[27;107H[38;2;242;242;242;48;2;5;5;5m  [0m[27;109H
[28;107H[38;2;242;242;242;48;2;5;5;5m  [0m[28;109H
[29;107H[38;2;242;242;242;48;2;5;5;5m  [0m[29;109H
[30;107H[38;2;242;242;242;48;2;5;5;5m  [0m[30;109H
[31;107H[38;2;242;242;242;48;2;5;5;5m  [0m[31;109H
[32;107H[38;2;242;242;242;48;2;5;5;5m  [0m[32;109H
[33;107H[38;2;242;242;242;48;2;5;5;5m  [0m[33;109H
[34;107H[38;2;242;242;242;48;2;5;5;5m  [0m[34;109H
[35;107H[38;2;242;242;242;48;2;5;5;5m  [0m[35;109H
[36;107H[38;2;242;242;242;48;2;5;5;5m  [0m[36;109H
[37;107H[38;2;242;242;242;48;2;5;5;5m  [0m[37;109H
[38;107H[7;38;2;53;20;25;48;2;15;15;15m  [0m[38;109H[2;5H[6;1H[48;2;5;5;5m [0m[38;2;242;242;242;48;2;5;5;5mCHAIN Robinhood Chain[0m[38;2;53;20;25;48;2;5;5;5m  ·  [0m[38;2;242;242;242;48;2;5;5;5m[REPLAY 10× · PAUSED][0m[38;2;53;20;25;48;2;5;5;5m  ·  [0m[38;2;242;242;242;48;2;5;5;5mCLOCK 17:29:56 UTC[0m[38;2;53;20;25;48;2;5;5;5m  ·  [0m[38;2;163;163;163;48;2;5;5;5mRANGE 16:59:56–17:29:56[0m[38;2;53;20;25;48;2;5;5;5m  ·  [0m[38;2;163;163;163;48;2;5;5;5mWINDOW 30m00s[0m[38;2;53;20;25;48;2;5;5;5m  ·  [0m[38;2;116;116;116;48;2;5;5;5mSESSION S-6b4784[0m[48;2;5;5;5m                                         [0m[48;2;5;5;5m [0m[2;5H[6;1H[48;2;5;5;5m [0m[38;2;242;242;242;48;2;5;5;5mCHAIN Robinhood Chain[0m[38;2;53;20;25;48;2;5;5;5m  ·  [0m[38;2;242;242;242;48;2;5;5;5m[REPLAY 10× · PAUSED][0m[38;2;53;20;25;48;2;5;5;5m  ·  [0m[38;2;242;242;242;48;2;5;5;5mCLOCK 17:29:56 UTC[0m[38;2;53;20;25;48;2;5;5;5m  ·  [0m[38;2;163;163;163;48;2;5;5;5mRANGE 16:59:56–17:29:56[0m[38;2;53;20;25;48;2;5;5;5m  ·  [0m[38;2;163;163;163;48;2;5;5;5mWINDOW 30m00s[0m[38;2;53;20;25;48;2;5;5;5m  ·  [0m[38;2;116;116;116;48;2;5;5;5mSESSION S-6b4784[0m[48;2;5;5;5m                                         [0m[48;2;5;5;5m [0m
[8;1H[48;2;5;5;5m [0m[38;2;163;163;163;48;2;5;5;5mOBSERVED SEQUENCES · last 30m00s · 6193 of 6193 rows · one row = one wallet that sold A, then bought B · ≈[0m[48;2;5;5;5m [0m[8;109H
[8;111H[1;38;2;242;242;242;48;2;5;5;5mINFERNET → TOKEN[0m[48;2;5;5;5m                                                     [0m[8;180H
[9;1H[38;2;163;163;163;48;2;15;15;15m   [0m[38;2;163;163;163;48;2;15;15;15m TIME UTC   [0m[38;2;163;163;163;48;2;15;15;15m WALLET        [0m[38;2;163;163;163;48;2;15;15;15m SOLD           [0m[38;2;163;163;163;48;2;15;15;15m   [0m[38;2;163;163;163;48;2;15;15;15m BOUGHT       [0m[38;2;163;163;163;48;2;15;15;15m GAP      [0m[38;2;163;163;163;48;2;15;15;15m GRADE     [0m[38;2;163;163;163;48;2;15;15;15m                      [0m[9;107H[38;2;242;242;242;48;2;5;5;5m  [0m[9;109H
[9;111H[38;2;163;163;163;48;2;5;5;5m0x4224…6e99 → 0x1dce…3143[0m[48;2;5;5;5m                                            [0m[9;180H
[10;1H[38;2;242;242;242;48;2;15;15;15m   [0m[38;2;242;242;242;48;2;15;15;15m [0m[38;2;163;163;163;48;2;15;15;15m17:29:50≈[0m[38;2;242;242;242;48;2;15;15;15m  [0m[38;2;242;242;242;48;2;15;15;15m [0m[38;2;163;163;163;48;2;15;15;15m0x6417…26a7[0m[38;2;242;242;242;48;2;15;15;15m   [0m[38;2;242;242;242;48;2;15;15;15m RSTR           [0m[38;2;242;242;242;48;2;15;15;15m [0m[38;2;163;163;163;48;2;15;15;15m→[0m[38;2;242;242;242;48;2;15;15;15m [0m[38;2;242;242;242;48;2;15;15;15m ND4          [0m[38;2;242;242;242;48;2;15;15;15m [0m[38;2;163;163;163;48;2;15;15;15m7m46s[0m[38;2;242;242;242;48;2;15;15;15m    [0m[38;2;242;242;242;48;2;15;15;15m clean     [0m[38;2;242;242;242;48;2;15;15;15m                      [0m[10;107H[38;2;242;242;242;48;2;5;5;5m  [0m[10;109H
[10;111H[38;2;242;242;242;48;2;5;5;5m[0m[48;2;5;5;5m                                                                     [0m[10;180H
[11;1H[38;2;242;242;242;48;2;15;15;15m   [0m[38;2;242;242;242;48;2;15;15;15m [0m[38;2;163;163;163;48;2;15;15;15m17:29:50[0m[38;2;242;242;242;48;2;15;15;15m   [0m[38;2;242;242;242;48;2;15;15;15m [0m[38;2;163;163;163;48;2;15;15;15m0x9c18…52f9[0m[38;2;242;242;242;48;2;15;15;15m   [0m[38;2;242;242;242;48;2;15;15;15m TruffleHog     [0m[38;2;242;242;242;48;2;15;15;15m [0m[38;2;163;163;163;48;2;15;15;15m→[0m[38;2;242;242;242;48;2;15;15;15m [0m[38;2;242;242;242;48;2;15;15;15m LUNAR        [0m[38;2;242;242;242;48;2;15;15;15m [0m[38;2;163;163;163;48;2;15;15;15m10m22s[0m[38;2;242;242;242;48;2;15;15;15m   [0m[38;2;242;242;242;48;2;15;15;15m clean     [0m[38;2;242;242;242;48;2;15;15;15m                      [0m[11;107H[38;2;242;242;242;48;2;5;5;5m  [0m[11;109H
[11;111H[38;2;242;242;242;48;2;5;5;5mwallet 0xd610…a142[0m[48;2;5;5;5m                                                   [0m[11;180H
[12;1H[38;2;242;242;242;48;2;15;15;15m   [0m[38;2;242;242;242;48;2;15;15;15m [0m[38;2;163;163;163;48;2;15;15;15m17:29:50[0m[38;2;242;242;242;48;2;15;15;15m   [0m[38;2;242;242;242;48;2;15;15;15m [0m[38;2;163;163;163;48;2;15;15;15m0x53c0…c4ce[0m[38;2;242;242;242;48;2;15;15;15m   [0m[38;2;242;242;242;48;2;15;15;15m TruffleHog     [0m[38;2;242;242;242;48;2;15;15;15m [0m[38;2;163;163;163;48;2;15;15;15m→[0m[38;2;242;242;242;48;2;15;15;15m [0m[38;2;242;242;242;48;2;15;15;15m LUNAR        [0m[38;2;242;242;242;48;2;15;15;15m [0m[38;2;163;163;163;48;2;15;15;15m8m09s[0m[38;2;242;242;242;48;2;15;15;15m    [0m[38;2;242;242;242;48;2;15;15;15m clean     [0m[38;2;242;242;242;48;2;15;15;15m                      [0m[12;107H[38;2;242;242;242;48;2;5;5;5m  [0m[12;109H
[12;111H[38;2;163;163;163;48;2;5;5;5msold   17:27:24 UTC[0m[48;2;5;5;5m                                                  [0m[12;180H
[13;1H[38;2;242;242;242;48;2;15;15;15m   [0m[38;2;242;242;242;48;2;15;15;15m [0m[38;2;163;163;163;48;2;15;15;15m17:29:51≈[0m[38;2;242;242;242;48;2;15;15;15m  [0m[38;2;242;242;242;48;2;15;15;15m [0m[38;2;163;163;163;48;2;15;15;15m0x1b39…f747[0m[38;2;242;242;242;48;2;15;15;15m   [0m[38;2;242;242;242;48;2;15;15;15m MIKA           [0m[38;2;242;242;242;48;2;15;15;15m [0m[38;2;163;163;163;48;2;15;15;15m→[0m[38;2;242;242;242;48;2;15;15;15m [0m[38;2;242;242;242;48;2;15;15;15m INFERNET     [0m[38;2;242;242;242;48;2;15;15;15m [0m[38;2;163;163;163;48;2;15;15;15m28m18s[0m[38;2;242;242;242;48;2;15;15;15m   [0m[38;2;242;242;242;48;2;15;15;15m clean     [0m[38;2;242;242;242;48;2;15;15;15m                      [0m[13;107H[38;2;242;242;242;48;2;5;5;5m  [0m[13;109H
[13;111H[38;2;163;163;163;48;2;5;5;5mbought 17:29:56≈ UTC · gap 2m32s · clean[0m[48;2;5;5;5m                             [0m[13;180H
[14;1H[38;2;242;242;242;48;2;15;15;15m   [0m[38;2;242;242;242;48;2;15;15;15m [0m[38;2;163;163;163;48;2;15;15;15m17:29:51≈[0m[38;2;242;242;242;48;2;15;15;15m  [0m[38;2;242;242;242;48;2;15;15;15m [0m[38;2;163;163;163;48;2;15;15;15m0xc305…5a05[0m[38;2;242;242;242;48;2;15;15;15m   [0m[38;2;242;242;242;48;2;15;15;15m RMD            [0m[38;2;242;242;242;48;2;15;15;15m [0m[38;2;163;163;163;48;2;15;15;15m→[0m[38;2;242;242;242;48;2;15;15;15m [0m[38;2;242;242;242;48;2;15;15;15m INFERNET     [0m[38;2;242;242;242;48;2;15;15;15m [0m[38;2;163;163;163;48;2;15;15;15m23m43s[0m[38;2;242;242;242;48;2;15;15;15m   [0m[38;2;242;242;242;48;2;15;15;15m clean     [0m[38;2;242;242;242;48;2;15;15;15m                      [0m[14;107H[38;2;242;242;242;48;2;5;5;5m  [0m[14;109H
[14;111H[38;2;163;163;163;48;2;5;5;5msell tx 0x9308…58db[0m[48;2;5;5;5m                                                  [0m[14;180H
[15;1H[38;2;242;242;242;48;2;15;15;15m   [0m[38;2;242;242;242;48;2;15;15;15m [0m[38;2;163;163;163;48;2;15;15;15m17:29:51≈[0m[38;2;242;242;242;48;2;15;15;15m  [0m[38;2;242;242;242;48;2;15;15;15m [0m[38;2;163;163;163;48;2;15;15;15m0xac56…caf4[0m[38;2;242;242;242;48;2;15;15;15m   [0m[38;2;242;242;242;48;2;15;15;15m RMD            [0m[38;2;242;242;242;48;2;15;15;15m [0m[38;2;163;163;163;48;2;15;15;15m→[0m[38;2;242;242;242;48;2;15;15;15m [0m[38;2;242;242;242;48;2;15;15;15m INFERNET     [0m[38;2;242;242;242;48;2;15;15;15m [0m[38;2;163;163;163;48;2;15;15;15m23m43s[0m[38;2;242;242;242;48;2;15;15;15m   [0m[38;2;242;242;242;48;2;15;15;15m clean     [0m[38;2;242;242;242;48;2;15;15;15m                      [0m[15;107H[38;2;242;242;242;48;2;5;5;5m  [0m[15;109H
[15;111H[38;2;163;163;163;48;2;5;5;5mbuy tx  0x9468…74e8[0m[48;2;5;5;5m                                                  [0m[15;180H
[16;1H[38;2;242;242;242;48;2;15;15;15m   [0m[38;2;242;242;242;48;2;15;15;15m [0m[38;2;163;163;163;48;2;15;15;15m17:29:51≈[0m[38;2;242;242;242;48;2;15;15;15m  [0m[38;2;242;242;242;48;2;15;15;15m [0m[38;2;163;163;163;48;2;15;15;15m0xd9e6…81db[0m[38;2;242;242;242;48;2;15;15;15m   [0m[38;2;242;242;242;48;2;15;15;15m RMD            [0m[38;2;242;242;242;48;2;15;15;15m [0m[38;2;163;163;163;48;2;15;15;15m→[0m[38;2;242;242;242;48;2;15;15;15m [0m[38;2;242;242;242;48;2;15;15;15m INFERNET     [0m[38;2;242;242;242;48;2;15;15;15m [0m[38;2;163;163;163;48;2;15;15;15m23m43s[0m[38;2;242;242;242;48;2;15;15;15m   [0m[38;2;242;242;242;48;2;15;15;15m clean     [0m[38;2;242;242;242;48;2;15;15;15m                      [0m[16;107H[38;2;242;242;242;48;2;5;5;5m  [0m[16;109H
[16;111H[38;2;242;242;242;48;2;5;5;5m[0m[48;2;5;5;5m                                                                     [0m[16;180H
[17;1H[38;2;242;242;242;48;2;15;15;15m   [0m[38;2;242;242;242;48;2;15;15;15m [0m[38;2;163;163;163;48;2;15;15;15m17:29:51≈[0m[38;2;242;242;242;48;2;15;15;15m  [0m[38;2;242;242;242;48;2;15;15;15m [0m[38;2;163;163;163;48;2;15;15;15m0xa21e…fc11[0m[38;2;242;242;242;48;2;15;15;15m   [0m[38;2;242;242;242;48;2;15;15;15m P0X            [0m[38;2;242;242;242;48;2;15;15;15m [0m[38;2;163;163;163;48;2;15;15;15m→[0m[38;2;242;242;242;48;2;15;15;15m [0m[38;2;242;242;242;48;2;15;15;15m AC           [0m[38;2;242;242;242;48;2;15;15;15m [0m[38;2;163;163;163;48;2;15;15;15m16m01s[0m[38;2;242;242;242;48;2;15;15;15m   [0m[38;2;242;242;242;48;2;15;15;15m clean     [0m[38;2;242;242;242;48;2;15;15;15m                      [0m[17;107H[38;2;242;242;242;48;2;5;5;5m  [0m[17;109H
[17;111H[38;2;116;116;116;48;2;5;5;5mEnter: all wallets on this pair[0m[48;2;5;5;5m                                      [0m[17;180H
[18;1H[38;2;242;242;242;48;2;15;15;15m   [0m[38;2;242;242;242;48;2;15;15;15m [0m[38;2;163;163;163;48;2;15;15;15m17:29:51[0m[38;2;242;242;242;48;2;15;15;15m   [0m[38;2;242;242;242;48;2;15;15;15m [0m[38;2;163;163;163;48;2;15;15;15m0x11e5…768a[0m[38;2;242;242;242;48;2;15;15;15m   [0m[38;2;242;242;242;48;2;15;15;15m TruffleHog     [0m[38;2;242;242;242;48;2;15;15;15m [0m[38;2;163;163;163;48;2;15;15;15m→[0m[38;2;242;242;242;48;2;15;15;15m [0m[38;2;242;242;242;48;2;15;15;15m LUNAR        [0m[38;2;242;242;242;48;2;15;15;15m [0m[38;2;163;163;163;48;2;15;15;15m12m38s[0m[38;2;242;242;242;48;2;15;15;15m   [0m[38;2;242;242;242;48;2;15;15;15m clean     [0m[38;2;242;242;242;48;2;15;15;15m                      [0m[18;107H[38;2;242;242;242;48;2;5;5;5m  [0m[18;109H
[19;1H[38;2;242;242;242;48;2;15;15;15m   [0m[38;2;242;242;242;48;2;15;15;15m [0m[38;2;163;163;163;48;2;15;15;15m17:29:51[0m[38;2;242;242;242;48;2;15;15;15m   [0m[38;2;242;242;242;48;2;15;15;15m [0m[38;2;163;163;163;48;2;15;15;15m0x61b9…4661[0m[38;2;242;242;242;48;2;15;15;15m   [0m[38;2;242;242;242;48;2;15;15;15m TruffleHog     [0m[38;2;242;242;242;48;2;15;15;15m [0m[38;2;163;163;163;48;2;15;15;15m→[0m[38;2;242;242;242;48;2;15;15;15m [0m[38;2;242;242;242;48;2;15;15;15m LUNAR        [0m[38;2;242;242;242;48;2;15;15;15m [0m[38;2;163;163;163;48;2;15;15;15m8m10s[0m[38;2;242;242;242;48;2;15;15;15m    [0m[38;2;242;242;242;48;2;15;15;15m clean     [0m[38;2;242;242;242;48;2;15;15;15m                      [0m[19;107H[38;2;242;242;242;48;2;5;5;5m  [0m[19;109H
[20;1H[38;2;242;242;242;48;2;15;15;15m   [0m[38;2;242;242;242;48;2;15;15;15m [0m[38;2;163;163;163;48;2;15;15;15m17:29:52≈[0m[38;2;242;242;242;48;2;15;15;15m  [0m[38;2;242;242;242;48;2;15;15;15m [0m[38;2;163;163;163;48;2;15;15;15m0xa25a…78aa[0m[38;2;242;242;242;48;2;15;15;15m   [0m[38;2;242;242;242;48;2;15;15;15m Yo-yo          [0m[38;2;242;242;242;48;2;15;15;15m [0m[38;2;163;163;163;48;2;15;15;15m→[0m[38;2;242;242;242;48;2;15;15;15m [0m[38;2;242;242;242;48;2;15;15;15m INFERNET     [0m[38;2;242;242;242;48;2;15;15;15m [0m[38;2;163;163;163;48;2;15;15;15m24m25s[0m[38;2;242;242;242;48;2;15;15;15m   [0m[38;2;242;242;242;48;2;15;15;15m clean     [0m[38;2;242;242;242;48;2;15;15;15m                      [0m[20;107H[38;2;242;242;242;48;2;5;5;5m  [0m[20;109H
[21;1H[38;2;242;242;242;48;2;15;15;15m   [0m[38;2;242;242;242;48;2;15;15;15m [0m[38;2;163;163;163;48;2;15;15;15m17:29:52[0m[38;2;242;242;242;48;2;15;15;15m   [0m[38;2;242;242;242;48;2;15;15;15m [0m[38;2;163;163;163;48;2;15;15;15m0x9748…7960[0m[38;2;242;242;242;48;2;15;15;15m   [0m[38;2;242;242;242;48;2;15;15;15m MONARCH        [0m[38;2;242;242;242;48;2;15;15;15m [0m[38;2;163;163;163;48;2;15;15;15m→[0m[38;2;242;242;242;48;2;15;15;15m [0m[38;2;242;242;242;48;2;15;15;15m ATHER        [0m[38;2;242;242;242;48;2;15;15;15m [0m[38;2;163;163;163;48;2;15;15;15m13m46s[0m[38;2;242;242;242;48;2;15;15;15m   [0m[38;2;242;242;242;48;2;15;15;15m clean     [0m[38;2;242;242;242;48;2;15;15;15m                      [0m[21;107H[38;2;242;242;242;48;2;5;5;5m  [0m[21;109H
[22;1H[38;2;242;242;242;48;2;15;15;15m   [0m[38;2;242;242;242;48;2;15;15;15m [0m[38;2;163;163;163;48;2;15;15;15m17:29:52[0m[38;2;242;242;242;48;2;15;15;15m   [0m[38;2;242;242;242;48;2;15;15;15m [0m[38;2;163;163;163;48;2;15;15;15m0xac36…7922[0m[38;2;242;242;242;48;2;15;15;15m   [0m[38;2;242;242;242;48;2;15;15;15m TruffleHog     [0m[38;2;242;242;242;48;2;15;15;15m [0m[38;2;163;163;163;48;2;15;15;15m→[0m[38;2;242;242;242;48;2;15;15;15m [0m[38;2;242;242;242;48;2;15;15;15m LUNAR        [0m[38;2;242;242;242;48;2;15;15;15m [0m[38;2;163;163;163;48;2;15;15;15m8m11s[0m[38;2;242;242;242;48;2;15;15;15m    [0m[38;2;242;242;242;48;2;15;15;15m clean     [0m[38;2;242;242;242;48;2;15;15;15m                      [0m[22;107H[38;2;242;242;242;48;2;5;5;5m  [0m[22;109H
[23;1H[38;2;242;242;242;48;2;15;15;15m   [0m[38;2;242;242;242;48;2;15;15;15m [0m[38;2;163;163;163;48;2;15;15;15m17:29:52≈[0m[38;2;242;242;242;48;2;15;15;15m  [0m[38;2;242;242;242;48;2;15;15;15m [0m[38;2;163;163;163;48;2;15;15;15m0x369b…480a[0m[38;2;242;242;242;48;2;15;15;15m   [0m[38;2;242;242;242;48;2;15;15;15m CLUBY          [0m[38;2;242;242;242;48;2;15;15;15m [0m[38;2;163;163;163;48;2;15;15;15m→[0m[38;2;242;242;242;48;2;15;15;15m [0m[38;2;242;242;242;48;2;15;15;15m SAFEMOON     [0m[38;2;242;242;242;48;2;15;15;15m [0m[38;2;163;163;163;48;2;15;15;15m12s[0m[38;2;242;242;242;48;2;15;15;15m      [0m[38;2;242;242;242;48;2;15;15;15m clean     [0m[38;2;242;242;242;48;2;15;15;15m                      [0m[23;107H[38;2;242;242;242;48;2;5;5;5m  [0m[23;109H
[24;1H[38;2;242;242;242;48;2;15;15;15m   [0m[38;2;242;242;242;48;2;15;15;15m [0m[38;2;163;163;163;48;2;15;15;15m17:29:52≈[0m[38;2;242;242;242;48;2;15;15;15m  [0m[38;2;242;242;242;48;2;15;15;15m [0m[38;2;163;163;163;48;2;15;15;15m0xb6f5…c57e[0m[38;2;242;242;242;48;2;15;15;15m   [0m[38;2;242;242;242;48;2;15;15;15m POLY           [0m[38;2;242;242;242;48;2;15;15;15m [0m[38;2;163;163;163;48;2;15;15;15m→[0m[38;2;242;242;242;48;2;15;15;15m [0m[38;2;242;242;242;48;2;15;15;15m OWED         [0m[38;2;242;242;242;48;2;15;15;15m [0m[38;2;163;163;163;48;2;15;15;15m1m17s[0m[38;2;242;242;242;48;2;15;15;15m    [0m[38;2;242;242;242;48;2;15;15;15m clean     [0m[38;2;242;242;242;48;2;15;15;15m                      [0m[24;107H[38;2;242;242;242;48;2;5;5;5m  [0m[24;109H
[25;1H[38;2;242;242;242;48;2;15;15;15m   [0m[38;2;242;242;242;48;2;15;15;15m [0m[38;2;163;163;163;48;2;15;15;15m17:29:53[0m[38;2;242;242;242;48;2;15;15;15m   [0m[38;2;242;242;242;48;2;15;15;15m [0m[38;2;163;163;163;48;2;15;15;15m0x5e2e…7b02[0m[38;2;242;242;242;48;2;15;15;15m   [0m[38;2;242;242;242;48;2;15;15;15m TruffleHog     [0m[38;2;242;242;242;48;2;15;15;15m [0m[38;2;163;163;163;48;2;15;15;15m→[0m[38;2;242;242;242;48;2;15;15;15m [0m[38;2;242;242;242;48;2;15;15;15m LUNAR        [0m[38;2;242;242;242;48;2;15;15;15m [0m[38;2;163;163;163;48;2;15;15;15m8m12s[0m[38;2;242;242;242;48;2;15;15;15m    [0m[38;2;242;242;242;48;2;15;15;15m clean     [0m[38;2;242;242;242;48;2;15;15;15m                      [0m[25;107H[38;2;242;242;242;48;2;5;5;5m  [0m[25;109H
[26;1H[38;2;242;242;242;48;2;15;15;15m   [0m[38;2;242;242;242;48;2;15;15;15m [0m[38;2;163;163;163;48;2;15;15;15m17:29:53[0m[38;2;242;242;242;48;2;15;15;15m   [0m[38;2;242;242;242;48;2;15;15;15m [0m[38;2;163;163;163;48;2;15;15;15m0xd76b…514f[0m[38;2;242;242;242;48;2;15;15;15m   [0m[38;2;242;242;242;48;2;15;15;15m TruffleHog     [0m[38;2;242;242;242;48;2;15;15;15m [0m[38;2;163;163;163;48;2;15;15;15m→[0m[38;2;242;242;242;48;2;15;15;15m [0m[38;2;242;242;242;48;2;15;15;15m LUNAR        [0m[38;2;242;242;242;48;2;15;15;15m [0m[38;2;163;163;163;48;2;15;15;15m10m25s[0m[38;2;242;242;242;48;2;15;15;15m   [0m[38;2;242;242;242;48;2;15;15;15m clean     [0m[38;2;242;242;242;48;2;15;15;15m                      [0m[26;107H[38;2;242;242;242;48;2;5;5;5m  [0m[26;109H
[27;1H[38;2;242;242;242;48;2;15;15;15m   [0m[38;2;242;242;242;48;2;15;15;15m [0m[38;2;163;163;163;48;2;15;15;15m17:29:53[0m[38;2;242;242;242;48;2;15;15;15m   [0m[38;2;242;242;242;48;2;15;15;15m [0m[38;2;163;163;163;48;2;15;15;15m0x1929…029a[0m[38;2;242;242;242;48;2;15;15;15m   [0m[38;2;242;242;242;48;2;15;15;15m VLAD           [0m[38;2;242;242;242;48;2;15;15;15m [0m[38;2;163;163;163;48;2;15;15;15m→[0m[38;2;242;242;242;48;2;15;15;15m [0m[38;2;242;242;242;48;2;15;15;15m C4T          [0m[38;2;242;242;242;48;2;15;15;15m [0m[38;2;163;163;163;48;2;15;15;15m7m23s[0m[38;2;242;242;242;48;2;15;15;15m    [0m[38;2;242;242;242;48;2;15;15;15m clean     [0m[38;2;242;242;242;48;2;15;15;15m                      [0m[27;107H[38;2;242;242;242;48;2;5;5;5m  [0m[27;109H
[28;1H[38;2;242;242;242;48;2;15;15;15m   [0m[38;2;242;242;242;48;2;15;15;15m [0m[38;2;163;163;163;48;2;15;15;15m17:29:53≈[0m[38;2;242;242;242;48;2;15;15;15m  [0m[38;2;242;242;242;48;2;15;15;15m [0m[38;2;163;163;163;48;2;15;15;15m0x360a…4839[0m[38;2;242;242;242;48;2;15;15;15m   [0m[38;2;242;242;242;48;2;15;15;15m ORBIO          [0m[38;2;242;242;242;48;2;15;15;15m [0m[38;2;163;163;163;48;2;15;15;15m→[0m[38;2;242;242;242;48;2;15;15;15m [0m[38;2;242;242;242;48;2;15;15;15m FLY          [0m[38;2;242;242;242;48;2;15;15;15m [0m[38;2;163;163;163;48;2;15;15;15m14s[0m[38;2;242;242;242;48;2;15;15;15m      [0m[38;2;242;242;242;48;2;15;15;15m clean     [0m[38;2;242;242;242;48;2;15;15;15m                      [0m[28;107H[38;2;242;242;242;48;2;5;5;5m  [0m[28;109H
[29;1H[38;2;242;242;242;48;2;15;15;15m   [0m[38;2;242;242;242;48;2;15;15;15m [0m[38;2;163;163;163;48;2;15;15;15m17:29:54[0m[38;2;242;242;242;48;2;15;15;15m   [0m[38;2;242;242;242;48;2;15;15;15m [0m[38;2;163;163;163;48;2;15;15;15m0xdf70…ae30[0m[38;2;242;242;242;48;2;15;15;15m   [0m[38;2;242;242;242;48;2;15;15;15m TruffleHog     [0m[38;2;242;242;242;48;2;15;15;15m [0m[38;2;163;163;163;48;2;15;15;15m→[0m[38;2;242;242;242;48;2;15;15;15m [0m[38;2;242;242;242;48;2;15;15;15m LUNAR        [0m[38;2;242;242;242;48;2;15;15;15m [0m[38;2;163;163;163;48;2;15;15;15m8m13s[0m[38;2;242;242;242;48;2;15;15;15m    [0m[38;2;242;242;242;48;2;15;15;15m clean     [0m[38;2;242;242;242;48;2;15;15;15m                      [0m[29;107H[38;2;242;242;242;48;2;5;5;5m  [0m[29;109H
[30;1H[38;2;242;242;242;48;2;15;15;15m   [0m[38;2;242;242;242;48;2;15;15;15m [0m[38;2;163;163;163;48;2;15;15;15m17:29:55≈[0m[38;2;242;242;242;48;2;15;15;15m  [0m[38;2;242;242;242;48;2;15;15;15m [0m[38;2;163;163;163;48;2;15;15;15m0xc2ec…38e5[0m[38;2;242;242;242;48;2;15;15;15m   [0m[38;2;242;242;242;48;2;15;15;15m Sweater        [0m[38;2;242;242;242;48;2;15;15;15m [0m[38;2;163;163;163;48;2;15;15;15m→[0m[38;2;242;242;242;48;2;15;15;15m [0m[38;2;242;242;242;48;2;15;15;15m Pickle       [0m[38;2;242;242;242;48;2;15;15;15m [0m[38;2;163;163;163;48;2;15;15;15m28m51s[0m[38;2;242;242;242;48;2;15;15;15m   [0m[38;2;242;242;242;48;2;15;15;15m clean     [0m[38;2;242;242;242;48;2;15;15;15m                      [0m[30;107H[38;2;242;242;242;48;2;5;5;5m  [0m[30;109H
[31;1H[38;2;242;242;242;48;2;15;15;15m   [0m[38;2;242;242;242;48;2;15;15;15m [0m[38;2;163;163;163;48;2;15;15;15m17:29:55≈[0m[38;2;242;242;242;48;2;15;15;15m  [0m[38;2;242;242;242;48;2;15;15;15m [0m[38;2;163;163;163;48;2;15;15;15m0x275c…29ae[0m[38;2;242;242;242;48;2;15;15;15m   [0m[38;2;242;242;242;48;2;15;15;15m CLAWNCH        [0m[38;2;242;242;242;48;2;15;15;15m [0m[38;2;163;163;163;48;2;15;15;15m→[0m[38;2;242;242;242;48;2;15;15;15m [0m[38;2;242;242;242;48;2;15;15;15m STREAM       [0m[38;2;242;242;242;48;2;15;15;15m [0m[38;2;163;163;163;48;2;15;15;15m18s[0m[38;2;242;242;242;48;2;15;15;15m      [0m[38;2;242;242;242;48;2;15;15;15m clean     [0m[38;2;242;242;242;48;2;15;15;15m                      [0m[31;107H[38;2;242;242;242;48;2;5;5;5m  [0m[31;109H
[32;1H[38;2;242;242;242;48;2;15;15;15m   [0m[38;2;242;242;242;48;2;15;15;15m [0m[38;2;163;163;163;48;2;15;15;15m17:29:56≈[0m[38;2;242;242;242;48;2;15;15;15m  [0m[38;2;242;242;242;48;2;15;15;15m [0m[38;2;163;163;163;48;2;15;15;15m0x15ea…adfb[0m[38;2;242;242;242;48;2;15;15;15m   [0m[38;2;242;242;242;48;2;15;15;15m egregore       [0m[38;2;242;242;242;48;2;15;15;15m [0m[38;2;163;163;163;48;2;15;15;15m→[0m[38;2;242;242;242;48;2;15;15;15m [0m[38;2;242;242;242;48;2;15;15;15m MINER        [0m[38;2;242;242;242;48;2;15;15;15m [0m[38;2;163;163;163;48;2;15;15;15m16m21s[0m[38;2;242;242;242;48;2;15;15;15m   [0m[38;2;242;242;242;48;2;15;15;15m clean     [0m[38;2;242;242;242;48;2;15;15;15m                      [0m[32;107H[38;2;242;242;242;48;2;5;5;5m  [0m[32;109H
[33;1H[38;2;242;242;242;48;2;15;15;15m   [0m[38;2;242;242;242;48;2;15;15;15m [0m[38;2;163;163;163;48;2;15;15;15m17:29:56≈[0m[38;2;242;242;242;48;2;15;15;15m  [0m[38;2;242;242;242;48;2;15;15;15m [0m[38;2;163;163;163;48;2;15;15;15m0xe7ce…0934[0m[38;2;242;242;242;48;2;15;15;15m   [0m[38;2;242;242;242;48;2;15;15;15m Yo-yo          [0m[38;2;242;242;242;48;2;15;15;15m [0m[38;2;163;163;163;48;2;15;15;15m→[0m[38;2;242;242;242;48;2;15;15;15m [0m[38;2;242;242;242;48;2;15;15;15m MINER        [0m[38;2;242;242;242;48;2;15;15;15m [0m[38;2;163;163;163;48;2;15;15;15m21m17s[0m[38;2;242;242;242;48;2;15;15;15m   [0m[38;2;242;242;242;48;2;15;15;15m clean     [0m[38;2;242;242;242;48;2;15;15;15m                      [0m[33;107H[38;2;242;242;242;48;2;5;5;5m  [0m[33;109H
[34;1H[38;2;242;242;242;48;2;15;15;15m   [0m[38;2;242;242;242;48;2;15;15;15m [0m[38;2;163;163;163;48;2;15;15;15m17:29:56≈[0m[38;2;242;242;242;48;2;15;15;15m  [0m[38;2;242;242;242;48;2;15;15;15m [0m[38;2;163;163;163;48;2;15;15;15m0x3bf3…d39a[0m[38;2;242;242;242;48;2;15;15;15m   [0m[38;2;242;242;242;48;2;15;15;15m STYX           [0m[38;2;242;242;242;48;2;15;15;15m [0m[38;2;163;163;163;48;2;15;15;15m→[0m[38;2;242;242;242;48;2;15;15;15m [0m[38;2;242;242;242;48;2;15;15;15m FEEZ         [0m[38;2;242;242;242;48;2;15;15;15m [0m[38;2;163;163;163;48;2;15;15;15m7m55s[0m[38;2;242;242;242;48;2;15;15;15m    [0m[38;2;242;242;242;48;2;15;15;15m clean     [0m[38;2;242;242;242;48;2;15;15;15m                      [0m[34;107H[38;2;242;242;242;48;2;5;5;5m  [0m[34;109H
[35;1H[38;2;242;242;242;48;2;15;15;15m   [0m[38;2;242;242;242;48;2;15;15;15m [0m[38;2;163;163;163;48;2;15;15;15m17:29:56≈[0m[38;2;242;242;242;48;2;15;15;15m  [0m[38;2;242;242;242;48;2;15;15;15m [0m[38;2;163;163;163;48;2;15;15;15m0xe893…1561[0m[38;2;242;242;242;48;2;15;15;15m   [0m[38;2;242;242;242;48;2;15;15;15m ZFORGE         [0m[38;2;242;242;242;48;2;15;15;15m [0m[38;2;163;163;163;48;2;15;15;15m→[0m[38;2;242;242;242;48;2;15;15;15m [0m[38;2;242;242;242;48;2;15;15;15m DARK         [0m[38;2;242;242;242;48;2;15;15;15m [0m[38;2;163;163;163;48;2;15;15;15m26s[0m[38;2;242;242;242;48;2;15;15;15m      [0m[38;2;242;242;242;48;2;15;15;15m clean     [0m[38;2;242;242;242;48;2;15;15;15m                      [0m[35;107H[38;2;242;242;242;48;2;5;5;5m  [0m[35;109H
[36;1H[38;2;242;242;242;48;2;15;15;15m   [0m[38;2;242;242;242;48;2;15;15;15m [0m[38;2;163;163;163;48;2;15;15;15m17:29:56[0m[38;2;242;242;242;48;2;15;15;15m   [0m[38;2;242;242;242;48;2;15;15;15m [0m[38;2;163;163;163;48;2;15;15;15m0x86f3…5ab4[0m[38;2;242;242;242;48;2;15;15;15m   [0m[38;2;242;242;242;48;2;15;15;15m TruffleHog     [0m[38;2;242;242;242;48;2;15;15;15m [0m[38;2;163;163;163;48;2;15;15;15m→[0m[38;2;242;242;242;48;2;15;15;15m [0m[38;2;242;242;242;48;2;15;15;15m LUNAR        [0m[38;2;242;242;242;48;2;15;15;15m [0m[38;2;163;163;163;48;2;15;15;15m8m15s[0m[38;2;242;242;242;48;2;15;15;15m    [0m[38;2;242;242;242;48;2;15;15;15m clean     [0m[38;2;242;242;242;48;2;15;15;15m                      [0m[36;107H[38;2;242;242;242;48;2;5;5;5m  [0m[36;109H
[37;1H[38;2;242;242;242;48;2;15;15;15m   [0m[38;2;242;242;242;48;2;15;15;15m [0m[38;2;163;163;163;48;2;15;15;15m17:29:56[0m[38;2;242;242;242;48;2;15;15;15m   [0m[38;2;242;242;242;48;2;15;15;15m [0m[38;2;163;163;163;48;2;15;15;15m0x0dda…63af[0m[38;2;242;242;242;48;2;15;15;15m   [0m[38;2;242;242;242;48;2;15;15;15m TruffleHog     [0m[38;2;242;242;242;48;2;15;15;15m [0m[38;2;163;163;163;48;2;15;15;15m→[0m[38;2;242;242;242;48;2;15;15;15m [0m[38;2;242;242;242;48;2;15;15;15m LUNAR        [0m[38;2;242;242;242;48;2;15;15;15m [0m[38;2;163;163;163;48;2;15;15;15m8m15s[0m[38;2;242;242;242;48;2;15;15;15m    [0m[38;2;242;242;242;48;2;15;15;15m clean     [0m[38;2;242;242;242;48;2;15;15;15m                      [0m[37;107H[38;2;242;242;242;48;2;5;5;5m  [0m[37;109H
[38;1H[38;2;242;242;242;48;2;38;13;18m   [0m[38;2;242;242;242;48;2;38;13;18m 17:29:56≈  [0m[38;2;242;242;242;48;2;38;13;18m 0xd610…a142   [0m[38;2;242;242;242;48;2;38;13;18m INFERNET       [0m[38;2;242;242;242;48;2;38;13;18m → [0m[38;2;242;242;242;48;2;38;13;18m TOKEN        [0m[38;2;242;242;242;48;2;38;13;18m 2m32s    [0m[38;2;242;242;242;48;2;38;13;18m clean     [0m[38;2;242;242;242;48;2;38;13;18m                      [0m[38;107H[7;38;2;53;20;25;48;2;15;15;15m  [0m[38;109H
[40;111H[38;2;163;163;163;48;2;5;5;5mACTIVITY · observed sequences per 60s bucket · 30 buckets[0m[48;2;5;5;5m            [0m[40;180H
[44;111H[38;2;163;163;163;48;2;5;5;5m16:59:56 → 17:29:56 UTC · peak 266/bucket · total 6186[0m[48;2;5;5;5m               [0m[44;180H[2;5H[9;107H[38;2;242;242;242;48;2;5;5;5m  [0m[9;109H
[10;107H[38;2;242;242;242;48;2;5;5;5m  [0m[10;109H
[11;107H[38;2;242;242;242;48;2;5;5;5m  [0m[11;109H
[12;107H[38;2;242;242;242;48;2;5;5;5m  [0m[12;109H
[13;107H[38;2;242;242;242;48;2;5;5;5m  [0m[13;109H
[14;107H[38;2;242;242;242;48;2;5;5;5m  [0m[14;109H
[15;107H[38;2;242;242;242;48;2;5;5;5m  [0m[15;109H
[16;107H[38;2;242;242;242;48;2;5;5;5m  [0m[16;109H
[17;107H[38;2;242;242;242;48;2;5;5;5m  [0m[17;109H
[18;107H[38;2;242;242;242;48;2;5;5;5m  [0m[18;109H
[19;107H[38;2;242;242;242;48;2;5;5;5m  [0m[19;109H
[20;107H[38;2;242;242;242;48;2;5;5;5m  [0m[20;109H
[21;107H[38;2;242;242;242;48;2;5;5;5m  [0m[21;109H
[22;107H[38;2;242;242;242;48;2;5;5;5m  [0m[22;109H
[23;107H[38;2;242;242;242;48;2;5;5;5m  [0m[23;109H
[24;107H[38;2;242;242;242;48;2;5;5;5m  [0m[24;109H
[25;107H[38;2;242;242;242;48;2;5;5;5m  [0m[25;109H
[26;107H[38;2;242;242;242;48;2;5;5;5m  [0m[26;109H
[27;107H[38;2;242;242;242;48;2;5;5;5m  [0m[27;109H
[28;107H[38;2;242;242;242;48;2;5;5;5m  [0m[28;109H
[29;107H[38;2;242;242;242;48;2;5;5;5m  [0m[29;109H
[30;107H[38;2;242;242;242;48;2;5;5;5m  [0m[30;109H
[31;107H[38;2;242;242;242;48;2;5;5;5m  [0m[31;109H
[32;107H[38;2;242;242;242;48;2;5;5;5m  [0m[32;109H
[33;107H[38;2;242;242;242;48;2;5;5;5m  [0m[33;109H
[34;107H[38;2;242;242;242;48;2;5;5;5m  [0m[34;109H
[35;107H[38;2;242;242;242;48;2;5;5;5m  [0m[35;109H
[36;107H[38;2;242;242;242;48;2;5;5;5m  [0m[36;109H
[37;107H[38;2;242;242;242;48;2;5;5;5m  [0m[37;109H
[38;107H[7;38;2;53;20;25;48;2;15;15;15m  [0m[38;109H[2;5H[6;1H[48;2;5;5;5m [0m[38;2;242;242;242;48;2;5;5;5mCHAIN Robinhood Chain[0m[38;2;53;20;25;48;2;5;5;5m  ·  [0m[38;2;242;242;242;48;2;5;5;5m[REPLAY 10× · PAUSED][0m[38;2;53;20;25;48;2;5;5;5m  ·  [0m[38;2;242;242;242;48;2;5;5;5mCLOCK 17:29:56 UTC[0m[38;2;53;20;25;48;2;5;5;5m  ·  [0m[38;2;163;163;163;48;2;5;5;5mRANGE 16:59:56–17:29:56[0m[38;2;53;20;25;48;2;5;5;5m  ·  [0m[38;2;163;163;163;48;2;5;5;5mWINDOW 30m00s[0m[38;2;53;20;25;48;2;5;5;5m  ·  [0m[38;2;116;116;116;48;2;5;5;5mSESSION S-6b4784[0m[48;2;5;5;5m                                         [0m[48;2;5;5;5m [0m[2;5H[9;107H[38;2;242;242;242;48;2;5;5;5m  [0m[9;109H
[10;107H[38;2;242;242;242;48;2;5;5;5m  [0m[10;109H
[11;107H[38;2;242;242;242;48;2;5;5;5m  [0m[11;109H
[12;107H[38;2;242;242;242;48;2;5;5;5m  [0m[12;109H
[13;107H[38;2;242;242;242;48;2;5;5;5m  [0m[13;109H
[14;107H[38;2;242;242;242;48;2;5;5;5m  [0m[14;109H
[15;107H[38;2;242;242;242;48;2;5;5;5m  [0m[15;109H
[16;107H[38;2;242;242;242;48;2;5;5;5m  [0m[16;109H
[17;107H[38;2;242;242;242;48;2;5;5;5m  [0m[17;109H
[18;107H[38;2;242;242;242;48;2;5;5;5m  [0m[18;109H
[19;107H[38;2;242;242;242;48;2;5;5;5m  [0m[19;109H
[20;107H[38;2;242;242;242;48;2;5;5;5m  [0m[20;109H
[21;107H[38;2;242;242;242;48;2;5;5;5m  [0m[21;109H
[22;107H[38;2;242;242;242;48;2;5;5;5m  [0m[22;109H
[23;107H[38;2;242;242;242;48;2;5;5;5m  [0m[23;109H
[24;107H[38;2;242;242;242;48;2;5;5;5m  [0m[24;109H
[25;107H[38;2;242;242;242;48;2;5;5;5m  [0m[25;109H
[26;107H[38;2;242;242;242;48;2;5;5;5m  [0m[26;109H
[27;107H[38;2;242;242;242;48;2;5;5;5m  [0m[27;109H
[28;107H[38;2;242;242;242;48;2;5;5;5m  [0m[28;109H
[29;107H[38;2;242;242;242;48;2;5;5;5m  [0m[29;109H
[30;107H[38;2;242;242;242;48;2;5;5;5m  [0m[30;109H
[31;107H[38;2;242;242;242;48;2;5;5;5m  [0m[31;109H
[32;107H[38;2;242;242;242;48;2;5;5;5m  [0m[32;109H
[33;107H[38;2;242;242;242;48;2;5;5;5m  [0m[33;109H
[34;107H[38;2;242;242;242;48;2;5;5;5m  [0m[34;109H
[35;107H[38;2;242;242;242;48;2;5;5;5m  [0m[35;109H
[36;107H[38;2;242;242;242;48;2;5;5;5m  [0m[36;109H
[37;107H[38;2;242;242;242;48;2;5;5;5m  [0m[37;109H
[38;107H[7;38;2;53;20;25;48;2;15;15;15m  [0m[38;109H[2;5H[6;1H[48;2;5;5;5m [0m[38;2;242;242;242;48;2;5;5;5mCHAIN Robinhood Chain[0m[38;2;53;20;25;48;2;5;5;5m  ·  [0m[38;2;242;242;242;48;2;5;5;5m[REPLAY 10× · PAUSED][0m[38;2;53;20;25;48;2;5;5;5m  ·  [0m[38;2;242;242;242;48;2;5;5;5mCLOCK 17:29:56 UTC[0m[38;2;53;20;25;48;2;5;5;5m  ·  [0m[38;2;163;163;163;48;2;5;5;5mRANGE 16:59:56–17:29:56[0m[38;2;53;20;25;48;2;5;5;5m  ·  [0m[38;2;163;163;163;48;2;5;5;5mWINDOW 30m00s[0m[38;2;53;20;25;48;2;5;5;5m  ·  [0m[38;2;116;116;116;48;2;5;5;5mSESSION S-6b4784[0m[48;2;5;5;5m                                         [0m[48;2;5;5;5m [0m
[8;1H[48;2;5;5;5m [0m[38;2;163;163;163;48;2;5;5;5mOBSERVED SEQUENCES · last 30m00s · 6193 of 6193 rows · one row = one wallet that sold A, then bought B · ≈[0m[48;2;5;5;5m [0m[8;109H
[8;111H[1;38;2;242;242;242;48;2;5;5;5mINFERNET → TOKEN[0m[48;2;5;5;5m                                                     [0m[8;180H
[9;111H[38;2;163;163;163;48;2;5;5;5m0x4224…6e99 → 0x1dce…3143[0m[48;2;5;5;5m                                            [0m[9;180H
[10;111H[38;2;242;242;242;48;2;5;5;5m[0m[48;2;5;5;5m                                                                     [0m[10;180H
[11;111H[38;2;242;242;242;48;2;5;5;5mwallet 0xd610…a142[0m[48;2;5;5;5m                                                   [0m[11;180H
[12;111H[38;2;163;163;163;48;2;5;5;5msold   17:27:24 UTC[0m[48;2;5;5;5m                                                  [0m[12;180H
[13;111H[38;2;163;163;163;48;2;5;5;5mbought 17:29:56≈ UTC · gap 2m32s · clean[0m[48;2;5;5;5m                             [0m[13;180H
[14;111H[38;2;163;163;163;48;2;5;5;5msell tx 0x9308…58db[0m[48;2;5;5;5m                                                  [0m[14;180H
[15;111H[38;2;163;163;163;48;2;5;5;5mbuy tx  0x9468…74e8[0m[48;2;5;5;5m                                                  [0m[15;180H
[16;111H[38;2;242;242;242;48;2;5;5;5m[0m[48;2;5;5;5m                                                                     [0m[16;180H
[17;111H[38;2;116;116;116;48;2;5;5;5mEnter: all wallets on this pair[0m[48;2;5;5;5m                                      [0m[17;180H
[40;1H[48;2;5;5;5m [0m[38;2;163;163;163;48;2;5;5;5mHOT ROTATIONS · distinct wallets, last 30m00s[0m[48;2;5;5;5m                                                             [0m[48;2;5;5;5m [0m[40;109H
[40;111H[38;2;163;163;163;48;2;5;5;5mACTIVITY · observed sequences per 60s bucket · 30 buckets[0m[48;2;5;5;5m            [0m[40;180H
[41;1H[48;2;5;5;5m [0m[1;38;2;242;242;242;48;2;5;5;5m 123 [0m[38;2;242;242;242;48;2;5;5;5mTruffleHog   → LUNAR       [0m[38;2;163;163;163;48;2;5;5;5m  130 seq[0m[48;2;5;5;5m                                                                 [0m[48;2;5;5;5m [0m[41;109H
[42;1H[48;2;5;5;5m [0m[1;38;2;242;242;242;48;2;5;5;5m  54 [0m[38;2;242;242;242;48;2;5;5;5mPiecoin      → TruffleHog  [0m[38;2;163;163;163;48;2;5;5;5m  883 seq[0m[48;2;5;5;5m                                                                 [0m[48;2;5;5;5m [0m[42;109H
[43;1H[48;2;5;5;5m [0m[1;38;2;242;242;242;48;2;5;5;5m  28 [0m[38;2;242;242;242;48;2;5;5;5megregore     → credit      [0m[38;2;163;163;163;48;2;5;5;5m  169 seq[0m[48;2;5;5;5m                                                                 [0m[48;2;5;5;5m [0m[43;109H
[44;1H[48;2;5;5;5m [0m[1;38;2;242;242;242;48;2;5;5;5m  25 [0m[38;2;242;242;242;48;2;5;5;5mRACE         → OPEN YIELD  [0m[38;2;163;163;163;48;2;5;5;5m  53 seq[0m[48;2;5;5;5m                                                                  [0m[48;2;5;5;5m [0m[44;109H
[44;111H[38;2;163;163;163;48;2;5;5;5m16:59:56 → 17:29:56 UTC · peak 266/bucket · total 6186[0m[48;2;5;5;5m               [0m[44;180H
[45;1H[48;2;5;5;5m [0m[1;38;2;242;242;242;48;2;5;5;5m  23 [0m[38;2;242;242;242;48;2;5;5;5mDOME         → SAGA        [0m[38;2;163;163;163;48;2;5;5;5m  61 seq[0m[48;2;5;5;5m                                                                  [0m[48;2;5;5;5m [0m[45;109H
[46;1H[48;2;5;5;5m [0m[1;38;2;242;242;242;48;2;5;5;5m  22 [0m[38;2;242;242;242;48;2;5;5;5mSTOXA        → EQSO        [0m[38;2;163;163;163;48;2;5;5;5m  27 seq[0m[48;2;5;5;5m                                                                  [0m[48;2;5;5;5m [0m[46;109H
[47;1H[48;2;5;5;5m [0m[1;38;2;242;242;242;48;2;5;5;5m  21 [0m[38;2;242;242;242;48;2;5;5;5mRBNHD        → egregore    [0m[38;2;163;163;163;48;2;5;5;5m  198 seq[0m[48;2;5;5;5m                                                                 [0m[48;2;5;5;5m [0m[47;109H
[48;1H[48;2;5;5;5m [0m[38;2;116;116;116;48;2;5;5;5mΔ measured over 2s between refreshes[0m[48;2;5;5;5m                                                                      [0m[48;2;5;5;5m [0m[48;109H[2;5H[9;107H[38;2;242;242;242;48;2;5;5;5m  [0m[9;109H
[10;107H[38;2;242;242;242;48;2;5;5;5m  [0m[10;109H
[11;107H[38;2;242;242;242;48;2;5;5;5m  [0m[11;109H
[12;107H[38;2;242;242;242;48;2;5;5;5m  [0m[12;109H
[13;107H[38;2;242;242;242;48;2;5;5;5m  [0m[13;109H
[14;107H[38;2;242;242;242;48;2;5;5;5m  [0m[14;109H
[15;107H[38;2;242;242;242;48;2;5;5;5m  [0m[15;109H
[16;107H[38;2;242;242;242;48;2;5;5;5m  [0m[16;109H
[17;107H[38;2;242;242;242;48;2;5;5;5m  [0m[17;109H
[18;107H[38;2;242;242;242;48;2;5;5;5m  [0m[18;109H
[19;107H[38;2;242;242;242;48;2;5;5;5m  [0m[19;109H
[20;107H[38;2;242;242;242;48;2;5;5;5m  [0m[20;109H
[21;107H[38;2;242;242;242;48;2;5;5;5m  [0m[21;109H
[22;107H[38;2;242;242;242;48;2;5;5;5m  [0m[22;109H
[23;107H[38;2;242;242;242;48;2;5;5;5m  [0m[23;109H
[24;107H[38;2;242;242;242;48;2;5;5;5m  [0m[24;109H
[25;107H[38;2;242;242;242;48;2;5;5;5m  [0m[25;109H
[26;107H[38;2;242;242;242;48;2;5;5;5m  [0m[26;109H
[27;107H[38;2;242;242;242;48;2;5;5;5m  [0m[27;109H
[28;107H[38;2;242;242;242;48;2;5;5;5m  [0m[28;109H
[29;107H[38;2;242;242;242;48;2;5;5;5m  [0m[29;109H
[30;107H[38;2;242;242;242;48;2;5;5;5m  [0m[30;109H
[31;107H[38;2;242;242;242;48;2;5;5;5m  [0m[31;109H
[32;107H[38;2;242;242;242;48;2;5;5;5m  [0m[32;109H
[33;107H[38;2;242;242;242;48;2;5;5;5m  [0m[33;109H
[34;107H[38;2;242;242;242;48;2;5;5;5m  [0m[34;109H
[35;107H[38;2;242;242;242;48;2;5;5;5m  [0m[35;109H
[36;107H[38;2;242;242;242;48;2;5;5;5m  [0m[36;109H
[37;107H[38;2;242;242;242;48;2;5;5;5m  [0m[37;109H
[38;107H[7;38;2;53;20;25;48;2;15;15;15m  [0m[38;109H
[40;1H[48;2;5;5;5m [0m[38;2;163;163;163;48;2;5;5;5mHOT ROTATIONS · distinct wallets, last 30m00s[0m[48;2;5;5;5m                                                             [0m[48;2;5;5;5m [0m[40;109H
[41;1H[48;2;5;5;5m [0m[1;38;2;242;242;242;48;2;5;5;5m 123 [0m[38;2;242;242;242;48;2;5;5;5mTruffleHog   → LUNAR       [0m[38;2;163;163;163;48;2;5;5;5m  130 seq[0m[48;2;5;5;5m                                                                 [0m[48;2;5;5;5m [0m[41;109H
[42;1H[48;2;5;5;5m [0m[1;38;2;242;242;242;48;2;5;5;5m  54 [0m[38;2;242;242;242;48;2;5;5;5mPiecoin      → TruffleHog  [0m[38;2;163;163;163;48;2;5;5;5m  883 seq[0m[48;2;5;5;5m                                                                 [0m[48;2;5;5;5m [0m[42;109H
[43;1H[48;2;5;5;5m [0m[1;38;2;242;242;242;48;2;5;5;5m  28 [0m[38;2;242;242;242;48;2;5;5;5megregore     → credit      [0m[38;2;163;163;163;48;2;5;5;5m  169 seq[0m[48;2;5;5;5m                                                                 [0m[48;2;5;5;5m [0m[43;109H
[44;1H[48;2;5;5;5m [0m[1;38;2;242;242;242;48;2;5;5;5m  25 [0m[38;2;242;242;242;48;2;5;5;5mRACE         → OPEN YIELD  [0m[38;2;163;163;163;48;2;5;5;5m  53 seq[0m[48;2;5;5;5m                                                                  [0m[48;2;5;5;5m [0m[44;109H
[45;1H[48;2;5;5;5m [0m[1;38;2;242;242;242;48;2;5;5;5m  23 [0m[38;2;242;242;242;48;2;5;5;5mDOME         → SAGA        [0m[38;2;163;163;163;48;2;5;5;5m  61 seq[0m[48;2;5;5;5m                                                                  [0m[48;2;5;5;5m [0m[45;109H
[46;1H[48;2;5;5;5m [0m[1;38;2;242;242;242;48;2;5;5;5m  22 [0m[38;2;242;242;242;48;2;5;5;5mSTOXA        → EQSO        [0m[38;2;163;163;163;48;2;5;5;5m  27 seq[0m[48;2;5;5;5m                                                                  [0m[48;2;5;5;5m [0m[46;109H
[47;1H[48;2;5;5;5m [0m[1;38;2;242;242;242;48;2;5;5;5m  21 [0m[38;2;242;242;242;48;2;5;5;5mRBNHD        → egregore    [0m[38;2;163;163;163;48;2;5;5;5m  198 seq[0m[48;2;5;5;5m                                                                 [0m[48;2;5;5;5m [0m[47;109H
[48;1H[48;2;5;5;5m [0m[38;2;116;116;116;48;2;5;5;5mΔ measured over 2s between refreshes[0m[48;2;5;5;5m                                                                      [0m[48;2;5;5;5m [0m[48;109H[2;5H[9;107H[38;2;242;242;242;48;2;5;5;5m  [0m[9;109H
[10;107H[38;2;242;242;242;48;2;5;5;5m  [0m[10;109H
[11;107H[38;2;242;242;242;48;2;5;5;5m  [0m[11;109H
[12;107H[38;2;242;242;242;48;2;5;5;5m  [0m[12;109H
[13;107H[38;2;242;242;242;48;2;5;5;5m  [0m[13;109H
[14;107H[38;2;242;242;242;48;2;5;5;5m  [0m[14;109H
[15;107H[38;2;242;242;242;48;2;5;5;5m  [0m[15;109H
[16;107H[38;2;242;242;242;48;2;5;5;5m  [0m[16;109H
[17;107H[38;2;242;242;242;48;2;5;5;5m  [0m[17;109H
[18;107H[38;2;242;242;242;48;2;5;5;5m  [0m[18;109H
[19;107H[38;2;242;242;242;48;2;5;5;5m  [0m[19;109H
[20;107H[38;2;242;242;242;48;2;5;5;5m  [0m[20;109H
[21;107H[38;2;242;242;242;48;2;5;5;5m  [0m[21;109H
[22;107H[38;2;242;242;242;48;2;5;5;5m  [0m[22;109H
[23;107H[38;2;242;242;242;48;2;5;5;5m  [0m[23;109H
[24;107H[38;2;242;242;242;48;2;5;5;5m  [0m[24;109H
[25;107H[38;2;242;242;242;48;2;5;5;5m  [0m[25;109H
[26;107H[38;2;242;242;242;48;2;5;5;5m  [0m[26;109H
[27;107H[38;2;242;242;242;48;2;5;5;5m  [0m[27;109H
[28;107H[38;2;242;242;242;48;2;5;5;5m  [0m[28;109H
[29;107H[38;2;242;242;242;48;2;5;5;5m  [0m[29;109H
[30;107H[38;2;242;242;242;48;2;5;5;5m  [0m[30;109H
[31;107H[38;2;242;242;242;48;2;5;5;5m  [0m[31;109H
[32;107H[38;2;242;242;242;48;2;5;5;5m  [0m[32;109H
[33;107H[38;2;242;242;242;48;2;5;5;5m  [0m[33;109H
[34;107H[38;2;242;242;242;48;2;5;5;5m  [0m[34;109H
[35;107H[38;2;242;242;242;48;2;5;5;5m  [0m[35;109H
[36;107H[38;2;242;242;242;48;2;5;5;5m  [0m[36;109H
[37;107H[38;2;242;242;242;48;2;5;5;5m  [0m[37;109H
[38;107H[7;38;2;53;20;25;48;2;15;15;15m  [0m[38;109H[2;5H[6;1H[48;2;5;5;5m [0m[38;2;242;242;242;48;2;5;5;5mCHAIN Robinhood Chain[0m[38;2;53;20;25;48;2;5;5;5m  ·  [0m[38;2;242;242;242;48;2;5;5;5m[REPLAY 10× · PAUSED][0m[38;2;53;20;25;48;2;5;5;5m  ·  [0m[38;2;242;242;242;48;2;5;5;5mCLOCK 17:29:56 UTC[0m[38;2;53;20;25;48;2;5;5;5m  ·  [0m[38;2;163;163;163;48;2;5;5;5mRANGE 16:59:56–17:29:56[0m[38;2;53;20;25;48;2;5;5;5m  ·  [0m[38;2;163;163;163;48;2;5;5;5mWINDOW 30m00s[0m[38;2;53;20;25;48;2;5;5;5m  ·  [0m[38;2;116;116;116;48;2;5;5;5mSESSION S-6b4784[0m[48;2;5;5;5m                                         [0m[48;2;5;5;5m [0m[2;5H[6;1H[48;2;5;5;5m [0m[38;2;242;242;242;48;2;5;5;5mCHAIN Robinhood Chain[0m[38;2;53;20;25;48;2;5;5;5m  ·  [0m[38;2;242;242;242;48;2;5;5;5m[REPLAY 10× · PAUSED][0m[38;2;53;20;25;48;2;5;5;5m  ·  [0m[38;2;242;242;242;48;2;5;5;5mCLOCK 17:29:56 UTC[0m[38;2;53;20;25;48;2;5;5;5m  ·  [0m[38;2;163;163;163;48;2;5;5;5mRANGE 16:59:56–17:29:56[0m[38;2;53;20;25;48;2;5;5;5m  ·  [0m[38;2;163;163;163;48;2;5;5;5mWINDOW 30m00s[0m[38;2;53;20;25;48;2;5;5;5m  ·  [0m[38;2;116;116;116;48;2;5;5;5mSESSION S-6b4784[0m[48;2;5;5;5m                                         [0m[48;2;5;5;5m [0m
[8;1H[48;2;5;5;5m [0m[38;2;163;163;163;48;2;5;5;5mOBSERVED SEQUENCES · last 30m00s · 6193 of 6193 rows · one row = one wallet that sold A, then bought B · ≈[0m[48;2;5;5;5m [0m[8;109H
[8;111H[1;38;2;242;242;242;48;2;5;5;5mINFERNET → TOKEN[0m[48;2;5;5;5m                                                     [0m[8;180H
[9;107H[38;2;242;242;242;48;2;5;5;5m  [0m[9;109H
[9;111H[38;2;163;163;163;48;2;5;5;5m0x4224…6e99 → 0x1dce…3143[0m[48;2;5;5;5m                                            [0m[9;180H
[10;107H[38;2;242;242;242;48;2;5;5;5m  [0m[10;109H
[10;111H[38;2;242;242;242;48;2;5;5;5m[0m[48;2;5;5;5m                                                                     [0m[10;180H
[11;107H[38;2;242;242;242;48;2;5;5;5m  [0m[11;109H
[11;111H[38;2;242;242;242;48;2;5;5;5mwallet 0xd610…a142[0m[48;2;5;5;5m                                                   [0m[11;180H
[12;107H[38;2;242;242;242;48;2;5;5;5m  [0m[12;109H
[12;111H[38;2;163;163;163;48;2;5;5;5msold   17:27:24 UTC[0m[48;2;5;5;5m                                                  [0m[12;180H
[13;107H[38;2;242;242;242;48;2;5;5;5m  [0m[13;109H
[13;111H[38;2;163;163;163;48;2;5;5;5mbought 17:29:56≈ UTC · gap 2m32s · clean[0m[48;2;5;5;5m                             [0m[13;180H
[14;107H[38;2;242;242;242;48;2;5;5;5m  [0m[14;109H
[14;111H[38;2;163;163;163;48;2;5;5;5msell tx 0x9308…58db[0m[48;2;5;5;5m                                                  [0m[14;180H
[15;107H[38;2;242;242;242;48;2;5;5;5m  [0m[15;109H
[15;111H[38;2;163;163;163;48;2;5;5;5mbuy tx  0x9468…74e8[0m[48;2;5;5;5m                                                  [0m[15;180H
[16;107H[38;2;242;242;242;48;2;5;5;5m  [0m[16;109H
[16;111H[38;2;242;242;242;48;2;5;5;5m[0m[48;2;5;5;5m                                                                     [0m[16;180H
[17;107H[38;2;242;242;242;48;2;5;5;5m  [0m[17;109H
[17;111H[38;2;116;116;116;48;2;5;5;5mEnter: all wallets on this pair[0m[48;2;5;5;5m                                      [0m[17;180H
[18;107H[38;2;242;242;242;48;2;5;5;5m  [0m[18;109H
[19;107H[38;2;242;242;242;48;2;5;5;5m  [0m[19;109H
[20;107H[38;2;242;242;242;48;2;5;5;5m  [0m[20;109H
[21;107H[38;2;242;242;242;48;2;5;5;5m  [0m[21;109H
[22;107H[38;2;242;242;242;48;2;5;5;5m  [0m[22;109H
[23;107H[38;2;242;242;242;48;2;5;5;5m  [0m[23;109H
[24;107H[38;2;242;242;242;48;2;5;5;5m  [0m[24;109H
[25;107H[38;2;242;242;242;48;2;5;5;5m  [0m[25;109H
[26;107H[38;2;242;242;242;48;2;5;5;5m  [0m[26;109H
[27;107H[38;2;242;242;242;48;2;5;5;5m  [0m[27;109H
[28;107H[38;2;242;242;242;48;2;5;5;5m  [0m[28;109H
[29;107H[38;2;242;242;242;48;2;5;5;5m  [0m[29;109H
[30;107H[38;2;242;242;242;48;2;5;5;5m  [0m[30;109H
[31;107H[38;2;242;242;242;48;2;5;5;5m  [0m[31;109H
[32;107H[38;2;242;242;242;48;2;5;5;5m  [0m[32;109H
[33;107H[38;2;242;242;242;48;2;5;5;5m  [0m[33;109H
[34;107H[38;2;242;242;242;48;2;5;5;5m  [0m[34;109H
[35;107H[38;2;242;242;242;48;2;5;5;5m  [0m[35;109H
[36;107H[38;2;242;242;242;48;2;5;5;5m  [0m[36;109H
[37;107H[38;2;242;242;242;48;2;5;5;5m  [0m[37;109H
[38;107H[7;38;2;53;20;25;48;2;15;15;15m  [0m[38;109H
[40;111H[38;2;163;163;163;48;2;5;5;5mACTIVITY · observed sequences per 60s bucket · 30 buckets[0m[48;2;5;5;5m            [0m[40;180H
[44;111H[38;2;163;163;163;48;2;5;5;5m16:59:56 → 17:29:56 UTC · peak 266/bucket · total 6186[0m[48;2;5;5;5m               [0m[44;180H[2;5H[9;107H[38;2;242;242;242;48;2;5;5;5m  [0m[9;109H
[10;107H[38;2;242;242;242;48;2;5;5;5m  [0m[10;109H
[11;107H[38;2;242;242;242;48;2;5;5;5m  [0m[11;109H
[12;107H[38;2;242;242;242;48;2;5;5;5m  [0m[12;109H
[13;107H[38;2;242;242;242;48;2;5;5;5m  [0m[13;109H
[14;107H[38;2;242;242;242;48;2;5;5;5m  [0m[14;109H
[15;107H[38;2;242;242;242;48;2;5;5;5m  [0m[15;109H
[16;107H[38;2;242;242;242;48;2;5;5;5m  [0m[16;109H
[17;107H[38;2;242;242;242;48;2;5;5;5m  [0m[17;109H
[18;107H[38;2;242;242;242;48;2;5;5;5m  [0m[18;109H
[19;107H[38;2;242;242;242;48;2;5;5;5m  [0m[19;109H
[20;107H[38;2;242;242;242;48;2;5;5;5m  [0m[20;109H
[21;107H[38;2;242;242;242;48;2;5;5;5m  [0m[21;109H
[22;107H[38;2;242;242;242;48;2;5;5;5m  [0m[22;109H
[23;107H[38;2;242;242;242;48;2;5;5;5m  [0m[23;109H
[24;107H[38;2;242;242;242;48;2;5;5;5m  [0m[24;109H
[25;107H[38;2;242;242;242;48;2;5;5;5m  [0m[25;109H
[26;107H[38;2;242;242;242;48;2;5;5;5m  [0m[26;109H
[27;107H[38;2;242;242;242;48;2;5;5;5m  [0m[27;109H
[28;107H[38;2;242;242;242;48;2;5;5;5m  [0m[28;109H
[29;107H[38;2;242;242;242;48;2;5;5;5m  [0m[29;109H
[30;107H[38;2;242;242;242;48;2;5;5;5m  [0m[30;109H
[31;107H[38;2;242;242;242;48;2;5;5;5m  [0m[31;109H
[32;107H[38;2;242;242;242;48;2;5;5;5m  [0m[32;109H
[33;107H[38;2;242;242;242;48;2;5;5;5m  [0m[33;109H
[34;107H[38;2;242;242;242;48;2;5;5;5m  [0m[34;109H
[35;107H[38;2;242;242;242;48;2;5;5;5m  [0m[35;109H
[36;107H[38;2;242;242;242;48;2;5;5;5m  [0m[36;109H
[37;107H[38;2;242;242;242;48;2;5;5;5m  [0m[37;109H
[38;107H[7;38;2;53;20;25;48;2;15;15;15m  [0m[38;109H[2;5H[6;1H[48;2;5;5;5m [0m[38;2;242;242;242;48;2;5;5;5mCHAIN Robinhood Chain[0m[38;2;53;20;25;48;2;5;5;5m  ·  [0m[38;2;242;242;242;48;2;5;5;5m[REPLAY 10× · PAUSED][0m[38;2;53;20;25;48;2;5;5;5m  ·  [0m[38;2;242;242;242;48;2;5;5;5mCLOCK 17:29:56 UTC[0m[38;2;53;20;25;48;2;5;5;5m  ·  [0m[38;2;163;163;163;48;2;5;5;5mRANGE 16:59:56–17:29:56[0m[38;2;53;20;25;48;2;5;5;5m  ·  [0m[38;2;163;163;163;48;2;5;5;5mWINDOW 30m00s[0m[38;2;53;20;25;48;2;5;5;5m  ·  [0m[38;2;116;116;116;48;2;5;5;5mSESSION S-6b4784[0m[48;2;5;5;5m                                         [0m[48;2;5;5;5m [0m[2;5H[6;1H[48;2;5;5;5m [0m[38;2;242;242;242;48;2;5;5;5mCHAIN Robinhood Chain[0m[38;2;53;20;25;48;2;5;5;5m  ·  [0m[38;2;242;242;242;48;2;5;5;5m[REPLAY 10× · PAUSED][0m[38;2;53;20;25;48;2;5;5;5m  ·  [0m[38;2;242;242;242;48;2;5;5;5mCLOCK 17:29:56 UTC[0m[38;2;53;20;25;48;2;5;5;5m  ·  [0m[38;2;163;163;163;48;2;5;5;5mRANGE 16:59:56–17:29:56[0m[38;2;53;20;25;48;2;5;5;5m  ·  [0m[38;2;163;163;163;48;2;5;5;5mWINDOW 30m00s[0m[38;2;53;20;25;48;2;5;5;5m  ·  [0m[38;2;116;116;116;48;2;5;5;5mSESSION S-6b4784[0m[48;2;5;5;5m                                         [0m[48;2;5;5;5m [0m
[8;1H[48;2;5;5;5m [0m[38;2;163;163;163;48;2;5;5;5mOBSERVED SEQUENCES · last 30m00s · 6193 of 6193 rows · one row = one wallet that sold A, then bought B · ≈[0m[48;2;5;5;5m [0m[8;109H
[8;111H[1;38;2;242;242;242;48;2;5;5;5mINFERNET → TOKEN[0m[48;2;5;5;5m                                                     [0m[8;180H
[9;107H[38;2;242;242;242;48;2;5;5;5m  [0m[9;109H
[9;111H[38;2;163;163;163;48;2;5;5;5m0x4224…6e99 → 0x1dce…3143[0m[48;2;5;5;5m                                            [0m[9;180H
[10;107H[38;2;242;242;242;48;2;5;5;5m  [0m[10;109H
[10;111H[38;2;242;242;242;48;2;5;5;5m[0m[48;2;5;5;5m                                                                     [0m[10;180H
[11;107H[38;2;242;242;242;48;2;5;5;5m  [0m[11;109H
[11;111H[38;2;242;242;242;48;2;5;5;5mwallet 0xd610…a142[0m[48;2;5;5;5m                                                   [0m[11;180H
[12;107H[38;2;242;242;242;48;2;5;5;5m  [0m[12;109H
[12;111H[38;2;163;163;163;48;2;5;5;5msold   17:27:24 UTC[0m[48;2;5;5;5m                                                  [0m[12;180H
[13;107H[38;2;242;242;242;48;2;5;5;5m  [0m[13;109H
[13;111H[38;2;163;163;163;48;2;5;5;5mbought 17:29:56≈ UTC · gap 2m32s · clean[0m[48;2;5;5;5m                             [0m[13;180H
[14;107H[38;2;242;242;242;48;2;5;5;5m  [0m[14;109H
[14;111H[38;2;163;163;163;48;2;5;5;5msell tx 0x9308…58db[0m[48;2;5;5;5m                                                  [0m[14;180H
[15;107H[38;2;242;242;242;48;2;5;5;5m  [0m[15;109H
[15;111H[38;2;163;163;163;48;2;5;5;5mbuy tx  0x9468…74e8[0m[48;2;5;5;5m                                                  [0m[15;180H
[16;107H[38;2;242;242;242;48;2;5;5;5m  [0m[16;109H
[16;111H[38;2;242;242;242;48;2;5;5;5m[0m[48;2;5;5;5m                                                                     [0m[16;180H
[17;107H[38;2;242;242;242;48;2;5;5;5m  [0m[17;109H
[17;111H[38;2;116;116;116;48;2;5;5;5mEnter: all wallets on this pair[0m[48;2;5;5;5m                                      [0m[17;180H
[18;107H[38;2;242;242;242;48;2;5;5;5m  [0m[18;109H
[19;107H[38;2;242;242;242;48;2;5;5;5m  [0m[19;109H
[20;107H[38;2;242;242;242;48;2;5;5;5m  [0m[20;109H
[21;107H[38;2;242;242;242;48;2;5;5;5m  [0m[21;109H
[22;107H[38;2;242;242;242;48;2;5;5;5m  [0m[22;109H
[23;107H[38;2;242;242;242;48;2;5;5;5m  [0m[23;109H
[24;107H[38;2;242;242;242;48;2;5;5;5m  [0m[24;109H
[25;107H[38;2;242;242;242;48;2;5;5;5m  [0m[25;109H
[26;107H[38;2;242;242;242;48;2;5;5;5m  [0m[26;109H
[27;107H[38;2;242;242;242;48;2;5;5;5m  [0m[27;109H
[28;107H[38;2;242;242;242;48;2;5;5;5m  [0m[28;109H
[29;107H[38;2;242;242;242;48;2;5;5;5m  [0m[29;109H
[30;107H[38;2;242;242;242;48;2;5;5;5m  [0m[30;109H
[31;107H[38;2;242;242;242;48;2;5;5;5m  [0m[31;109H
[32;107H[38;2;242;242;242;48;2;5;5;5m  [0m[32;109H
[33;107H[38;2;242;242;242;48;2;5;5;5m  [0m[33;109H
[34;107H[38;2;242;242;242;48;2;5;5;5m  [0m[34;109H
[35;107H[38;2;242;242;242;48;2;5;5;5m  [0m[35;109H
[36;107H[38;2;242;242;242;48;2;5;5;5m  [0m[36;109H
[37;107H[38;2;242;242;242;48;2;5;5;5m  [0m[37;109H
[38;107H[7;38;2;53;20;25;48;2;15;15;15m  [0m[38;109H
[40;111H[38;2;163;163;163;48;2;5;5;5mACTIVITY · observed sequences per 60s bucket · 30 buckets[0m[48;2;5;5;5m            [0m[40;180H
[44;111H[38;2;163;163;163;48;2;5;5;5m16:59:56 → 17:29:56 UTC · peak 266/bucket · total 6186[0m[48;2;5;5;5m               [0m[44;180H[2;5H[9;107H[38;2;242;242;242;48;2;5;5;5m  [0m[9;109H
[10;107H[38;2;242;242;242;48;2;5;5;5m  [0m[10;109H
[11;107H[38;2;242;242;242;48;2;5;5;5m  [0m[11;109H
[12;107H[38;2;242;242;242;48;2;5;5;5m  [0m[12;109H
[13;107H[38;2;242;242;242;48;2;5;5;5m  [0m[13;109H
[14;107H[38;2;242;242;242;48;2;5;5;5m  [0m[14;109H
[15;107H[38;2;242;242;242;48;2;5;5;5m  [0m[15;109H
[16;107H[38;2;242;242;242;48;2;5;5;5m  [0m[16;109H
[17;107H[38;2;242;242;242;48;2;5;5;5m  [0m[17;109H
[18;107H[38;2;242;242;242;48;2;5;5;5m  [0m[18;109H
[19;107H[38;2;242;242;242;48;2;5;5;5m  [0m[19;109H
[20;107H[38;2;242;242;242;48;2;5;5;5m  [0m[20;109H
[21;107H[38;2;242;242;242;48;2;5;5;5m  [0m[21;109H
[22;107H[38;2;242;242;242;48;2;5;5;5m  [0m[22;109H
[23;107H[38;2;242;242;242;48;2;5;5;5m  [0m[23;109H
[24;107H[38;2;242;242;242;48;2;5;5;5m  [0m[24;109H
[25;107H[38;2;242;242;242;48;2;5;5;5m  [0m[25;109H
[26;107H[38;2;242;242;242;48;2;5;5;5m  [0m[26;109H
[27;107H[38;2;242;242;242;48;2;5;5;5m  [0m[27;109H
[28;107H[38;2;242;242;242;48;2;5;5;5m  [0m[28;109H
[29;107H[38;2;242;242;242;48;2;5;5;5m  [0m[29;109H
[30;107H[38;2;242;242;242;48;2;5;5;5m  [0m[30;109H
[31;107H[38;2;242;242;242;48;2;5;5;5m  [0m[31;109H
[32;107H[38;2;242;242;242;48;2;5;5;5m  [0m[32;109H
[33;107H[38;2;242;242;242;48;2;5;5;5m  [0m[33;109H
[34;107H[38;2;242;242;242;48;2;5;5;5m  [0m[34;109H
[35;107H[38;2;242;242;242;48;2;5;5;5m  [0m[35;109H
[36;107H[38;2;242;242;242;48;2;5;5;5m  [0m[36;109H
[37;107H[38;2;242;242;242;48;2;5;5;5m  [0m[37;109H
[38;107H[7;38;2;53;20;25;48;2;15;15;15m  [0m[38;109H[2;5H[?2004l[?7h[?1000l[?1003l[?1015l[?1006l[<u[?1049l[?25h[?1004l[?1000l[?1003l[?1015l[?1006l