[?1049h[?1000h[?1003h[?1015h[?1006h[?25l[?1004h[>25u[?2026$p[?2048$p[?2004h[?7l[?1000h[?1003h[?1015h[?1006h]22;default[1;1H[48;5;16m [0m[1;38;5;203;48;5;16m██████ ██████ ██████ ██  ██ ██████ ██████ █████  ██████[0m[48;5;16m                                                               [0m[48;5;16m [0m
[2;1H[48;5;16m [0m[1;38;5;203;48;5;16m██       ██   ██  ██ ██████ ██  ██ ██     ██  ██ ██    [0m[48;5;16m                                                               [0m[48;5;16m [0m
[3;1H[48;5;16m [0m[1;38;5;203;48;5;16m██████   ██   ██████ ██████ ██████ █████  ██  ██ █████ [0m[48;5;16m                                                               [0m[48;5;16m [0m
[4;1H[48;5;16m [0m[1;38;5;203;48;5;16m    ██   ██   ██  ██ ██  ██ ██     ██     ██  ██ ██    [0m[48;5;16m                                                               [0m[48;5;16m [0m
[5;1H[48;5;16m [0m[1;38;5;203;48;5;16m██████   ██   ██  ██ ██  ██ ██     ██████ █████  ██████[0m[48;5;16m                                                               [0m[48;5;16m [0m
[6;1H[48;5;16m [0m[38;5;255;48;5;16mCHAIN Robinhood Chain[0m[38;5;52;48;5;16m  ·  [0m[38;5;255;48;5;16m[?][0m[38;5;52;48;5;16m  ·  [0m[38;5;255;48;5;16mCLOCK --:--:-- UTC[0m[38;5;52;48;5;16m  ·  [0m[38;5;247;48;5;16mWINDOW 30m00s[0m[48;5;16m                                                [0m[48;5;16m [0m
[7;1H[48;5;16m [0m[38;5;52;48;5;16m──────────────────────────────────────────────────────────────────────────────────────────────────────────────────────[0m[48;5;16m [0m
[8;1H[48;5;16m [0m[38;5;247;48;5;16m[0m[48;5;16m                                                                      [0m[48;5;16m [0m[38;5;52;48;5;16m│[0m[48;5;16m [0m[38;5;247;48;5;16mSELECTED PAIR[0m[48;5;16m                                [0m[48;5;16m [0m
[9;1H[38;5;247;48;5;16m   [0m[38;5;247;48;5;16m TIME UTC  [0m[38;5;247;48;5;16m WALLET      [0m[38;5;247;48;5;16m SOLD       [0m[38;5;247;48;5;16m   [0m[38;5;247;48;5;16m BOUGHT     [0m[38;5;247;48;5;16m GAP    [0m[38;5;247;48;5;16m GRADE  [0m[38;5;247;48;5;16m  [0m[38;5;52;48;5;16m│[0m[48;5;16m [0m[38;5;255;48;5;16m[0m[48;5;16m                                             [0m[48;5;16m [0m
[10;1H[38;5;255;48;5;16m                                                                        [0m[38;5;52;48;5;16m│[0m[48;5;16m [0m[38;5;247;48;5;16mMove with ↑/↓, press Enter to open the pair.[0m[48;5;16m [0m[48;5;16m [0m
[11;1H[38;5;255;48;5;16m                                                                        [0m[38;5;52;48;5;16m│[0m[48;5;16m [0m[38;5;255;48;5;16m[0m[48;5;16m                                             [0m[48;5;16m [0m
[12;1H[38;5;255;48;5;16m                                                                        [0m[38;5;52;48;5;16m│[0m[48;5;16m [0m[38;5;242;48;5;16mEdge A → B: distinct wallets that sold A,[0m[48;5;16m    [0m[48;5;16m [0m
[13;1H[38;5;255;48;5;16m                                                                        [0m[38;5;52;48;5;16m│[0m[48;5;16m [0m[38;5;242;48;5;16mthen bought B within the pairing window. Same[0m[48;5;16m [0m
[14;1H[38;5;255;48;5;16m                                                                        [0m[38;5;52;48;5;16m│[0m[48;5;16m [0m[38;5;242;48;5;16maddress, observed order of trades; not proof[0m[48;5;16m [0m[48;5;16m [0m
[15;1H[38;5;255;48;5;16m                                                                        [0m[38;5;52;48;5;16m│[0m[48;5;16m [0m[38;5;242;48;5;16mof money flow or shared ownership.[0m[48;5;16m           [0m[48;5;16m [0m
[16;1H[38;5;255;48;5;16m                                                                        [0m[38;5;52;48;5;16m│[0m[48;5;16m [0m[48;5;16m                                             [0m[48;5;16m [0m
[17;1H[38;5;255;48;5;16m                                                                        [0m[38;5;52;48;5;16m│[0m[48;5;16m [0m[48;5;16m                                             [0m[48;5;16m [0m
[18;1H[38;5;255;48;5;16m                                                                        [0m[38;5;52;48;5;16m│[0m[48;5;16m [0m[48;5;16m                                             [0m[48;5;16m [0m
[19;1H[38;5;255;48;5;16m                                                                        [0m[38;5;52;48;5;16m│[0m[48;5;16m [0m[48;5;16m                                             [0m[48;5;16m [0m
[20;1H[38;5;255;48;5;16m                                                                        [0m[38;5;52;48;5;16m│[0m[48;5;16m [0m[48;5;16m                                             [0m[48;5;16m [0m
[21;1H[38;5;255;48;5;16m                                                                        [0m[38;5;52;48;5;16m│[0m[48;5;16m [0m[48;5;16m                                             [0m[48;5;16m [0m
[22;1H[38;5;255;48;5;16m                                                                        [0m[38;5;52;48;5;16m│[0m[48;5;16m [0m[48;5;16m                                             [0m[48;5;16m [0m
[23;1H[38;5;255;48;5;16m                                                                        [0m[38;5;52;48;5;16m│[0m[48;5;16m [0m[48;5;16m                                             [0m[48;5;16m [0m
[24;1H[38;5;255;48;5;16m                                                                        [0m[38;5;52;48;5;16m│[0m[48;5;16m [0m[48;5;16m                                             [0m[48;5;16m [0m
[25;1H[38;5;52;48;5;16m────────────────────────────────────────────────────────────────────────────────────────────────────────────────────────[0m
[26;1H[48;5;16m [0m[38;5;247;48;5;16mHOT ROTATIONS · distinct wallets, last 30m00s[0m[48;5;16m                         [0m[48;5;16m [0m[38;5;52;48;5;16m│[0m[48;5;16m [0m[38;5;255;48;5;16m[0m[48;5;16m                                             [0m[48;5;16m [0m
[27;1H[48;5;16m [0m[38;5;242;48;5;16m…[0m[48;5;16m                                                                     [0m[48;5;16m [0m[38;5;52;48;5;16m│[0m[48;5;16m [0m[48;5;16m                                             [0m[48;5;16m [0m
[28;1H[48;5;16m                                                                        [0m[38;5;52;48;5;16m│[0m[48;5;16m [0m[48;5;16m                                             [0m[48;5;16m [0m
[29;1H[48;5;16m                                                                        [0m[38;5;52;48;5;16m│[0m[48;5;16m [0m[38;5;242;48;5;16m▁▁▁▁▁▁▁▁▁▁▁▁▁▁▁▁▁▁▁▁▁▁▁▁▁▁▁▁▁▁▁▁▁▁▁▁▁▁▁▁▁▁▁▁▁[0m[48;5;16m [0m
[30;1H[48;5;16m                                                                        [0m[38;5;52;48;5;16m│[0m[48;5;16m [0m[38;5;255;48;5;16m[0m[48;5;16m                                             [0m[48;5;16m [0m
[31;1H[48;5;16m                                                                        [0m[38;5;52;48;5;16m│[0m[48;5;16m [0m[48;5;16m                                             [0m[48;5;16m [0m
[32;1H[48;5;16m                                                                        [0m[38;5;52;48;5;16m│[0m[48;5;16m [0m[48;5;16m                                             [0m[48;5;16m [0m
[33;1H[48;5;16m                                                                        [0m[38;5;52;48;5;16m│[0m[48;5;16m [0m[48;5;16m                                             [0m[48;5;16m [0m
[34;1H[48;5;16m                                                                        [0m[38;5;52;48;5;16m│[0m[48;5;16m [0m[48;5;16m                                             [0m[48;5;16m [0m
[35;1H[48;5;16m                                                                        [0m[38;5;52;48;5;16m│[0m[48;5;16m [0m[48;5;16m                                             [0m[48;5;16m [0m
[36;1H[48;5;232m [0m[38;5;247;48;5;232m↑/↓ select · Enter open · Esc back · / search · End follow tail · q quit[0m[48;5;232m                                              [0m[48;5;232m [0m[2;5H[8;1H[48;5;16m [0m[38;5;247;48;5;16m[0m[48;5;16m                                                                      [0m[48;5;16m [0m[8;73H[38;5;52;48;5;16m│[0m[48;5;16m [0m[8;75H[38;5;247;48;5;16mSELECTED PAIR[0m[48;5;16m                                [0m[8;120H[48;5;16m [0m
[9;1H[38;5;247;48;5;16m   [0m[38;5;247;48;5;16m TIME UTC  [0m[38;5;247;48;5;16m WALLET      [0m[38;5;247;48;5;16m SOLD       [0m[38;5;247;48;5;16m   [0m[38;5;247;48;5;16m BOUGHT     [0m[38;5;247;48;5;16m GAP    [0m[38;5;247;48;5;16m GRADE  [0m[38;5;247;48;5;16m  [0m[9;73H[38;5;52;48;5;16m│[0m[48;5;16m [0m[9;75H[38;5;255;48;5;16m[0m[48;5;16m                                             [0m[9;120H[48;5;16m [0m
[10;1H[38;5;255;48;5;16m                                                                        [0m[10;73H[38;5;52;48;5;16m│[0m[48;5;16m [0m[10;75H[38;5;247;48;5;16mMove with ↑/↓, press Enter to open the pair.[0m[48;5;16m [0m[10;120H[48;5;16m [0m
[11;1H[38;5;255;48;5;16m                                                                        [0m[11;73H[38;5;52;48;5;16m│[0m[48;5;16m [0m[11;75H[38;5;255;48;5;16m[0m[48;5;16m                                             [0m[11;120H[48;5;16m [0m
[12;1H[38;5;255;48;5;16m                                                                        [0m[12;73H[38;5;52;48;5;16m│[0m[48;5;16m [0m[12;75H[38;5;242;48;5;16mEdge A → B: distinct wallets that sold A,[0m[48;5;16m    [0m[12;120H[48;5;16m [0m
[13;1H[38;5;255;48;5;16m                                                                        [0m[13;73H[38;5;52;48;5;16m│[0m[48;5;16m [0m[13;75H[38;5;242;48;5;16mthen bought B within the pairing window. Same[0m[13;120H[48;5;16m [0m
[14;1H[38;5;255;48;5;16m                                                                        [0m[14;73H[38;5;52;48;5;16m│[0m[48;5;16m [0m[14;75H[38;5;242;48;5;16maddress, observed order of trades; not proof[0m[48;5;16m [0m[14;120H[48;5;16m [0m
[15;1H[38;5;255;48;5;16m                                                                        [0m[15;73H[38;5;52;48;5;16m│[0m[48;5;16m [0m[15;75H[38;5;242;48;5;16mof money flow or shared ownership.[0m[48;5;16m           [0m[15;120H[48;5;16m [0m
[16;1H[38;5;255;48;5;16m                                                                        [0m[16;73H[38;5;52;48;5;16m│[0m[48;5;16m [0m[48;5;16m                                             [0m[48;5;16m [0m
[17;1H[38;5;255;48;5;16m                                                                        [0m[17;73H[38;5;52;48;5;16m│[0m[48;5;16m [0m[48;5;16m                                             [0m[48;5;16m [0m
[18;1H[38;5;255;48;5;16m                                                                        [0m[18;73H[38;5;52;48;5;16m│[0m[48;5;16m [0m[48;5;16m                                             [0m[48;5;16m [0m
[19;1H[38;5;255;48;5;16m                                                                        [0m[19;73H[38;5;52;48;5;16m│[0m[48;5;16m [0m[48;5;16m                                             [0m[48;5;16m [0m
[20;1H[38;5;255;48;5;16m                                                                        [0m[20;73H[38;5;52;48;5;16m│[0m[48;5;16m [0m[48;5;16m                                             [0m[48;5;16m [0m
[21;1H[38;5;255;48;5;16m                                                                        [0m[21;73H[38;5;52;48;5;16m│[0m[48;5;16m [0m[48;5;16m                                             [0m[48;5;16m [0m
[22;1H[38;5;255;48;5;16m                                                                        [0m[22;73H[38;5;52;48;5;16m│[0m[48;5;16m [0m[48;5;16m                                             [0m[48;5;16m [0m
[23;1H[38;5;255;48;5;16m                                                                        [0m[23;73H[38;5;52;48;5;16m│[0m[48;5;16m [0m[48;5;16m                                             [0m[48;5;16m [0m
[24;1H[38;5;255;48;5;16m                                                                        [0m[24;73H[38;5;52;48;5;16m│[0m[48;5;16m [0m[48;5;16m                                             [0m[48;5;16m [0m
[25;1H[38;5;52;48;5;16m────────────────────────────────────────────────────────────────────────────────────────────────────────────────────────[0m
[26;1H[48;5;16m [0m[38;5;247;48;5;16mHOT ROTATIONS · distinct wallets, last 30m00s[0m[48;5;16m                         [0m[48;5;16m [0m[26;73H[38;5;52;48;5;16m│[0m[48;5;16m [0m[26;75H[38;5;255;48;5;16m[0m[48;5;16m                                             [0m[26;120H[48;5;16m [0m
[27;1H[48;5;16m [0m[38;5;242;48;5;16m…[0m[48;5;16m                                                                     [0m[48;5;16m [0m[27;73H[38;5;52;48;5;16m│[0m[48;5;16m [0m[27;75H[48;5;16m                                             [0m[27;120H[48;5;16m [0m
[28;1H[48;5;16m                                                                        [0m[28;73H[38;5;52;48;5;16m│[0m[48;5;16m [0m[28;75H[48;5;16m                                             [0m[28;120H[48;5;16m [0m
[29;1H[48;5;16m                                                                        [0m[29;73H[38;5;52;48;5;16m│[0m[48;5;16m [0m[29;75H[38;5;242;48;5;16m▁▁▁▁▁▁▁▁▁▁▁▁▁▁▁▁▁▁▁▁▁▁▁▁▁▁▁▁▁▁▁▁▁▁▁▁▁▁▁▁▁▁▁▁▁[0m[29;120H[48;5;16m [0m
[30;1H[48;5;16m                                                                        [0m[30;73H[38;5;52;48;5;16m│[0m[48;5;16m [0m[30;75H[38;5;255;48;5;16m[0m[48;5;16m                                             [0m[30;120H[48;5;16m [0m
[31;1H[48;5;16m                                                                        [0m[31;73H[38;5;52;48;5;16m│[0m[48;5;16m [0m[48;5;16m                                             [0m[48;5;16m [0m
[32;1H[48;5;16m                                                                        [0m[32;73H[38;5;52;48;5;16m│[0m[48;5;16m [0m[48;5;16m                                             [0m[48;5;16m [0m
[33;1H[48;5;16m                                                                        [0m[33;73H[38;5;52;48;5;16m│[0m[48;5;16m [0m[48;5;16m                                             [0m[48;5;16m [0m
[34;1H[48;5;16m                                                                        [0m[34;73H[38;5;52;48;5;16m│[0m[48;5;16m [0m[48;5;16m                                             [0m[48;5;16m [0m
[35;1H[48;5;16m                                                                        [0m[35;73H[38;5;52;48;5;16m│[0m[48;5;16m [0m[48;5;16m                                             [0m[48;5;16m [0m[2;5H[1;1H[48;5;16m [0m[1;38;5;203;48;5;16m██████ ██████ ██████ ██  ██ ██████ ██████ █████  ██████[0m[48;5;16m                                                               [0m[48;5;16m [0m
[2;1H[48;5;16m [0m[1;38;5;203;48;5;16m██       ██   ██  ██ ██████ ██  ██ ██     ██  ██ ██    [0m[48;5;16m                                                               [0m[48;5;16m [0m
[3;1H[48;5;16m [0m[1;38;5;203;48;5;16m██████   ██   ██████ ██████ ██████ █████  ██  ██ █████ [0m[48;5;16m                                                               [0m[48;5;16m [0m
[4;1H[48;5;16m [0m[1;38;5;203;48;5;16m    ██   ██   ██  ██ ██  ██ ██     ██     ██  ██ ██    [0m[48;5;16m                                                               [0m[48;5;16m [0m
[5;1H[48;5;16m [0m[1;38;5;203;48;5;16m██████   ██   ██  ██ ██  ██ ██     ██████ █████  ██████[0m[48;5;16m                                                               [0m[48;5;16m [0m
[6;1H[48;5;16m [0m[38;5;255;48;5;16mCHAIN Robinhood Chain[0m[38;5;52;48;5;16m  ·  [0m[38;5;255;48;5;16m[?][0m[38;5;52;48;5;16m  ·  [0m[38;5;255;48;5;16mCLOCK --:--:-- UTC[0m[38;5;52;48;5;16m  ·  [0m[38;5;247;48;5;16mWINDOW 30m00s[0m[48;5;16m                                                [0m[48;5;16m [0m
[7;1H[48;5;16m [0m[38;5;52;48;5;16m──────────────────────────────────────────────────────────────────────────────────────────────────────────────────────[0m[48;5;16m [0m
[8;75H[38;5;247;48;5;16mSELECTED PAIR[0m[48;5;16m                                [0m[8;120H
[9;75H[38;5;255;48;5;16m[0m[48;5;16m                                             [0m[9;120H
[10;75H[38;5;247;48;5;16mMove with ↑/↓, press Enter to open the pair.[0m[48;5;16m [0m[10;120H
[11;75H[38;5;255;48;5;16m[0m[48;5;16m                                             [0m[11;120H
[12;75H[38;5;242;48;5;16mEdge A → B: distinct wallets that sold A,[0m[48;5;16m    [0m[12;120H
[13;75H[38;5;242;48;5;16mthen bought B within the pairing window. Same[0m[13;120H
[14;75H[38;5;242;48;5;16maddress, observed order of trades; not proof[0m[48;5;16m [0m[14;120H
[15;75H[38;5;242;48;5;16mof money flow or shared ownership.[0m[48;5;16m           [0m[15;120H
[26;1H[48;5;16m [0m[38;5;247;48;5;16mHOT ROTATIONS · distinct wallets, last 30m00s[0m[48;5;16m                         [0m[48;5;16m [0m[26;73H
[27;1H[48;5;16m [0m[38;5;242;48;5;16m…[0m[48;5;16m                                                                     [0m[48;5;16m [0m[27;73H
[36;1H[48;5;232m [0m[38;5;247;48;5;232m↑/↓ select · Enter open · Esc back · / search · End follow tail · q quit[0m[48;5;232m                                              [0m[48;5;232m [0m[2;5H[8;1H[48;5;16m [0m[38;5;247;48;5;16m[0m[48;5;16m                                                                      [0m[48;5;16m [0m[8;73H
[9;1H[38;5;247;48;5;232m   [0m[38;5;247;48;5;232m TIME UTC  [0m[38;5;247;48;5;232m WALLET      [0m[38;5;247;48;5;232m SOLD       [0m[38;5;247;48;5;232m   [0m[38;5;247;48;5;232m BOUGHT     [0m[38;5;247;48;5;232m GAP    [0m[38;5;247;48;5;232m GRADE  [0m[38;5;247;48;5;232m  [0m[9;73H
[10;1H[38;5;255;48;5;232m                                                                        [0m[10;73H
[11;1H[38;5;255;48;5;232m                                                                        [0m[11;73H
[12;1H[38;5;255;48;5;232m                                                                        [0m[12;73H
[13;1H[38;5;255;48;5;232m                                                                        [0m[13;73H
[14;1H[38;5;255;48;5;232m                                                                        [0m[14;73H
[15;1H[38;5;255;48;5;232m                                                                        [0m[15;73H
[16;1H[38;5;255;48;5;232m                                                                        [0m[16;73H
[17;1H[38;5;255;48;5;232m                                                                        [0m[17;73H
[18;1H[38;5;255;48;5;232m                                                                        [0m[18;73H
[19;1H[38;5;255;48;5;232m                                                                        [0m[19;73H
[20;1H[38;5;255;48;5;232m                                                                        [0m[20;73H
[21;1H[38;5;255;48;5;232m                                                                        [0m[21;73H
[22;1H[38;5;255;48;5;232m                                                                        [0m[22;73H
[23;1H[38;5;255;48;5;232m                                                                        [0m[23;73H
[24;1H[38;5;255;48;5;232m                                                                        [0m[24;73H
[26;75H[38;5;255;48;5;16m[0m[48;5;16m                                             [0m[26;120H
[27;75H[48;5;16m                                             [0m[27;120H
[28;75H[48;5;16m                                             [0m[28;120H
[29;75H[38;5;242;48;5;16m▁▁▁▁▁▁▁▁▁▁▁▁▁▁▁▁▁▁▁▁▁▁▁▁▁▁▁▁▁▁▁▁▁▁▁▁▁▁▁▁▁▁▁▁▁[0m[29;120H
[30;75H[38;5;255;48;5;16m[0m[48;5;16m                                             [0m[30;120H[2;5H[1;1H[48;5;16m [0m[1;38;5;203;48;5;16m██████ ██████ ██████ ██  ██ ██████ ██████ █████  ██████[0m[48;5;16m                                                               [0m[48;5;16m [0m
[2;1H[48;5;16m [0m[1;38;5;203;48;5;16m██       ██   ██  ██ ██████ ██  ██ ██     ██  ██ ██    [0m[48;5;16m                                                               [0m[48;5;16m [0m
[3;1H[48;5;16m [0m[1;38;5;203;48;5;16m██████   ██   ██████ ██████ ██████ █████  ██  ██ █████ [0m[48;5;16m                                                               [0m[48;5;16m [0m
[4;1H[48;5;16m [0m[1;38;5;203;48;5;16m    ██   ██   ██  ██ ██  ██ ██     ██     ██  ██ ██    [0m[48;5;16m                                                               [0m[48;5;16m [0m
[5;1H[48;5;16m [0m[1;38;5;203;48;5;16m██████   ██   ██  ██ ██  ██ ██     ██████ █████  ██████[0m[48;5;16m                                                               [0m[48;5;16m [0m
[6;1H[48;5;16m [0m[38;5;255;48;5;16mCHAIN Robinhood Chain[0m[38;5;52;48;5;16m  ·  [0m[38;5;255;48;5;16m[?][0m[38;5;52;48;5;16m  ·  [0m[38;5;255;48;5;16mCLOCK --:--:-- UTC[0m[38;5;52;48;5;16m  ·  [0m[38;5;247;48;5;16mWINDOW 30m00s[0m[48;5;16m                                                [0m[48;5;16m [0m
[7;1H[48;5;16m [0m[38;5;52;48;5;16m──────────────────────────────────────────────────────────────────────────────────────────────────────────────────────[0m[48;5;16m [0m
[8;1H[48;5;16m [0m[38;5;247;48;5;16m[0m[48;5;16m                                                                      [0m[48;5;16m [0m[38;5;52;48;5;16m│[0m[48;5;16m [0m[38;5;247;48;5;16mSELECTED PAIR[0m[48;5;16m                                [0m[48;5;16m [0m
[9;1H[38;5;247;48;5;232m   [0m[38;5;247;48;5;232m TIME UTC  [0m[38;5;247;48;5;232m WALLET      [0m[38;5;247;48;5;232m SOLD       [0m[38;5;247;48;5;232m   [0m[38;5;247;48;5;232m BOUGHT     [0m[38;5;247;48;5;232m GAP    [0m[38;5;247;48;5;232m GRADE  [0m[38;5;247;48;5;232m  [0m[38;5;52;48;5;16m│[0m[48;5;16m [0m[38;5;255;48;5;16m[0m[48;5;16m                                             [0m[48;5;16m [0m
[10;1H[38;5;255;48;5;232m                                                                        [0m[38;5;52;48;5;16m│[0m[48;5;16m [0m[38;5;247;48;5;16mMove with ↑/↓, press Enter to open the pair.[0m[48;5;16m [0m[48;5;16m [0m
[11;1H[38;5;255;48;5;232m                                                                        [0m[38;5;52;48;5;16m│[0m[48;5;16m [0m[38;5;255;48;5;16m[0m[48;5;16m                                             [0m[48;5;16m [0m
[12;1H[38;5;255;48;5;232m                                                                        [0m[38;5;52;48;5;16m│[0m[48;5;16m [0m[38;5;242;48;5;16mEdge A → B: distinct wallets that sold A,[0m[48;5;16m    [0m[48;5;16m [0m
[13;1H[38;5;255;48;5;232m                                                                        [0m[38;5;52;48;5;16m│[0m[48;5;16m [0m[38;5;242;48;5;16mthen bought B within the pairing window. Same[0m[48;5;16m [0m
[14;1H[38;5;255;48;5;232m                                                                        [0m[38;5;52;48;5;16m│[0m[48;5;16m [0m[38;5;242;48;5;16maddress, observed order of trades; not proof[0m[48;5;16m [0m[48;5;16m [0m
[15;1H[38;5;255;48;5;232m                                                                        [0m[38;5;52;48;5;16m│[0m[48;5;16m [0m[38;5;242;48;5;16mof money flow or shared ownership.[0m[48;5;16m           [0m[48;5;16m [0m
[16;1H[38;5;255;48;5;232m                                                                        [0m[38;5;52;48;5;16m│[0m[48;5;16m [0m[48;5;16m                                             [0m[48;5;16m [0m
[17;1H[38;5;255;48;5;232m                                                                        [0m[38;5;52;48;5;16m│[0m[48;5;16m [0m[48;5;16m                                             [0m[48;5;16m [0m
[18;1H[38;5;255;48;5;232m                                                                        [0m[38;5;52;48;5;16m│[0m[48;5;16m [0m[48;5;16m                                             [0m[48;5;16m [0m
[19;1H[38;5;255;48;5;232m                                                                        [0m[38;5;52;48;5;16m│[0m[48;5;16m [0m[48;5;16m                                             [0m[48;5;16m [0m
[20;1H[38;5;255;48;5;232m                                                                        [0m[38;5;52;48;5;16m│[0m[48;5;16m [0m[48;5;16m                                             [0m[48;5;16m [0m
[21;1H[38;5;255;48;5;232m                                                                        [0m[38;5;52;48;5;16m│[0m[48;5;16m [0m[48;5;16m                                             [0m[48;5;16m [0m
[22;1H[38;5;255;48;5;232m                                                                        [0m[38;5;52;48;5;16m│[0m[48;5;16m [0m[48;5;16m                                             [0m[48;5;16m [0m
[23;1H[38;5;255;48;5;232m                                                                        [0m[38;5;52;48;5;16m│[0m[48;5;16m [0m[48;5;16m                                             [0m[48;5;16m [0m
[24;1H[38;5;255;48;5;232m                                                                        [0m[38;5;52;48;5;16m│[0m[48;5;16m [0m[48;5;16m                                             [0m[48;5;16m [0m
[25;1H[38;5;52;48;5;16m────────────────────────────────────────────────────────────────────────────────────────────────────────────────────────[0m
[26;1H[48;5;16m [0m[38;5;247;48;5;16mHOT ROTATIONS · distinct wallets, last 30m00s[0m[48;5;16m                         [0m[48;5;16m [0m[38;5;52;48;5;16m│[0m[48;5;16m [0m[38;5;255;48;5;16m[0m[48;5;16m                                             [0m[48;5;16m [0m
[27;1H[48;5;16m [0m[38;5;242;48;5;16m…[0m[48;5;16m                                                                     [0m[48;5;16m [0m[38;5;52;48;5;16m│[0m[48;5;16m [0m[48;5;16m                                             [0m[48;5;16m [0m
[28;1H[48;5;16m                                                                        [0m[38;5;52;48;5;16m│[0m[48;5;16m [0m[48;5;16m                                             [0m[48;5;16m [0m
[29;1H[48;5;16m                                                                        [0m[38;5;52;48;5;16m│[0m[48;5;16m [0m[38;5;242;48;5;16m▁▁▁▁▁▁▁▁▁▁▁▁▁▁▁▁▁▁▁▁▁▁▁▁▁▁▁▁▁▁▁▁▁▁▁▁▁▁▁▁▁▁▁▁▁[0m[48;5;16m [0m
[30;1H[48;5;16m                                                                        [0m[38;5;52;48;5;16m│[0m[48;5;16m [0m[38;5;255;48;5;16m[0m[48;5;16m                                             [0m[48;5;16m [0m
[31;1H[48;5;16m                                                                        [0m[38;5;52;48;5;16m│[0m[48;5;16m [0m[48;5;16m                                             [0m[48;5;16m [0m
[32;1H[48;5;16m                                                                        [0m[38;5;52;48;5;16m│[0m[48;5;16m [0m[48;5;16m                                             [0m[48;5;16m [0m
[33;1H[48;5;16m                                                                        [0m[38;5;52;48;5;16m│[0m[48;5;16m [0m[48;5;16m                                             [0m[48;5;16m [0m
[34;1H[48;5;16m                                                                        [0m[38;5;52;48;5;16m│[0m[48;5;16m [0m[48;5;16m                                             [0m[48;5;16m [0m
[35;1H[48;5;16m                                                                        [0m[38;5;52;48;5;16m│[0m[48;5;16m [0m[48;5;16m                                             [0m[48;5;16m [0m
[36;1H[48;5;232m [0m[38;5;247;48;5;232m↑/↓ select · Enter open · Esc back · / search · End follow tail · q quit[0m[48;5;232m                                              [0m[48;5;232m [0m[2;5H[6;1H[48;5;16m [0m[38;5;255;48;5;16mCHAIN Robinhood Chain[0m[38;5;52;48;5;16m  ·  [0m[38;5;255;48;5;16m[REPLAY 10× · PAUSED][0m[38;5;52;48;5;16m  ·  [0m[38;5;255;48;5;16mCLOCK 17:24:57 UTC[0m[38;5;52;48;5;16m  ·  [0m[38;5;247;48;5;16mRANGE 16:54:57–17:24:57[0m[38;5;52;48;5;16m  ·  [0m[38;5;247;48;5;16mWINDOW 30m00s[0m[48;5;16m  [0m[48;5;16m [0m
[8;1H[48;5;16m [0m[38;5;247;48;5;16mOBSERVED SEQUENCES · last 30m00s · 5000 of 5000 rows · +4500 new · one[0m[48;5;16m [0m[8;73H
[8;75H[1;38;5;255;48;5;16mPiecoin → TruffleHog[0m[48;5;16m                         [0m[8;120H
[9;1H[38;5;247;48;5;232m   [0m[38;5;247;48;5;232m TIME UTC  [0m[38;5;247;48;5;232m WALLET      [0m[38;5;247;48;5;232m SOLD       [0m[38;5;247;48;5;232m   [0m[38;5;247;48;5;232m BOUGHT     [0m[38;5;247;48;5;232m GAP    [0m[38;5;247;48;5;232m GRADE  [0m[38;5;247;48;5;232m  [0m[9;73H
[9;75H[38;5;247;48;5;16m0x6c36…1a01 → 0x4ad5…7b08[0m[48;5;16m                    [0m[9;120H
[10;1H[38;5;255;48;5;232m [0m[38;5;203;48;5;232m [0m[38;5;255;48;5;232m [0m[38;5;255;48;5;232m [0m[38;5;247;48;5;232m16:54:58≈[0m[38;5;255;48;5;232m [0m[38;5;255;48;5;232m [0m[38;5;247;48;5;232m0x2a33…ca70[0m[38;5;255;48;5;232m [0m[38;5;255;48;5;232m PURRE      [0m[38;5;255;48;5;232m [0m[38;5;247;48;5;232m→[0m[38;5;255;48;5;232m [0m[38;5;255;48;5;232m BUILDING   [0m[38;5;255;48;5;232m [0m[38;5;247;48;5;232m16m40s[0m[38;5;255;48;5;232m [0m[38;5;255;48;5;232m clean  [0m[38;5;255;48;5;232m  [0m[10;73H
[10;75H[38;5;255;48;5;16m[0m[48;5;16m                                             [0m[10;120H
[11;1H[38;5;255;48;5;232m [0m[38;5;203;48;5;232m [0m[38;5;255;48;5;232m [0m[38;5;255;48;5;232m [0m[38;5;247;48;5;232m16:54:58≈[0m[38;5;255;48;5;232m [0m[38;5;255;48;5;232m [0m[38;5;247;48;5;232m0x452c…2eff[0m[38;5;255;48;5;232m [0m[38;5;255;48;5;232m ZenoCoin   [0m[38;5;255;48;5;232m [0m[38;5;247;48;5;232m→[0m[38;5;255;48;5;232m [0m[38;5;255;48;5;232m BUILDING   [0m[38;5;255;48;5;232m [0m[38;5;247;48;5;232m12m18s[0m[38;5;255;48;5;232m [0m[38;5;255;48;5;232m clean  [0m[38;5;255;48;5;232m  [0m[11;73H
[11;75H[38;5;255;48;5;16mwallet 0x7279…050e[0m[48;5;16m                           [0m[11;120H
[12;1H[38;5;255;48;5;232m [0m[38;5;203;48;5;232m [0m[38;5;255;48;5;232m [0m[38;5;255;48;5;232m [0m[38;5;247;48;5;232m16:54:58≈[0m[38;5;255;48;5;232m [0m[38;5;255;48;5;232m [0m[38;5;247;48;5;232m0xb910…959b[0m[38;5;255;48;5;232m [0m[38;5;255;48;5;232m KORBI      [0m[38;5;255;48;5;232m [0m[38;5;247;48;5;232m→[0m[38;5;255;48;5;232m [0m[38;5;255;48;5;232m Yo-yo      [0m[38;5;255;48;5;232m [0m[38;5;247;48;5;232m5m24s[0m[38;5;255;48;5;232m  [0m[38;5;255;48;5;232m clean  [0m[38;5;255;48;5;232m  [0m[12;73H
[12;75H[38;5;247;48;5;16msold   17:10:09 UTC[0m[48;5;16m                          [0m[12;120H
[13;1H[38;5;255;48;5;232m [0m[38;5;203;48;5;232m [0m[38;5;255;48;5;232m [0m[38;5;255;48;5;232m [0m[38;5;247;48;5;232m16:54:58≈[0m[38;5;255;48;5;232m [0m[38;5;255;48;5;232m [0m[38;5;247;48;5;232m0xa843…4d41[0m[38;5;255;48;5;232m [0m[38;5;255;48;5;232m KORBI      [0m[38;5;255;48;5;232m [0m[38;5;247;48;5;232m→[0m[38;5;255;48;5;232m [0m[38;5;255;48;5;232m Yo-yo      [0m[38;5;255;48;5;232m [0m[38;5;247;48;5;232m5m24s[0m[38;5;255;48;5;232m  [0m[38;5;255;48;5;232m clean  [0m[38;5;255;48;5;232m  [0m[13;73H
[13;75H[38;5;247;48;5;16mbought 17:17:35≈ UTC · gap 7m26s · clean[0m[48;5;16m     [0m[13;120H
[14;1H[38;5;255;48;5;232m [0m[38;5;203;48;5;232m [0m[38;5;255;48;5;232m [0m[38;5;255;48;5;232m [0m[38;5;247;48;5;232m16:54:59≈[0m[38;5;255;48;5;232m [0m[38;5;255;48;5;232m [0m[38;5;247;48;5;232m0x9092…738b[0m[38;5;255;48;5;232m [0m[38;5;255;48;5;232m $1         [0m[38;5;255;48;5;232m [0m[38;5;247;48;5;232m→[0m[38;5;255;48;5;232m [0m[38;5;255;48;5;232m Yo-yo      [0m[38;5;255;48;5;232m [0m[38;5;247;48;5;232m22m14s[0m[38;5;255;48;5;232m [0m[38;5;255;48;5;232m clean  [0m[38;5;255;48;5;232m  [0m[14;73H
[14;75H[38;5;247;48;5;16msell tx 0x3f10…4580[0m[48;5;16m                          [0m[14;120H
[15;1H[38;5;255;48;5;232m [0m[38;5;203;48;5;232m [0m[38;5;255;48;5;232m [0m[38;5;255;48;5;232m [0m[38;5;247;48;5;232m16:54:59≈[0m[38;5;255;48;5;232m [0m[38;5;255;48;5;232m [0m[38;5;247;48;5;232m0x6e56…7e3f[0m[38;5;255;48;5;232m [0m[38;5;255;48;5;232m Orus       [0m[38;5;255;48;5;232m [0m[38;5;247;48;5;232m→[0m[38;5;255;48;5;232m [0m[38;5;255;48;5;232m Yo-yo      [0m[38;5;255;48;5;232m [0m[38;5;247;48;5;232m1m23s[0m[38;5;255;48;5;232m  [0m[38;5;255;48;5;232m clean  [0m[38;5;255;48;5;232m  [0m[15;73H
[15;75H[38;5;247;48;5;16mbuy tx  0xc61a…4f4a[0m[48;5;16m                          [0m[15;120H
[16;1H[38;5;255;48;5;232m [0m[38;5;203;48;5;232m [0m[38;5;255;48;5;232m [0m[38;5;255;48;5;232m [0m[38;5;247;48;5;232m16:54:59≈[0m[38;5;255;48;5;232m [0m[38;5;255;48;5;232m [0m[38;5;247;48;5;232m0xa8e8…603c[0m[38;5;255;48;5;232m [0m[38;5;255;48;5;232m KIRKIVERSA [0m[38;5;255;48;5;232m [0m[38;5;247;48;5;232m→[0m[38;5;255;48;5;232m [0m[38;5;255;48;5;232m POOLED     [0m[38;5;255;48;5;232m [0m[38;5;247;48;5;232m7m45s[0m[38;5;255;48;5;232m  [0m[38;5;255;48;5;232m clean  [0m[38;5;255;48;5;232m  [0m[16;73H
[16;75H[38;5;255;48;5;16m[0m[48;5;16m                                             [0m[16;120H
[17;1H[38;5;255;48;5;232m [0m[38;5;203;48;5;232m [0m[38;5;255;48;5;232m [0m[38;5;255;48;5;232m [0m[38;5;247;48;5;232m16:55:00≈[0m[38;5;255;48;5;232m [0m[38;5;255;48;5;232m [0m[38;5;247;48;5;232m0xfcdc…4212[0m[38;5;255;48;5;232m [0m[38;5;255;48;5;232m XCOINS     [0m[38;5;255;48;5;232m [0m[38;5;247;48;5;232m→[0m[38;5;255;48;5;232m [0m[38;5;255;48;5;232m BUILDING   [0m[38;5;255;48;5;232m [0m[38;5;247;48;5;232m24m28s[0m[38;5;255;48;5;232m [0m[38;5;255;48;5;232m clean  [0m[38;5;255;48;5;232m  [0m[17;73H
[17;75H[38;5;242;48;5;16mEnter: all wallets on this pair[0m[48;5;16m              [0m[17;120H
[18;1H[38;5;255;48;5;232m [0m[38;5;203;48;5;232m [0m[38;5;255;48;5;232m [0m[38;5;255;48;5;232m [0m[38;5;247;48;5;232m16:55:00≈[0m[38;5;255;48;5;232m [0m[38;5;255;48;5;232m [0m[38;5;247;48;5;232m0x1ab7…1226[0m[38;5;255;48;5;232m [0m[38;5;255;48;5;232m BRUTE      [0m[38;5;255;48;5;232m [0m[38;5;247;48;5;232m→[0m[38;5;255;48;5;232m [0m[38;5;255;48;5;232m BUILDING   [0m[38;5;255;48;5;232m [0m[38;5;247;48;5;232m16m37s[0m[38;5;255;48;5;232m [0m[38;5;255;48;5;232m clean  [0m[38;5;255;48;5;232m  [0m[18;73H
[19;1H[38;5;255;48;5;232m [0m[38;5;203;48;5;232m [0m[38;5;255;48;5;232m [0m[38;5;255;48;5;232m [0m[38;5;247;48;5;232m16:55:00≈[0m[38;5;255;48;5;232m [0m[38;5;255;48;5;232m [0m[38;5;247;48;5;232m0xa378…3bd9[0m[38;5;255;48;5;232m [0m[38;5;255;48;5;232m DIVILEND   [0m[38;5;255;48;5;232m [0m[38;5;247;48;5;232m→[0m[38;5;255;48;5;232m [0m[38;5;255;48;5;232m egregore   [0m[38;5;255;48;5;232m [0m[38;5;247;48;5;232m3m33s[0m[38;5;255;48;5;232m  [0m[38;5;255;48;5;232m clean  [0m[38;5;255;48;5;232m  [0m[19;73H
[20;1H[38;5;255;48;5;232m [0m[38;5;203;48;5;232m [0m[38;5;255;48;5;232m [0m[38;5;255;48;5;232m [0m[38;5;247;48;5;232m16:55:01≈[0m[38;5;255;48;5;232m [0m[38;5;255;48;5;232m [0m[38;5;247;48;5;232m0xf151…5f9f[0m[38;5;255;48;5;232m [0m[38;5;255;48;5;232m PONSLAB    [0m[38;5;255;48;5;232m [0m[38;5;247;48;5;232m→[0m[38;5;255;48;5;232m [0m[38;5;255;48;5;232m Yo-yo      [0m[38;5;255;48;5;232m [0m[38;5;247;48;5;232m1m09s[0m[38;5;255;48;5;232m  [0m[38;5;255;48;5;232m clean  [0m[38;5;255;48;5;232m  [0m[20;73H
[21;1H[38;5;255;48;5;232m [0m[38;5;203;48;5;232m [0m[38;5;255;48;5;232m [0m[38;5;255;48;5;232m [0m[38;5;247;48;5;232m16:55:02≈[0m[38;5;255;48;5;232m [0m[38;5;255;48;5;232m [0m[38;5;247;48;5;232m0xd5ed…264d[0m[38;5;255;48;5;232m [0m[38;5;255;48;5;232m EDEN       [0m[38;5;255;48;5;232m [0m[38;5;247;48;5;232m→[0m[38;5;255;48;5;232m [0m[38;5;255;48;5;232m POOLED     [0m[38;5;255;48;5;232m [0m[38;5;247;48;5;232m12m42s[0m[38;5;255;48;5;232m [0m[38;5;255;48;5;232m clean  [0m[38;5;255;48;5;232m  [0m[21;73H
[22;1H[38;5;255;48;5;232m [0m[38;5;203;48;5;232m [0m[38;5;255;48;5;232m [0m[38;5;255;48;5;232m [0m[38;5;247;48;5;232m16:55:02≈[0m[38;5;255;48;5;232m [0m[38;5;255;48;5;232m [0m[38;5;247;48;5;232m0x2ed5…d093[0m[38;5;255;48;5;232m [0m[38;5;255;48;5;232m MARIO      [0m[38;5;255;48;5;232m [0m[38;5;247;48;5;232m→[0m[38;5;255;48;5;232m [0m[38;5;255;48;5;232m Orus       [0m[38;5;255;48;5;232m [0m[38;5;247;48;5;232m7m43s[0m[38;5;255;48;5;232m  [0m[38;5;255;48;5;232m clean  [0m[38;5;255;48;5;232m  [0m[22;73H
[23;1H[38;5;255;48;5;232m [0m[38;5;203;48;5;232m [0m[38;5;255;48;5;232m [0m[38;5;255;48;5;232m [0m[38;5;247;48;5;232m16:55:02≈[0m[38;5;255;48;5;232m [0m[38;5;255;48;5;232m [0m[38;5;247;48;5;232m0x5fcc…1039[0m[38;5;255;48;5;232m [0m[38;5;255;48;5;232m PERPS      [0m[38;5;255;48;5;232m [0m[38;5;247;48;5;232m→[0m[38;5;255;48;5;232m [0m[38;5;255;48;5;232m BUILDING   [0m[38;5;255;48;5;232m [0m[38;5;247;48;5;232m2m26s[0m[38;5;255;48;5;232m  [0m[38;5;255;48;5;232m clean  [0m[38;5;255;48;5;232m  [0m[23;73H
[24;1H[38;5;255;48;5;232m [0m[38;5;203;48;5;232m [0m[38;5;255;48;5;232m [0m[38;5;255;48;5;232m [0m[38;5;247;48;5;232m16:55:02≈[0m[38;5;255;48;5;232m [0m[38;5;255;48;5;232m [0m[38;5;247;48;5;232m0x1b31…8b83[0m[38;5;255;48;5;232m [0m[38;5;255;48;5;232m THWAY      [0m[38;5;255;48;5;232m [0m[38;5;247;48;5;232m→[0m[38;5;255;48;5;232m [0m[38;5;255;48;5;232m DMT        [0m[38;5;255;48;5;232m [0m[38;5;247;48;5;232m50s[0m[38;5;255;48;5;232m    [0m[38;5;255;48;5;232m clean  [0m[38;5;255;48;5;232m  [0m[24;73H
[26;1H[48;5;16m [0m[38;5;247;48;5;16mHOT ROTATIONS · distinct wallets, last 30m00s[0m[48;5;16m                         [0m[48;5;16m [0m[26;73H
[26;75H[38;5;247;48;5;16mACTIVITY · sequences per 60s bucket · 30[0m[48;5;16m     [0m[26;120H
[27;1H[48;5;16m [0m[1;38;5;255;48;5;16m  54 [0m[38;5;255;48;5;16mPiecoin      → TruffleHog  [0m[38;5;247;48;5;16m  883 seq[0m[48;5;16m                             [0m[48;5;16m [0m[27;73H
[27;75H[38;5;247;48;5;16mbuckets[0m[48;5;16m                                      [0m[27;120H
[28;1H[48;5;16m [0m[1;38;5;255;48;5;16m  37 [0m[38;5;255;48;5;16mPUCHATO      → STEPPER     [0m[38;5;247;48;5;16m  37 seq[0m[48;5;16m                              [0m[48;5;16m [0m[28;73H
[28;75H[38;5;203;48;5;16m▇[0m[38;5;203;48;5;16m▇[0m[38;5;203;48;5;16m█[0m[38;5;255;48;5;16m [0m[38;5;255;48;5;16m [0m[38;5;255;48;5;16m [0m[38;5;255;48;5;16m [0m[38;5;255;48;5;16m [0m[38;5;255;48;5;16m [0m[38;5;255;48;5;16m [0m[38;5;255;48;5;16m [0m[38;5;255;48;5;16m [0m[38;5;255;48;5;16m [0m[38;5;255;48;5;16m [0m[38;5;255;48;5;16m [0m[38;5;255;48;5;16m [0m[38;5;255;48;5;16m [0m[38;5;255;48;5;16m [0m[38;5;255;48;5;16m [0m[38;5;255;48;5;16m [0m[38;5;255;48;5;16m [0m[38;5;255;48;5;16m [0m[38;5;255;48;5;16m [0m[38;5;255;48;5;16m [0m[38;5;255;48;5;16m [0m[38;5;255;48;5;16m [0m[38;5;255;48;5;16m [0m[38;5;255;48;5;16m [0m[38;5;255;48;5;16m [0m[38;5;167;48;5;16m▁[0m[38;5;255;48;5;16m [0m[38;5;255;48;5;16m [0m[38;5;255;48;5;16m [0m[38;5;255;48;5;16m [0m[38;5;255;48;5;16m [0m[38;5;255;48;5;16m [0m[38;5;255;48;5;16m [0m[38;5;255;48;5;16m [0m[38;5;255;48;5;16m [0m[38;5;255;48;5;16m [0m[38;5;255;48;5;16m [0m[38;5;255;48;5;16m [0m[38;5;255;48;5;16m [0m[38;5;255;48;5;16m [0m[38;5;255;48;5;16m [0m[28;120H
[29;1H[48;5;16m [0m[1;38;5;255;48;5;16m  29 [0m[38;5;255;48;5;16megregore     → credit      [0m[38;5;247;48;5;16m  176 seq[0m[48;5;16m                             [0m[48;5;16m [0m[29;73H
[29;75H[38;5;203;48;5;16m█[0m[38;5;203;48;5;16m█[0m[38;5;203;48;5;16m█[0m[38;5;167;48;5;16m█[0m[38;5;167;48;5;16m█[0m[38;5;167;48;5;16m▇[0m[38;5;167;48;5;16m▇[0m[38;5;167;48;5;16m▆[0m[38;5;131;48;5;16m▄[0m[38;5;131;48;5;16m▄[0m[38;5;131;48;5;16m▄[0m[38;5;167;48;5;16m▆[0m[38;5;131;48;5;16m▄[0m[38;5;131;48;5;16m▄[0m[38;5;131;48;5;16m▂[0m[38;5;131;48;5;16m▂[0m[38;5;131;48;5;16m▂[0m[38;5;131;48;5;16m▄[0m[38;5;131;48;5;16m▄[0m[38;5;255;48;5;16m [0m[38;5;131;48;5;16m▅[0m[38;5;131;48;5;16m▅[0m[38;5;131;48;5;16m▄[0m[38;5;131;48;5;16m▅[0m[38;5;131;48;5;16m▅[0m[38;5;167;48;5;16m█[0m[38;5;167;48;5;16m▇[0m[38;5;167;48;5;16m▇[0m[38;5;167;48;5;16m█[0m[38;5;167;48;5;16m█[0m[38;5;167;48;5;16m█[0m[38;5;167;48;5;16m█[0m[38;5;131;48;5;16m▅[0m[38;5;131;48;5;16m▄[0m[38;5;131;48;5;16m▄[0m[38;5;255;48;5;16m [0m[38;5;255;48;5;16m [0m[38;5;255;48;5;16m [0m[38;5;255;48;5;16m [0m[38;5;255;48;5;16m [0m[38;5;255;48;5;16m [0m[38;5;255;48;5;16m [0m[38;5;255;48;5;16m [0m[38;5;255;48;5;16m [0m[38;5;255;48;5;16m [0m[29;120H
[30;1H[48;5;16m [0m[1;38;5;255;48;5;16m  28 [0m[38;5;255;48;5;16mAUTON        → egregore    [0m[38;5;247;48;5;16m  312 seq[0m[48;5;16m                             [0m[48;5;16m [0m[30;73H
[30;75H[38;5;203;48;5;16m█[0m[38;5;203;48;5;16m█[0m[38;5;203;48;5;16m█[0m[38;5;167;48;5;16m█[0m[38;5;167;48;5;16m█[0m[38;5;167;48;5;16m█[0m[38;5;167;48;5;16m█[0m[38;5;167;48;5;16m█[0m[38;5;131;48;5;16m█[0m[38;5;131;48;5;16m█[0m[38;5;131;48;5;16m█[0m[38;5;167;48;5;16m█[0m[38;5;131;48;5;16m█[0m[38;5;131;48;5;16m█[0m[38;5;131;48;5;16m█[0m[38;5;131;48;5;16m█[0m[38;5;131;48;5;16m█[0m[38;5;131;48;5;16m█[0m[38;5;131;48;5;16m█[0m[38;5;131;48;5;16m█[0m[38;5;131;48;5;16m█[0m[38;5;131;48;5;16m█[0m[38;5;131;48;5;16m█[0m[38;5;131;48;5;16m█[0m[38;5;131;48;5;16m█[0m[38;5;167;48;5;16m█[0m[38;5;167;48;5;16m█[0m[38;5;167;48;5;16m█[0m[38;5;167;48;5;16m█[0m[38;5;167;48;5;16m█[0m[38;5;167;48;5;16m█[0m[38;5;167;48;5;16m█[0m[38;5;131;48;5;16m█[0m[38;5;131;48;5;16m█[0m[38;5;131;48;5;16m█[0m[38;5;242;48;5;16m▁[0m[38;5;242;48;5;16m▁[0m[38;5;242;48;5;16m▁[0m[38;5;242;48;5;16m▁[0m[38;5;242;48;5;16m▁[0m[38;5;242;48;5;16m▁[0m[38;5;242;48;5;16m▁[0m[38;5;242;48;5;16m▁[0m[38;5;242;48;5;16m▁[0m[38;5;242;48;5;16m▁[0m[30;120H
[31;1H[48;5;16m [0m[1;38;5;255;48;5;16m  27 [0m[38;5;255;48;5;16mBUILDING     → BUILDING    [0m[38;5;247;48;5;16m  184 seq[0m[48;5;16m                             [0m[48;5;16m [0m[31;73H
[31;75H[38;5;247;48;5;16m16:54:57 → 17:24:57 UTC · peak 371/bucket ·[0m[48;5;16m  [0m[31;120H
[32;1H[48;5;16m [0m[1;38;5;255;48;5;16m  25 [0m[38;5;255;48;5;16mRACE         → OPEN YIELD  [0m[38;5;247;48;5;16m  53 seq[0m[48;5;16m                              [0m[48;5;16m [0m[32;73H
[32;75H[38;5;247;48;5;16mtotal 5000[0m[48;5;16m                                   [0m[32;120H
[33;1H[48;5;16m [0m[1;38;5;255;48;5;16m  24 [0m[38;5;255;48;5;16mEDEN         → egregore    [0m[38;5;247;48;5;16m  240 seq[0m[48;5;16m                             [0m[48;5;16m [0m[33;73H[2;5H[6;1H[48;5;16m [0m[38;5;255;48;5;16mCHAIN Robinhood Chain[0m[38;5;52;48;5;16m  ·  [0m[38;5;255;48;5;16m[REPLAY 10× · PAUSED][0m[38;5;52;48;5;16m  ·  [0m[38;5;255;48;5;16mCLOCK 17:24:57 UTC[0m[38;5;52;48;5;16m  ·  [0m[38;5;247;48;5;16mRANGE 16:54:57–17:24:57[0m[38;5;52;48;5;16m  ·  [0m[38;5;247;48;5;16mWINDOW 30m00s[0m[48;5;16m  [0m[48;5;16m [0m
[8;75H[1;38;5;255;48;5;16mPiecoin → TruffleHog[0m[48;5;16m                         [0m[8;120H
[9;1H[38;5;247;48;5;232m   [0m[38;5;247;48;5;232m TIME UTC  [0m[38;5;247;48;5;232m WALLET      [0m[38;5;247;48;5;232m SOLD       [0m[38;5;247;48;5;232m   [0m[38;5;247;48;5;232m BOUGHT     [0m[38;5;247;48;5;232m GAP    [0m[38;5;247;48;5;232m GRADE  [0m[9;71H[38;5;255;48;5;16m  [0m[9;73H
[9;75H[38;5;247;48;5;16m0x6c36…1a01 → 0x4ad5…7b08[0m[48;5;16m                    [0m[9;120H
[10;1H[38;5;255;48;5;232m [0m[38;5;203;48;5;232m▌[0m[38;5;255;48;5;232m [0m[38;5;255;48;5;232m [0m[38;5;247;48;5;232m17:17:32≈[0m[38;5;255;48;5;232m [0m[38;5;255;48;5;232m [0m[38;5;247;48;5;232m0x4f41…9031[0m[38;5;255;48;5;232m [0m[38;5;255;48;5;232m Piecoin    [0m[38;5;255;48;5;232m [0m[38;5;203;48;5;232m→[0m[38;5;255;48;5;232m [0m[38;5;255;48;5;232m TruffleHog [0m[38;5;255;48;5;232m [0m[38;5;247;48;5;232m7m25s[0m[38;5;255;48;5;232m  [0m[38;5;255;48;5;232m clean  [0m[10;71H[38;5;255;48;5;16m  [0m[10;73H
[10;75H[38;5;255;48;5;16m[0m[48;5;16m                                             [0m[10;120H
[11;1H[38;5;255;48;5;232m [0m[38;5;203;48;5;232m▌[0m[38;5;255;48;5;232m [0m[38;5;255;48;5;232m [0m[38;5;247;48;5;232m17:17:33≈[0m[38;5;255;48;5;232m [0m[38;5;255;48;5;232m [0m[38;5;247;48;5;232m0x5359…2b9b[0m[38;5;255;48;5;232m [0m[38;5;255;48;5;232m SNAPCAT    [0m[38;5;255;48;5;232m [0m[38;5;203;48;5;232m→[0m[38;5;255;48;5;232m [0m[38;5;255;48;5;232m TruffleHog [0m[38;5;255;48;5;232m [0m[38;5;247;48;5;232m20m25s[0m[38;5;255;48;5;232m [0m[38;5;255;48;5;232m clean  [0m[11;71H[38;5;255;48;5;16m  [0m[11;73H
[11;75H[38;5;255;48;5;16mwallet 0x7279…050e[0m[48;5;16m                           [0m[11;120H
[12;1H[38;5;255;48;5;232m [0m[38;5;203;48;5;232m▌[0m[38;5;255;48;5;232m [0m[38;5;255;48;5;232m [0m[38;5;247;48;5;232m17:17:33≈[0m[38;5;255;48;5;232m [0m[38;5;255;48;5;232m [0m[38;5;247;48;5;232m0x7419…22fb[0m[38;5;255;48;5;232m [0m[38;5;255;48;5;232m Piecoin    [0m[38;5;255;48;5;232m [0m[38;5;203;48;5;232m→[0m[38;5;255;48;5;232m [0m[38;5;255;48;5;232m TruffleHog [0m[38;5;255;48;5;232m [0m[38;5;247;48;5;232m7m24s[0m[38;5;255;48;5;232m  [0m[38;5;255;48;5;232m clean  [0m[12;71H[38;5;255;48;5;16m  [0m[12;73H
[12;75H[38;5;247;48;5;16msold   17:10:09 UTC[0m[48;5;16m                          [0m[12;120H
[13;1H[38;5;255;48;5;232m [0m[38;5;203;48;5;232m▌[0m[38;5;255;48;5;232m [0m[38;5;255;48;5;232m [0m[38;5;247;48;5;232m17:17:33≈[0m[38;5;255;48;5;232m [0m[38;5;255;48;5;232m [0m[38;5;247;48;5;232m0xf751…61db[0m[38;5;255;48;5;232m [0m[38;5;255;48;5;232m SPRUNK     [0m[38;5;255;48;5;232m [0m[38;5;203;48;5;232m→[0m[38;5;255;48;5;232m [0m[38;5;255;48;5;232m THEO       [0m[38;5;255;48;5;232m [0m[38;5;247;48;5;232m4m43s[0m[38;5;255;48;5;232m  [0m[38;5;255;48;5;232m clean  [0m[13;71H[38;5;255;48;5;16m  [0m[13;73H
[13;75H[38;5;247;48;5;16mbought 17:17:35≈ UTC · gap 7m26s · clean[0m[48;5;16m     [0m[13;120H
[14;1H[38;5;255;48;5;232m [0m[38;5;203;48;5;232m▌[0m[38;5;255;48;5;232m [0m[38;5;255;48;5;232m [0m[38;5;247;48;5;232m17:17:34≈[0m[38;5;255;48;5;232m [0m[38;5;255;48;5;232m [0m[38;5;247;48;5;232m0x53a2…b1d2[0m[38;5;255;48;5;232m [0m[38;5;255;48;5;232m FLY        [0m[38;5;255;48;5;232m [0m[38;5;203;48;5;232m→[0m[38;5;255;48;5;232m [0m[38;5;255;48;5;232m MARIO      [0m[38;5;255;48;5;232m [0m[38;5;247;48;5;232m11s[0m[38;5;255;48;5;232m    [0m[38;5;255;48;5;232m clean  [0m[14;71H[38;5;255;48;5;16m  [0m[14;73H
[14;75H[38;5;247;48;5;16msell tx 0x3f10…4580[0m[48;5;16m                          [0m[14;120H
[15;1H[38;5;255;48;5;232m [0m[38;5;203;48;5;232m▌[0m[38;5;255;48;5;232m [0m[38;5;255;48;5;232m [0m[38;5;247;48;5;232m17:17:34≈[0m[38;5;255;48;5;232m [0m[38;5;255;48;5;232m [0m[38;5;247;48;5;232m0xa9e1…7236[0m[38;5;255;48;5;232m [0m[38;5;255;48;5;232m REFRACT    [0m[38;5;255;48;5;232m [0m[38;5;203;48;5;232m→[0m[38;5;255;48;5;232m [0m[38;5;255;48;5;232m CATK       [0m[38;5;255;48;5;232m [0m[38;5;247;48;5;232m3m44s[0m[38;5;255;48;5;232m  [0m[38;5;255;48;5;232m clean  [0m[15;71H[38;5;255;48;5;16m  [0m[15;73H
[15;75H[38;5;247;48;5;16mbuy tx  0xc61a…4f4a[0m[48;5;16m                          [0m[15;120H
[16;1H[38;5;255;48;5;232m [0m[38;5;203;48;5;232m▌[0m[38;5;255;48;5;232m [0m[38;5;255;48;5;232m [0m[38;5;247;48;5;232m17:17:34≈[0m[38;5;255;48;5;232m [0m[38;5;255;48;5;232m [0m[38;5;247;48;5;232m0xf0c8…ac76[0m[38;5;255;48;5;232m [0m[38;5;255;48;5;232m egregore   [0m[38;5;255;48;5;232m [0m[38;5;203;48;5;232m→[0m[38;5;255;48;5;232m [0m[38;5;255;48;5;232m FEEZ       [0m[38;5;255;48;5;232m [0m[38;5;247;48;5;232m3m38s[0m[38;5;255;48;5;232m  [0m[38;5;255;48;5;232m clean  [0m[16;71H[38;5;255;48;5;16m  [0m[16;73H
[16;75H[38;5;255;48;5;16m[0m[48;5;16m                                             [0m[16;120H
[17;1H[38;5;255;48;5;232m [0m[38;5;203;48;5;232m▌[0m[38;5;255;48;5;232m [0m[38;5;255;48;5;232m [0m[38;5;247;48;5;232m17:17:34≈[0m[38;5;255;48;5;232m [0m[38;5;255;48;5;232m [0m[38;5;247;48;5;232m0x24d6…2f0b[0m[38;5;255;48;5;232m [0m[38;5;255;48;5;232m Piecoin    [0m[38;5;255;48;5;232m [0m[38;5;203;48;5;232m→[0m[38;5;255;48;5;232m [0m[38;5;255;48;5;232m TruffleHog [0m[38;5;255;48;5;232m [0m[38;5;247;48;5;232m7m27s[0m[38;5;255;48;5;232m  [0m[38;5;255;48;5;232m clean  [0m[17;71H[38;5;255;48;5;16m  [0m[17;73H
[17;75H[38;5;242;48;5;16mEnter: all wallets on this pair[0m[48;5;16m              [0m[17;120H
[18;1H[38;5;255;48;5;232m [0m[38;5;203;48;5;232m▌[0m[38;5;255;48;5;232m [0m[38;5;255;48;5;232m [0m[38;5;247;48;5;232m17:17:34≈[0m[38;5;255;48;5;232m [0m[38;5;255;48;5;232m [0m[38;5;247;48;5;232m0x2489…8c0e[0m[38;5;255;48;5;232m [0m[38;5;255;48;5;232m Piecoin    [0m[38;5;255;48;5;232m [0m[38;5;203;48;5;232m→[0m[38;5;255;48;5;232m [0m[38;5;255;48;5;232m TruffleHog [0m[38;5;255;48;5;232m [0m[38;5;247;48;5;232m7m25s[0m[38;5;255;48;5;232m  [0m[38;5;255;48;5;232m clean  [0m[18;71H[38;5;255;48;5;16m  [0m[18;73H
[19;1H[38;5;255;48;5;232m [0m[38;5;203;48;5;232m▌[0m[38;5;255;48;5;232m [0m[38;5;255;48;5;232m [0m[38;5;247;48;5;232m17:17:34≈[0m[38;5;255;48;5;232m [0m[38;5;255;48;5;232m [0m[38;5;247;48;5;232m0x29c9…9e4b[0m[38;5;255;48;5;232m [0m[38;5;255;48;5;232m Piecoin    [0m[38;5;255;48;5;232m [0m[38;5;203;48;5;232m→[0m[38;5;255;48;5;232m [0m[38;5;255;48;5;232m TruffleHog [0m[38;5;255;48;5;232m [0m[38;5;247;48;5;232m7m24s[0m[38;5;255;48;5;232m  [0m[38;5;255;48;5;232m clean  [0m[19;71H[38;5;255;48;5;16m  [0m[19;73H
[20;1H[38;5;255;48;5;232m [0m[38;5;203;48;5;232m▌[0m[38;5;255;48;5;232m [0m[38;5;255;48;5;232m [0m[38;5;247;48;5;232m17:17:34≈[0m[38;5;255;48;5;232m [0m[38;5;255;48;5;232m [0m[38;5;247;48;5;232m0x35c2…4ca1[0m[38;5;255;48;5;232m [0m[38;5;255;48;5;232m Jacob      [0m[38;5;255;48;5;232m [0m[38;5;203;48;5;232m→[0m[38;5;255;48;5;232m [0m[38;5;255;48;5;232m ND4        [0m[38;5;255;48;5;232m [0m[38;5;247;48;5;232msame[0m[38;5;255;48;5;232m   [0m[38;5;255;48;5;232m direct [0m[20;71H[38;5;255;48;5;16m  [0m[20;73H
[21;1H[38;5;255;48;5;232m [0m[38;5;203;48;5;232m▌[0m[38;5;255;48;5;232m [0m[38;5;255;48;5;232m [0m[38;5;247;48;5;232m17:17:35≈[0m[38;5;255;48;5;232m [0m[38;5;255;48;5;232m [0m[38;5;247;48;5;232m0x8de3…1f75[0m[38;5;255;48;5;232m [0m[38;5;255;48;5;232m Piecoin    [0m[38;5;255;48;5;232m [0m[38;5;203;48;5;232m→[0m[38;5;255;48;5;232m [0m[38;5;255;48;5;232m TruffleHog [0m[38;5;255;48;5;232m [0m[38;5;247;48;5;232m7m28s[0m[38;5;255;48;5;232m  [0m[38;5;255;48;5;232m clean  [0m[21;71H[38;5;255;48;5;16m  [0m[21;73H
[22;1H[38;5;255;48;5;232m [0m[38;5;203;48;5;232m▌[0m[38;5;255;48;5;232m [0m[38;5;255;48;5;232m [0m[38;5;247;48;5;232m17:17:35≈[0m[38;5;255;48;5;232m [0m[38;5;255;48;5;232m [0m[38;5;247;48;5;232m0x6df7…783a[0m[38;5;255;48;5;232m [0m[38;5;255;48;5;232m TGCOINS    [0m[38;5;255;48;5;232m [0m[38;5;203;48;5;232m→[0m[38;5;255;48;5;232m [0m[38;5;255;48;5;232m TruffleHog [0m[38;5;255;48;5;232m [0m[38;5;247;48;5;232m1m29s[0m[38;5;255;48;5;232m  [0m[38;5;255;48;5;232m clean  [0m[22;71H[38;5;255;48;5;16m  [0m[22;73H
[23;1H[38;5;255;48;5;232m [0m[38;5;203;48;5;232m▌[0m[38;5;255;48;5;232m [0m[38;5;255;48;5;232m [0m[38;5;247;48;5;232m17:17:35≈[0m[38;5;255;48;5;232m [0m[38;5;255;48;5;232m [0m[38;5;247;48;5;232m0x93ae…f313[0m[38;5;255;48;5;232m [0m[38;5;255;48;5;232m Piecoin    [0m[38;5;255;48;5;232m [0m[38;5;203;48;5;232m→[0m[38;5;255;48;5;232m [0m[38;5;255;48;5;232m TruffleHog [0m[38;5;255;48;5;232m [0m[38;5;247;48;5;232m7m26s[0m[38;5;255;48;5;232m  [0m[38;5;255;48;5;232m clean  [0m[23;71H[38;5;255;48;5;16m  [0m[23;73H
[24;1H[38;5;255;48;5;16m ▌ [0m[38;5;255;48;5;16m 17:17:35≈ [0m[38;5;255;48;5;16m 0x7279…050e [0m[38;5;255;48;5;16m Piecoin    [0m[38;5;255;48;5;16m → [0m[38;5;255;48;5;16m TruffleHog [0m[38;5;255;48;5;16m 7m26s  [0m[38;5;255;48;5;16m clean  [0m[24;71H[7;38;5;52;48;5;232m  [0m[24;73H
[26;1H[48;5;16m [0m[38;5;247;48;5;16mHOT ROTATIONS · distinct wallets, last 30m00s[0m[48;5;16m                         [0m[48;5;16m [0m[26;73H
[26;75H[38;5;247;48;5;16mACTIVITY · sequences per 60s bucket · 30[0m[48;5;16m     [0m[26;120H
[27;1H[48;5;16m [0m[1;38;5;255;48;5;16m  54 [0m[38;5;255;48;5;16mPiecoin      → TruffleHog  [0m[38;5;247;48;5;16m  883 seq[0m[48;5;16m                             [0m[48;5;16m [0m[27;73H
[27;75H[38;5;247;48;5;16mbuckets[0m[48;5;16m                                      [0m[27;120H
[28;1H[48;5;16m [0m[1;38;5;255;48;5;16m  37 [0m[38;5;255;48;5;16mPUCHATO      → STEPPER     [0m[38;5;247;48;5;16m  37 seq[0m[48;5;16m                              [0m[48;5;16m [0m[28;73H
[29;1H[48;5;16m [0m[1;38;5;255;48;5;16m  29 [0m[38;5;255;48;5;16megregore     → credit      [0m[38;5;247;48;5;16m  176 seq[0m[48;5;16m                             [0m[48;5;16m [0m[29;73H
[30;1H[48;5;16m [0m[1;38;5;255;48;5;16m  28 [0m[38;5;255;48;5;16mAUTON        → egregore    [0m[38;5;247;48;5;16m  312 seq[0m[48;5;16m                             [0m[48;5;16m [0m[30;73H
[31;1H[48;5;16m [0m[1;38;5;255;48;5;16m  27 [0m[38;5;255;48;5;16mBUILDING     → BUILDING    [0m[38;5;247;48;5;16m  184 seq[0m[48;5;16m                             [0m[48;5;16m [0m[31;73H
[31;75H[38;5;247;48;5;16m16:54:57 → 17:24:57 UTC · peak 371/bucket ·[0m[48;5;16m  [0m[31;120H
[32;1H[48;5;16m [0m[1;38;5;255;48;5;16m  25 [0m[38;5;255;48;5;16mRACE         → OPEN YIELD  [0m[38;5;247;48;5;16m  53 seq[0m[48;5;16m                              [0m[48;5;16m [0m[32;73H
[32;75H[38;5;247;48;5;16mtotal 5000[0m[48;5;16m                                   [0m[32;120H
[33;1H[48;5;16m [0m[1;38;5;255;48;5;16m  24 [0m[38;5;255;48;5;16mEDEN         → egregore    [0m[38;5;247;48;5;16m  240 seq[0m[48;5;16m                             [0m[48;5;16m [0m[33;73H[2;5H[6;1H[48;5;16m [0m[38;5;255;48;5;16mCHAIN Robinhood Chain[0m[38;5;52;48;5;16m  ·  [0m[38;5;255;48;5;16m[REPLAY 10× · PAUSED][0m[38;5;52;48;5;16m  ·  [0m[38;5;255;48;5;16mCLOCK 17:24:57 UTC[0m[38;5;52;48;5;16m  ·  [0m[38;5;247;48;5;16mRANGE 16:54:57–17:24:57[0m[38;5;52;48;5;16m  ·  [0m[38;5;247;48;5;16mWINDOW 30m00s[0m[48;5;16m  [0m[48;5;16m [0m
[8;1H[48;5;16m [0m[38;5;247;48;5;16mOBSERVED SEQUENCES · last 30m00s · 6668 of 6668 rows · +1668 new · one[0m[48;5;16m [0m[8;73H
[8;75H[1;38;5;255;48;5;16mZenoCoin → hoodrat[0m[48;5;16m                           [0m[8;120H
[9;1H[38;5;247;48;5;232m   [0m[38;5;247;48;5;232m TIME UTC  [0m[38;5;247;48;5;232m WALLET      [0m[38;5;247;48;5;232m SOLD       [0m[38;5;247;48;5;232m   [0m[38;5;247;48;5;232m BOUGHT     [0m[38;5;247;48;5;232m GAP    [0m[38;5;247;48;5;232m GRADE  [0m[9;71H[38;5;255;48;5;16m  [0m[9;73H
[9;75H[38;5;247;48;5;16m0x4e63…27ff → 0x275b…47fa[0m[48;5;16m                    [0m[9;120H
[10;1H[38;5;255;48;5;232m   [0m[38;5;255;48;5;232m [0m[38;5;247;48;5;232m17:17:32≈[0m[38;5;255;48;5;232m [0m[38;5;255;48;5;232m [0m[38;5;247;48;5;232m0x4f41…9031[0m[38;5;255;48;5;232m [0m[38;5;255;48;5;232m Piecoin    [0m[38;5;255;48;5;232m [0m[38;5;247;48;5;232m→[0m[38;5;255;48;5;232m [0m[38;5;255;48;5;232m TruffleHog [0m[38;5;255;48;5;232m [0m[38;5;247;48;5;232m7m25s[0m[38;5;255;48;5;232m  [0m[38;5;255;48;5;232m clean  [0m[10;71H[38;5;255;48;5;16m  [0m[10;73H
[10;75H[38;5;255;48;5;16m[0m[48;5;16m                                             [0m[10;120H
[11;1H[38;5;255;48;5;232m   [0m[38;5;255;48;5;232m [0m[38;5;247;48;5;232m17:17:33≈[0m[38;5;255;48;5;232m [0m[38;5;255;48;5;232m [0m[38;5;247;48;5;232m0x5359…2b9b[0m[38;5;255;48;5;232m [0m[38;5;255;48;5;232m SNAPCAT    [0m[38;5;255;48;5;232m [0m[38;5;247;48;5;232m→[0m[38;5;255;48;5;232m [0m[38;5;255;48;5;232m TruffleHog [0m[38;5;255;48;5;232m [0m[38;5;247;48;5;232m20m25s[0m[38;5;255;48;5;232m [0m[38;5;255;48;5;232m clean  [0m[11;71H[38;5;255;48;5;16m  [0m[11;73H
[11;75H[38;5;255;48;5;16mwallet 0x11c1…4ce3[0m[48;5;16m                           [0m[11;120H
[12;1H[38;5;255;48;5;232m   [0m[38;5;255;48;5;232m [0m[38;5;247;48;5;232m17:17:33≈[0m[38;5;255;48;5;232m [0m[38;5;255;48;5;232m [0m[38;5;247;48;5;232m0x7419…22fb[0m[38;5;255;48;5;232m [0m[38;5;255;48;5;232m Piecoin    [0m[38;5;255;48;5;232m [0m[38;5;247;48;5;232m→[0m[38;5;255;48;5;232m [0m[38;5;255;48;5;232m TruffleHog [0m[38;5;255;48;5;232m [0m[38;5;247;48;5;232m7m24s[0m[38;5;255;48;5;232m  [0m[38;5;255;48;5;232m clean  [0m[12;71H[38;5;255;48;5;16m  [0m[12;73H
[12;75H[38;5;247;48;5;16msold   17:17:49 UTC[0m[48;5;16m                          [0m[12;120H
[13;1H[38;5;255;48;5;232m   [0m[38;5;255;48;5;232m [0m[38;5;247;48;5;232m17:17:33≈[0m[38;5;255;48;5;232m [0m[38;5;255;48;5;232m [0m[38;5;247;48;5;232m0xf751…61db[0m[38;5;255;48;5;232m [0m[38;5;255;48;5;232m SPRUNK     [0m[38;5;255;48;5;232m [0m[38;5;247;48;5;232m→[0m[38;5;255;48;5;232m [0m[38;5;255;48;5;232m THEO       [0m[38;5;255;48;5;232m [0m[38;5;247;48;5;232m4m43s[0m[38;5;255;48;5;232m  [0m[38;5;255;48;5;232m clean  [0m[13;71H[38;5;255;48;5;16m  [0m[13;73H
[13;75H[38;5;247;48;5;16mbought 17:24:57≈ UTC · gap 7m08s · clean[0m[48;5;16m     [0m[13;120H
[14;1H[38;5;255;48;5;232m   [0m[38;5;255;48;5;232m [0m[38;5;247;48;5;232m17:17:34≈[0m[38;5;255;48;5;232m [0m[38;5;255;48;5;232m [0m[38;5;247;48;5;232m0x53a2…b1d2[0m[38;5;255;48;5;232m [0m[38;5;255;48;5;232m FLY        [0m[38;5;255;48;5;232m [0m[38;5;247;48;5;232m→[0m[38;5;255;48;5;232m [0m[38;5;255;48;5;232m MARIO      [0m[38;5;255;48;5;232m [0m[38;5;247;48;5;232m11s[0m[38;5;255;48;5;232m    [0m[38;5;255;48;5;232m clean  [0m[14;71H[38;5;255;48;5;16m  [0m[14;73H
[14;75H[38;5;247;48;5;16msell tx 0xa604…873c[0m[48;5;16m                          [0m[14;120H
[15;1H[38;5;255;48;5;232m   [0m[38;5;255;48;5;232m [0m[38;5;247;48;5;232m17:17:34≈[0m[38;5;255;48;5;232m [0m[38;5;255;48;5;232m [0m[38;5;247;48;5;232m0xa9e1…7236[0m[38;5;255;48;5;232m [0m[38;5;255;48;5;232m REFRACT    [0m[38;5;255;48;5;232m [0m[38;5;247;48;5;232m→[0m[38;5;255;48;5;232m [0m[38;5;255;48;5;232m CATK       [0m[38;5;255;48;5;232m [0m[38;5;247;48;5;232m3m44s[0m[38;5;255;48;5;232m  [0m[38;5;255;48;5;232m clean  [0m[15;71H[38;5;255;48;5;16m  [0m[15;73H
[15;75H[38;5;247;48;5;16mbuy tx  0x623a…64b7[0m[48;5;16m                          [0m[15;120H
[16;1H[38;5;255;48;5;232m   [0m[38;5;255;48;5;232m [0m[38;5;247;48;5;232m17:17:34≈[0m[38;5;255;48;5;232m [0m[38;5;255;48;5;232m [0m[38;5;247;48;5;232m0xf0c8…ac76[0m[38;5;255;48;5;232m [0m[38;5;255;48;5;232m egregore   [0m[38;5;255;48;5;232m [0m[38;5;247;48;5;232m→[0m[38;5;255;48;5;232m [0m[38;5;255;48;5;232m FEEZ       [0m[38;5;255;48;5;232m [0m[38;5;247;48;5;232m3m38s[0m[38;5;255;48;5;232m  [0m[38;5;255;48;5;232m clean  [0m[16;71H[38;5;255;48;5;16m  [0m[16;73H
[16;75H[38;5;255;48;5;16m[0m[48;5;16m                                             [0m[16;120H
[17;1H[38;5;255;48;5;232m   [0m[38;5;255;48;5;232m [0m[38;5;247;48;5;232m17:17:34≈[0m[38;5;255;48;5;232m [0m[38;5;255;48;5;232m [0m[38;5;247;48;5;232m0x24d6…2f0b[0m[38;5;255;48;5;232m [0m[38;5;255;48;5;232m Piecoin    [0m[38;5;255;48;5;232m [0m[38;5;247;48;5;232m→[0m[38;5;255;48;5;232m [0m[38;5;255;48;5;232m TruffleHog [0m[38;5;255;48;5;232m [0m[38;5;247;48;5;232m7m27s[0m[38;5;255;48;5;232m  [0m[38;5;255;48;5;232m clean  [0m[17;71H[38;5;255;48;5;16m  [0m[17;73H
[17;75H[38;5;242;48;5;16mEnter: all wallets on this pair[0m[48;5;16m              [0m[17;120H
[18;1H[38;5;255;48;5;232m   [0m[38;5;255;48;5;232m [0m[38;5;247;48;5;232m17:17:34≈[0m[38;5;255;48;5;232m [0m[38;5;255;48;5;232m [0m[38;5;247;48;5;232m0x2489…8c0e[0m[38;5;255;48;5;232m [0m[38;5;255;48;5;232m Piecoin    [0m[38;5;255;48;5;232m [0m[38;5;247;48;5;232m→[0m[38;5;255;48;5;232m [0m[38;5;255;48;5;232m TruffleHog [0m[38;5;255;48;5;232m [0m[38;5;247;48;5;232m7m25s[0m[38;5;255;48;5;232m  [0m[38;5;255;48;5;232m clean  [0m[18;71H[38;5;255;48;5;16m  [0m[18;73H
[19;1H[38;5;255;48;5;232m   [0m[38;5;255;48;5;232m [0m[38;5;247;48;5;232m17:17:34≈[0m[38;5;255;48;5;232m [0m[38;5;255;48;5;232m [0m[38;5;247;48;5;232m0x29c9…9e4b[0m[38;5;255;48;5;232m [0m[38;5;255;48;5;232m Piecoin    [0m[38;5;255;48;5;232m [0m[38;5;247;48;5;232m→[0m[38;5;255;48;5;232m [0m[38;5;255;48;5;232m TruffleHog [0m[38;5;255;48;5;232m [0m[38;5;247;48;5;232m7m24s[0m[38;5;255;48;5;232m  [0m[38;5;255;48;5;232m clean  [0m[19;71H[38;5;255;48;5;16m  [0m[19;73H
[20;1H[38;5;255;48;5;232m   [0m[38;5;255;48;5;232m [0m[38;5;247;48;5;232m17:17:34≈[0m[38;5;255;48;5;232m [0m[38;5;255;48;5;232m [0m[38;5;247;48;5;232m0x35c2…4ca1[0m[38;5;255;48;5;232m [0m[38;5;255;48;5;232m Jacob      [0m[38;5;255;48;5;232m [0m[38;5;247;48;5;232m→[0m[38;5;255;48;5;232m [0m[38;5;255;48;5;232m ND4        [0m[38;5;255;48;5;232m [0m[38;5;247;48;5;232msame[0m[38;5;255;48;5;232m   [0m[38;5;255;48;5;232m direct [0m[20;71H[38;5;52;48;5;16m▇▇[0m[20;73H
[21;1H[38;5;255;48;5;232m   [0m[38;5;255;48;5;232m [0m[38;5;247;48;5;232m17:17:35≈[0m[38;5;255;48;5;232m [0m[38;5;255;48;5;232m [0m[38;5;247;48;5;232m0x8de3…1f75[0m[38;5;255;48;5;232m [0m[38;5;255;48;5;232m Piecoin    [0m[38;5;255;48;5;232m [0m[38;5;247;48;5;232m→[0m[38;5;255;48;5;232m [0m[38;5;255;48;5;232m TruffleHog [0m[38;5;255;48;5;232m [0m[38;5;247;48;5;232m7m28s[0m[38;5;255;48;5;232m  [0m[38;5;255;48;5;232m clean  [0m[21;71H[7;38;5;52;48;5;16m▇▇[0m[21;73H
[22;1H[38;5;255;48;5;232m   [0m[38;5;255;48;5;232m [0m[38;5;247;48;5;232m17:17:35≈[0m[38;5;255;48;5;232m [0m[38;5;255;48;5;232m [0m[38;5;247;48;5;232m0x6df7…783a[0m[38;5;255;48;5;232m [0m[38;5;255;48;5;232m TGCOINS    [0m[38;5;255;48;5;232m [0m[38;5;247;48;5;232m→[0m[38;5;255;48;5;232m [0m[38;5;255;48;5;232m TruffleHog [0m[38;5;255;48;5;232m [0m[38;5;247;48;5;232m1m29s[0m[38;5;255;48;5;232m  [0m[38;5;255;48;5;232m clean  [0m[22;71H[38;5;255;48;5;16m  [0m[22;73H
[23;1H[38;5;255;48;5;232m   [0m[38;5;255;48;5;232m [0m[38;5;247;48;5;232m17:17:35≈[0m[38;5;255;48;5;232m [0m[38;5;255;48;5;232m [0m[38;5;247;48;5;232m0x93ae…f313[0m[38;5;255;48;5;232m [0m[38;5;255;48;5;232m Piecoin    [0m[38;5;255;48;5;232m [0m[38;5;247;48;5;232m→[0m[38;5;255;48;5;232m [0m[38;5;255;48;5;232m TruffleHog [0m[38;5;255;48;5;232m [0m[38;5;247;48;5;232m7m26s[0m[38;5;255;48;5;232m  [0m[38;5;255;48;5;232m clean  [0m[23;71H[38;5;255;48;5;16m  [0m[23;73H
[24;1H[38;5;255;48;5;232m   [0m[38;5;255;48;5;232m [0m[38;5;247;48;5;232m17:17:35≈[0m[38;5;255;48;5;232m [0m[38;5;255;48;5;232m [0m[38;5;247;48;5;232m0x7279…050e[0m[38;5;255;48;5;232m [0m[38;5;255;48;5;232m Piecoin    [0m[38;5;255;48;5;232m [0m[38;5;247;48;5;232m→[0m[38;5;255;48;5;232m [0m[38;5;255;48;5;232m TruffleHog [0m[38;5;255;48;5;232m [0m[38;5;247;48;5;232m7m26s[0m[38;5;255;48;5;232m  [0m[38;5;255;48;5;232m clean  [0m[24;71H[38;5;255;48;5;16m  [0m[24;73H
[26;75H[38;5;247;48;5;16mACTIVITY · sequences per 60s bucket · 30[0m[48;5;16m     [0m[26;120H
[27;75H[38;5;247;48;5;16mbuckets[0m[48;5;16m                                      [0m[27;120H
[28;75H[38;5;203;48;5;16m▆[0m[38;5;203;48;5;16m▆[0m[38;5;203;48;5;16m█[0m[38;5;255;48;5;16m [0m[38;5;255;48;5;16m [0m[38;5;255;48;5;16m [0m[38;5;255;48;5;16m [0m[38;5;255;48;5;16m [0m[38;5;255;48;5;16m [0m[38;5;255;48;5;16m [0m[38;5;255;48;5;16m [0m[38;5;255;48;5;16m [0m[38;5;255;48;5;16m [0m[38;5;255;48;5;16m [0m[38;5;255;48;5;16m [0m[38;5;255;48;5;16m [0m[38;5;255;48;5;16m [0m[38;5;255;48;5;16m [0m[38;5;255;48;5;16m [0m[38;5;255;48;5;16m [0m[38;5;255;48;5;16m [0m[38;5;255;48;5;16m [0m[38;5;255;48;5;16m [0m[38;5;255;48;5;16m [0m[38;5;255;48;5;16m [0m[38;5;255;48;5;16m [0m[38;5;255;48;5;16m [0m[38;5;255;48;5;16m [0m[38;5;255;48;5;16m [0m[38;5;255;48;5;16m [0m[38;5;255;48;5;16m [0m[38;5;255;48;5;16m [0m[38;5;255;48;5;16m [0m[38;5;255;48;5;16m [0m[38;5;255;48;5;16m [0m[38;5;255;48;5;16m [0m[38;5;255;48;5;16m [0m[38;5;255;48;5;16m [0m[38;5;255;48;5;16m [0m[38;5;255;48;5;16m [0m[38;5;255;48;5;16m [0m[38;5;255;48;5;16m [0m[38;5;255;48;5;16m [0m[38;5;255;48;5;16m [0m[38;5;255;48;5;16m [0m[28;120H
[29;75H[38;5;203;48;5;16m█[0m[38;5;203;48;5;16m█[0m[38;5;203;48;5;16m█[0m[38;5;131;48;5;16m▄[0m[38;5;131;48;5;16m▄[0m[38;5;131;48;5;16m▃[0m[38;5;131;48;5;16m▃[0m[38;5;131;48;5;16m▁[0m[38;5;255;48;5;16m [0m[38;5;255;48;5;16m [0m[38;5;255;48;5;16m [0m[38;5;131;48;5;16m▂[0m[38;5;255;48;5;16m [0m[38;5;255;48;5;16m [0m[38;5;255;48;5;16m [0m[38;5;255;48;5;16m [0m[38;5;255;48;5;16m [0m[38;5;255;48;5;16m [0m[38;5;255;48;5;16m [0m[38;5;255;48;5;16m [0m[38;5;131;48;5;16m▁[0m[38;5;131;48;5;16m▁[0m[38;5;255;48;5;16m [0m[38;5;255;48;5;16m [0m[38;5;255;48;5;16m [0m[38;5;131;48;5;16m▄[0m[38;5;131;48;5;16m▄[0m[38;5;131;48;5;16m▄[0m[38;5;131;48;5;16m▅[0m[38;5;167;48;5;16m▆[0m[38;5;131;48;5;16m▄[0m[38;5;131;48;5;16m▄[0m[38;5;255;48;5;16m [0m[38;5;167;48;5;16m▆[0m[38;5;167;48;5;16m▆[0m[38;5;131;48;5;16m▄[0m[38;5;131;48;5;16m▄[0m[38;5;131;48;5;16m▄[0m[38;5;131;48;5;16m▅[0m[38;5;131;48;5;16m▂[0m[38;5;131;48;5;16m▂[0m[38;5;255;48;5;16m [0m[38;5;131;48;5;16m▅[0m[38;5;131;48;5;16m▅[0m[38;5;131;48;5;16m▂[0m[29;120H
[30;75H[38;5;203;48;5;16m█[0m[38;5;203;48;5;16m█[0m[38;5;203;48;5;16m█[0m[38;5;131;48;5;16m█[0m[38;5;131;48;5;16m█[0m[38;5;131;48;5;16m█[0m[38;5;131;48;5;16m█[0m[38;5;131;48;5;16m█[0m[38;5;95;48;5;16m▆[0m[38;5;95;48;5;16m▆[0m[38;5;95;48;5;16m▆[0m[38;5;131;48;5;16m█[0m[38;5;95;48;5;16m▆[0m[38;5;95;48;5;16m▆[0m[38;5;243;48;5;16m▄[0m[38;5;243;48;5;16m▄[0m[38;5;243;48;5;16m▃[0m[38;5;95;48;5;16m▇[0m[38;5;95;48;5;16m▇[0m[38;5;242;48;5;16m▁[0m[38;5;131;48;5;16m█[0m[38;5;131;48;5;16m█[0m[38;5;95;48;5;16m▆[0m[38;5;131;48;5;16m█[0m[38;5;131;48;5;16m█[0m[38;5;131;48;5;16m█[0m[38;5;131;48;5;16m█[0m[38;5;131;48;5;16m█[0m[38;5;131;48;5;16m█[0m[38;5;167;48;5;16m█[0m[38;5;131;48;5;16m█[0m[38;5;131;48;5;16m█[0m[38;5;131;48;5;16m█[0m[38;5;167;48;5;16m█[0m[38;5;167;48;5;16m█[0m[38;5;131;48;5;16m█[0m[38;5;131;48;5;16m█[0m[38;5;131;48;5;16m█[0m[38;5;131;48;5;16m█[0m[38;5;131;48;5;16m█[0m[38;5;131;48;5;16m█[0m[38;5;243;48;5;16m▃[0m[38;5;131;48;5;16m█[0m[38;5;131;48;5;16m█[0m[38;5;131;48;5;16m█[0m[30;120H
[31;75H[38;5;247;48;5;16m16:54:57 → 17:24:57 UTC · peak 371/bucket ·[0m[48;5;16m  [0m[31;120H
[32;75H[38;5;247;48;5;16mtotal 6663[0m[48;5;16m                                   [0m[32;120H[2;5H[8;75H[1;38;5;255;48;5;16mZenoCoin → hoodrat[0m[48;5;16m                           [0m[8;120H
[9;1H[38;5;247;48;5;232m   [0m[38;5;247;48;5;232m TIME UTC  [0m[38;5;247;48;5;232m WALLET      [0m[38;5;247;48;5;232m SOLD       [0m[38;5;247;48;5;232m   [0m[38;5;247;48;5;232m BOUGHT     [0m[38;5;247;48;5;232m GAP    [0m[38;5;247;48;5;232m GRADE  [0m[9;71H[38;5;255;48;5;16m  [0m[9;73H
[9;75H[38;5;247;48;5;16m0x4e63…27ff → 0x275b…47fa[0m[48;5;16m                    [0m[9;120H
[10;1H[38;5;255;48;5;232m [0m[38;5;203;48;5;232m▌[0m[38;5;255;48;5;232m [0m[38;5;255;48;5;232m [0m[38;5;247;48;5;232m17:24:49≈[0m[38;5;255;48;5;232m [0m[38;5;255;48;5;232m [0m[38;5;247;48;5;232m0x7037…d6c7[0m[38;5;255;48;5;232m [0m[38;5;255;48;5;232m SSD5000    [0m[38;5;255;48;5;232m [0m[38;5;203;48;5;232m→[0m[38;5;255;48;5;232m [0m[38;5;255;48;5;232m hoodrat    [0m[38;5;255;48;5;232m [0m[38;5;247;48;5;232m15m15s[0m[38;5;255;48;5;232m [0m[38;5;255;48;5;232m clean  [0m[10;71H[38;5;255;48;5;16m  [0m[10;73H
[10;75H[38;5;255;48;5;16m[0m[48;5;16m                                             [0m[10;120H
[11;1H[38;5;255;48;5;232m [0m[38;5;203;48;5;232m▌[0m[38;5;255;48;5;232m [0m[38;5;255;48;5;232m [0m[38;5;247;48;5;232m17:24:49≈[0m[38;5;255;48;5;232m [0m[38;5;255;48;5;232m [0m[38;5;247;48;5;232m0xe243…c428[0m[38;5;255;48;5;232m [0m[38;5;255;48;5;232m FRONT      [0m[38;5;255;48;5;232m [0m[38;5;203;48;5;232m→[0m[38;5;255;48;5;232m [0m[38;5;255;48;5;232m ZERO       [0m[38;5;255;48;5;232m [0m[38;5;247;48;5;232m37s[0m[38;5;255;48;5;232m    [0m[38;5;255;48;5;232m clean  [0m[11;71H[38;5;255;48;5;16m  [0m[11;73H
[11;75H[38;5;255;48;5;16mwallet 0x11c1…4ce3[0m[48;5;16m                           [0m[11;120H
[12;1H[38;5;255;48;5;232m [0m[38;5;203;48;5;232m▌[0m[38;5;255;48;5;232m [0m[38;5;255;48;5;232m [0m[38;5;247;48;5;232m17:24:51≈[0m[38;5;255;48;5;232m [0m[38;5;255;48;5;232m [0m[38;5;247;48;5;232m0xb218…c7a5[0m[38;5;255;48;5;232m [0m[38;5;255;48;5;232m Piecoin    [0m[38;5;255;48;5;232m [0m[38;5;203;48;5;232m→[0m[38;5;255;48;5;232m [0m[38;5;255;48;5;232m TGCOINS    [0m[38;5;255;48;5;232m [0m[38;5;247;48;5;232m12m40s[0m[38;5;255;48;5;232m [0m[38;5;255;48;5;232m clean  [0m[12;71H[38;5;255;48;5;16m  [0m[12;73H
[12;75H[38;5;247;48;5;16msold   17:17:49 UTC[0m[48;5;16m                          [0m[12;120H
[13;1H[38;5;255;48;5;232m [0m[38;5;203;48;5;232m▌[0m[38;5;255;48;5;232m [0m[38;5;255;48;5;232m [0m[38;5;247;48;5;232m17:24:53≈[0m[38;5;255;48;5;232m [0m[38;5;255;48;5;232m [0m[38;5;247;48;5;232m0x0ade…71f3[0m[38;5;255;48;5;232m [0m[38;5;255;48;5;232m Sweater    [0m[38;5;255;48;5;232m [0m[38;5;203;48;5;232m→[0m[38;5;255;48;5;232m [0m[38;5;255;48;5;232m Hydra-0    [0m[38;5;255;48;5;232m [0m[38;5;247;48;5;232m23m01s[0m[38;5;255;48;5;232m [0m[38;5;255;48;5;232m clean  [0m[13;71H[38;5;255;48;5;16m  [0m[13;73H
[13;75H[38;5;247;48;5;16mbought 17:24:57≈ UTC · gap 7m08s · clean[0m[48;5;16m     [0m[13;120H
[14;1H[38;5;255;48;5;232m [0m[38;5;203;48;5;232m▌[0m[38;5;255;48;5;232m [0m[38;5;255;48;5;232m [0m[38;5;247;48;5;232m17:24:53≈[0m[38;5;255;48;5;232m [0m[38;5;255;48;5;232m [0m[38;5;247;48;5;232m0xb36b…e1b1[0m[38;5;255;48;5;232m [0m[38;5;255;48;5;232m RECUR      [0m[38;5;255;48;5;232m [0m[38;5;203;48;5;232m→[0m[38;5;255;48;5;232m [0m[38;5;255;48;5;232m PYRA       [0m[38;5;255;48;5;232m [0m[38;5;247;48;5;232m6m50s[0m[38;5;255;48;5;232m  [0m[38;5;255;48;5;232m clean  [0m[14;71H[38;5;255;48;5;16m  [0m[14;73H
[14;75H[38;5;247;48;5;16msell tx 0xa604…873c[0m[48;5;16m                          [0m[14;120H
[15;1H[38;5;255;48;5;232m [0m[38;5;203;48;5;232m▌[0m[38;5;255;48;5;232m [0m[38;5;255;48;5;232m [0m[38;5;247;48;5;232m17:24:54≈[0m[38;5;255;48;5;232m [0m[38;5;255;48;5;232m [0m[38;5;247;48;5;232m0x67b0…7494[0m[38;5;255;48;5;232m [0m[38;5;255;48;5;232m XCOINS     [0m[38;5;255;48;5;232m [0m[38;5;203;48;5;232m→[0m[38;5;255;48;5;232m [0m[38;5;255;48;5;232m MANY       [0m[38;5;255;48;5;232m [0m[38;5;247;48;5;232m8s[0m[38;5;255;48;5;232m     [0m[38;5;255;48;5;232m clean  [0m[15;71H[38;5;255;48;5;16m  [0m[15;73H
[15;75H[38;5;247;48;5;16mbuy tx  0x623a…64b7[0m[48;5;16m                          [0m[15;120H
[16;1H[38;5;255;48;5;232m [0m[38;5;203;48;5;232m▌[0m[38;5;255;48;5;232m [0m[38;5;255;48;5;232m [0m[38;5;247;48;5;232m17:24:56≈[0m[38;5;255;48;5;232m [0m[38;5;255;48;5;232m [0m[38;5;247;48;5;232m0x09b9…b46a[0m[38;5;255;48;5;232m [0m[38;5;255;48;5;232m EYWA       [0m[38;5;255;48;5;232m [0m[38;5;203;48;5;232m→[0m[38;5;255;48;5;232m [0m[38;5;255;48;5;232m TruffleHog [0m[38;5;255;48;5;232m [0m[38;5;247;48;5;232m8m21s[0m[38;5;255;48;5;232m  [0m[38;5;255;48;5;232m clean  [0m[16;71H[38;5;255;48;5;16m  [0m[16;73H
[16;75H[38;5;255;48;5;16m[0m[48;5;16m                                             [0m[16;120H
[17;1H[38;5;255;48;5;232m [0m[38;5;203;48;5;232m▌[0m[38;5;255;48;5;232m [0m[38;5;255;48;5;232m [0m[38;5;247;48;5;232m17:24:56≈[0m[38;5;255;48;5;232m [0m[38;5;255;48;5;232m [0m[38;5;247;48;5;232m0x7f98…dbaa[0m[38;5;255;48;5;232m [0m[38;5;255;48;5;232m PONSLAB    [0m[38;5;255;48;5;232m [0m[38;5;203;48;5;232m→[0m[38;5;255;48;5;232m [0m[38;5;255;48;5;232m MONG       [0m[38;5;255;48;5;232m [0m[38;5;247;48;5;232m8m03s[0m[38;5;255;48;5;232m  [0m[38;5;255;48;5;232m clean  [0m[17;71H[38;5;255;48;5;16m  [0m[17;73H
[17;75H[38;5;242;48;5;16mEnter: all wallets on this pair[0m[48;5;16m              [0m[17;120H
[18;1H[38;5;255;48;5;232m [0m[38;5;203;48;5;232m▌[0m[38;5;255;48;5;232m [0m[38;5;255;48;5;232m [0m[38;5;247;48;5;232m17:24:56≈[0m[38;5;255;48;5;232m [0m[38;5;255;48;5;232m [0m[38;5;247;48;5;232m0x0a90…4666[0m[38;5;255;48;5;232m [0m[38;5;255;48;5;232m DOTPONS    [0m[38;5;255;48;5;232m [0m[38;5;203;48;5;232m→[0m[38;5;255;48;5;232m [0m[38;5;255;48;5;232m Hydra-0    [0m[38;5;255;48;5;232m [0m[38;5;247;48;5;232m24m00s[0m[38;5;255;48;5;232m [0m[38;5;255;48;5;232m clean  [0m[18;71H[38;5;255;48;5;16m  [0m[18;73H
[19;1H[38;5;255;48;5;232m [0m[38;5;203;48;5;232m▌[0m[38;5;255;48;5;232m [0m[38;5;255;48;5;232m [0m[38;5;247;48;5;232m17:24:56≈[0m[38;5;255;48;5;232m [0m[38;5;255;48;5;232m [0m[38;5;247;48;5;232m0xc0df…87cf[0m[38;5;255;48;5;232m [0m[38;5;255;48;5;232m Yo-yo      [0m[38;5;255;48;5;232m [0m[38;5;203;48;5;232m→[0m[38;5;255;48;5;232m [0m[38;5;255;48;5;232m MINER      [0m[38;5;255;48;5;232m [0m[38;5;247;48;5;232m24m26s[0m[38;5;255;48;5;232m [0m[38;5;255;48;5;232m clean  [0m[19;71H[38;5;255;48;5;16m  [0m[19;73H
[20;1H[38;5;255;48;5;232m [0m[38;5;203;48;5;232m▌[0m[38;5;255;48;5;232m [0m[38;5;255;48;5;232m [0m[38;5;247;48;5;232m17:24:57≈[0m[38;5;255;48;5;232m [0m[38;5;255;48;5;232m [0m[38;5;247;48;5;232m0xb241…2401[0m[38;5;255;48;5;232m [0m[38;5;255;48;5;232m POOLED     [0m[38;5;255;48;5;232m [0m[38;5;203;48;5;232m→[0m[38;5;255;48;5;232m [0m[38;5;255;48;5;232m NATION     [0m[38;5;255;48;5;232m [0m[38;5;247;48;5;232m14m36s[0m[38;5;255;48;5;232m [0m[38;5;255;48;5;232m clean  [0m[20;71H[38;5;255;48;5;16m  [0m[20;73H
[21;1H[38;5;255;48;5;232m [0m[38;5;203;48;5;232m▌[0m[38;5;255;48;5;232m [0m[38;5;255;48;5;232m [0m[38;5;247;48;5;232m17:24:57≈[0m[38;5;255;48;5;232m [0m[38;5;255;48;5;232m [0m[38;5;247;48;5;232m0xb077…ca98[0m[38;5;255;48;5;232m [0m[38;5;255;48;5;232m credit     [0m[38;5;255;48;5;232m [0m[38;5;203;48;5;232m→[0m[38;5;255;48;5;232m [0m[38;5;255;48;5;232m FEEZ       [0m[38;5;255;48;5;232m [0m[38;5;247;48;5;232m5m45s[0m[38;5;255;48;5;232m  [0m[38;5;255;48;5;232m clean  [0m[21;71H[38;5;255;48;5;16m  [0m[21;73H
[22;1H[38;5;255;48;5;232m [0m[38;5;203;48;5;232m▌[0m[38;5;255;48;5;232m [0m[38;5;255;48;5;232m [0m[38;5;247;48;5;232m17:24:57≈[0m[38;5;255;48;5;232m [0m[38;5;255;48;5;232m [0m[38;5;247;48;5;232m0xba07…236c[0m[38;5;255;48;5;232m [0m[38;5;255;48;5;232m egregore   [0m[38;5;255;48;5;232m [0m[38;5;203;48;5;232m→[0m[38;5;255;48;5;232m [0m[38;5;255;48;5;232m MINER      [0m[38;5;255;48;5;232m [0m[38;5;247;48;5;232m15m00s[0m[38;5;255;48;5;232m [0m[38;5;255;48;5;232m clean  [0m[22;71H[38;5;255;48;5;16m  [0m[22;73H
[23;1H[38;5;255;48;5;232m [0m[38;5;203;48;5;232m▌[0m[38;5;255;48;5;232m [0m[38;5;255;48;5;232m [0m[38;5;247;48;5;232m17:24:57≈[0m[38;5;255;48;5;232m [0m[38;5;255;48;5;232m [0m[38;5;247;48;5;232m0xa6d4…a66d[0m[38;5;255;48;5;232m [0m[38;5;255;48;5;232m credit     [0m[38;5;255;48;5;232m [0m[38;5;203;48;5;232m→[0m[38;5;255;48;5;232m [0m[38;5;255;48;5;232m COPY       [0m[38;5;255;48;5;232m [0m[38;5;247;48;5;232m49s[0m[38;5;255;48;5;232m    [0m[38;5;255;48;5;232m clean  [0m[23;71H[38;5;255;48;5;16m  [0m[23;73H
[24;1H[38;5;255;48;5;16m ▌ [0m[38;5;255;48;5;16m 17:24:57≈ [0m[38;5;255;48;5;16m 0x11c1…4ce3 [0m[38;5;255;48;5;16m ZenoCoin   [0m[38;5;255;48;5;16m → [0m[38;5;255;48;5;16m hoodrat    [0m[38;5;255;48;5;16m 7m08s  [0m[38;5;255;48;5;16m clean  [0m[24;71H[7;38;5;52;48;5;232m  [0m[24;73H[2;5H[9;71H[38;5;255;48;5;16m  [0m[9;73H
[10;71H[38;5;255;48;5;16m  [0m[10;73H
[11;71H[38;5;255;48;5;16m  [0m[11;73H
[12;71H[38;5;255;48;5;16m  [0m[12;73H
[13;71H[38;5;255;48;5;16m  [0m[13;73H
[14;71H[38;5;255;48;5;16m  [0m[14;73H
[15;71H[38;5;255;48;5;16m  [0m[15;73H
[16;71H[38;5;255;48;5;16m  [0m[16;73H
[17;71H[38;5;255;48;5;16m  [0m[17;73H
[18;71H[38;5;255;48;5;16m  [0m[18;73H
[19;71H[38;5;255;48;5;16m  [0m[19;73H
[20;71H[38;5;255;48;5;16m  [0m[20;73H
[21;71H[38;5;255;48;5;16m  [0m[21;73H
[22;71H[38;5;255;48;5;16m  [0m[22;73H
[23;71H[38;5;255;48;5;16m  [0m[23;73H
[24;71H[7;38;5;52;48;5;232m  [0m[24;73H[2;5H[6;1H[48;5;16m [0m[38;5;255;48;5;16mCHAIN Robinhood Chain[0m[38;5;52;48;5;16m  ·  [0m[38;5;255;48;5;16m[REPLAY 10× · PAUSED][0m[38;5;52;48;5;16m  ·  [0m[38;5;255;48;5;16mCLOCK 17:24:57 UTC[0m[38;5;52;48;5;16m  ·  [0m[38;5;247;48;5;16mRANGE 16:54:57–17:24:57[0m[38;5;52;48;5;16m  ·  [0m[38;5;247;48;5;16mWINDOW 30m00s[0m[48;5;16m  [0m[48;5;16m [0m[2;5H[6;1H[48;5;16m [0m[38;5;255;48;5;16mCHAIN Robinhood Chain[0m[38;5;52;48;5;16m  ·  [0m[38;5;255;48;5;16m[REPLAY 10× · PAUSED][0m[38;5;52;48;5;16m  ·  [0m[38;5;255;48;5;16mCLOCK 17:24:57 UTC[0m[38;5;52;48;5;16m  ·  [0m[38;5;247;48;5;16mRANGE 16:54:57–17:24:57[0m[38;5;52;48;5;16m  ·  [0m[38;5;247;48;5;16mWINDOW 30m00s[0m[48;5;16m  [0m[48;5;16m [0m
[8;1H[48;5;16m [0m[38;5;247;48;5;16mOBSERVED SEQUENCES · last 30m00s · 6668 of 6668 rows · one row = one[0m[48;5;16m  [0m[48;5;16m [0m[8;73H
[8;75H[1;38;5;255;48;5;16mZenoCoin → hoodrat[0m[48;5;16m                           [0m[8;120H
[9;1H[38;5;247;48;5;232m   [0m[38;5;247;48;5;232m TIME UTC  [0m[38;5;247;48;5;232m WALLET      [0m[38;5;247;48;5;232m SOLD       [0m[38;5;247;48;5;232m   [0m[38;5;247;48;5;232m BOUGHT     [0m[38;5;247;48;5;232m GAP    [0m[38;5;247;48;5;232m GRADE  [0m[9;71H[38;5;255;48;5;16m  [0m[9;73H
[9;75H[38;5;247;48;5;16m0x4e63…27ff → 0x275b…47fa[0m[48;5;16m                    [0m[9;120H
[10;1H[38;5;255;48;5;232m   [0m[38;5;255;48;5;232m [0m[38;5;247;48;5;232m17:24:49≈[0m[38;5;255;48;5;232m [0m[38;5;255;48;5;232m [0m[38;5;247;48;5;232m0x7037…d6c7[0m[38;5;255;48;5;232m [0m[38;5;255;48;5;232m SSD5000    [0m[38;5;255;48;5;232m [0m[38;5;247;48;5;232m→[0m[38;5;255;48;5;232m [0m[38;5;255;48;5;232m hoodrat    [0m[38;5;255;48;5;232m [0m[38;5;247;48;5;232m15m15s[0m[38;5;255;48;5;232m [0m[38;5;255;48;5;232m clean  [0m[10;71H[38;5;255;48;5;16m  [0m[10;73H
[10;75H[38;5;255;48;5;16m[0m[48;5;16m                                             [0m[10;120H
[11;1H[38;5;255;48;5;232m   [0m[38;5;255;48;5;232m [0m[38;5;247;48;5;232m17:24:49≈[0m[38;5;255;48;5;232m [0m[38;5;255;48;5;232m [0m[38;5;247;48;5;232m0xe243…c428[0m[38;5;255;48;5;232m [0m[38;5;255;48;5;232m FRONT      [0m[38;5;255;48;5;232m [0m[38;5;247;48;5;232m→[0m[38;5;255;48;5;232m [0m[38;5;255;48;5;232m ZERO       [0m[38;5;255;48;5;232m [0m[38;5;247;48;5;232m37s[0m[38;5;255;48;5;232m    [0m[38;5;255;48;5;232m clean  [0m[11;71H[38;5;255;48;5;16m  [0m[11;73H
[11;75H[38;5;255;48;5;16mwallet 0x11c1…4ce3[0m[48;5;16m                           [0m[11;120H
[12;1H[38;5;255;48;5;232m   [0m[38;5;255;48;5;232m [0m[38;5;247;48;5;232m17:24:51≈[0m[38;5;255;48;5;232m [0m[38;5;255;48;5;232m [0m[38;5;247;48;5;232m0xb218…c7a5[0m[38;5;255;48;5;232m [0m[38;5;255;48;5;232m Piecoin    [0m[38;5;255;48;5;232m [0m[38;5;247;48;5;232m→[0m[38;5;255;48;5;232m [0m[38;5;255;48;5;232m TGCOINS    [0m[38;5;255;48;5;232m [0m[38;5;247;48;5;232m12m40s[0m[38;5;255;48;5;232m [0m[38;5;255;48;5;232m clean  [0m[12;71H[38;5;255;48;5;16m  [0m[12;73H
[12;75H[38;5;247;48;5;16msold   17:17:49 UTC[0m[48;5;16m                          [0m[12;120H
[13;1H[38;5;255;48;5;232m   [0m[38;5;255;48;5;232m [0m[38;5;247;48;5;232m17:24:53≈[0m[38;5;255;48;5;232m [0m[38;5;255;48;5;232m [0m[38;5;247;48;5;232m0x0ade…71f3[0m[38;5;255;48;5;232m [0m[38;5;255;48;5;232m Sweater    [0m[38;5;255;48;5;232m [0m[38;5;247;48;5;232m→[0m[38;5;255;48;5;232m [0m[38;5;255;48;5;232m Hydra-0    [0m[38;5;255;48;5;232m [0m[38;5;247;48;5;232m23m01s[0m[38;5;255;48;5;232m [0m[38;5;255;48;5;232m clean  [0m[13;71H[38;5;255;48;5;16m  [0m[13;73H
[13;75H[38;5;247;48;5;16mbought 17:24:57≈ UTC · gap 7m08s · clean[0m[48;5;16m     [0m[13;120H
[14;1H[38;5;255;48;5;232m   [0m[38;5;255;48;5;232m [0m[38;5;247;48;5;232m17:24:53≈[0m[38;5;255;48;5;232m [0m[38;5;255;48;5;232m [0m[38;5;247;48;5;232m0xb36b…e1b1[0m[38;5;255;48;5;232m [0m[38;5;255;48;5;232m RECUR      [0m[38;5;255;48;5;232m [0m[38;5;247;48;5;232m→[0m[38;5;255;48;5;232m [0m[38;5;255;48;5;232m PYRA       [0m[38;5;255;48;5;232m [0m[38;5;247;48;5;232m6m50s[0m[38;5;255;48;5;232m  [0m[38;5;255;48;5;232m clean  [0m[14;71H[38;5;255;48;5;16m  [0m[14;73H
[14;75H[38;5;247;48;5;16msell tx 0xa604…873c[0m[48;5;16m                          [0m[14;120H
[15;1H[38;5;255;48;5;232m   [0m[38;5;255;48;5;232m [0m[38;5;247;48;5;232m17:24:54≈[0m[38;5;255;48;5;232m [0m[38;5;255;48;5;232m [0m[38;5;247;48;5;232m0x67b0…7494[0m[38;5;255;48;5;232m [0m[38;5;255;48;5;232m XCOINS     [0m[38;5;255;48;5;232m [0m[38;5;247;48;5;232m→[0m[38;5;255;48;5;232m [0m[38;5;255;48;5;232m MANY       [0m[38;5;255;48;5;232m [0m[38;5;247;48;5;232m8s[0m[38;5;255;48;5;232m     [0m[38;5;255;48;5;232m clean  [0m[15;71H[38;5;255;48;5;16m  [0m[15;73H
[15;75H[38;5;247;48;5;16mbuy tx  0x623a…64b7[0m[48;5;16m                          [0m[15;120H
[16;1H[38;5;255;48;5;232m   [0m[38;5;255;48;5;232m [0m[38;5;247;48;5;232m17:24:56≈[0m[38;5;255;48;5;232m [0m[38;5;255;48;5;232m [0m[38;5;247;48;5;232m0x09b9…b46a[0m[38;5;255;48;5;232m [0m[38;5;255;48;5;232m EYWA       [0m[38;5;255;48;5;232m [0m[38;5;247;48;5;232m→[0m[38;5;255;48;5;232m [0m[38;5;255;48;5;232m TruffleHog [0m[38;5;255;48;5;232m [0m[38;5;247;48;5;232m8m21s[0m[38;5;255;48;5;232m  [0m[38;5;255;48;5;232m clean  [0m[16;71H[38;5;255;48;5;16m  [0m[16;73H
[16;75H[38;5;255;48;5;16m[0m[48;5;16m                                             [0m[16;120H
[17;1H[38;5;255;48;5;232m   [0m[38;5;255;48;5;232m [0m[38;5;247;48;5;232m17:24:56≈[0m[38;5;255;48;5;232m [0m[38;5;255;48;5;232m [0m[38;5;247;48;5;232m0x7f98…dbaa[0m[38;5;255;48;5;232m [0m[38;5;255;48;5;232m PONSLAB    [0m[38;5;255;48;5;232m [0m[38;5;247;48;5;232m→[0m[38;5;255;48;5;232m [0m[38;5;255;48;5;232m MONG       [0m[38;5;255;48;5;232m [0m[38;5;247;48;5;232m8m03s[0m[38;5;255;48;5;232m  [0m[38;5;255;48;5;232m clean  [0m[17;71H[38;5;255;48;5;16m  [0m[17;73H
[17;75H[38;5;242;48;5;16mEnter: all wallets on this pair[0m[48;5;16m              [0m[17;120H
[18;1H[38;5;255;48;5;232m   [0m[38;5;255;48;5;232m [0m[38;5;247;48;5;232m17:24:56≈[0m[38;5;255;48;5;232m [0m[38;5;255;48;5;232m [0m[38;5;247;48;5;232m0x0a90…4666[0m[38;5;255;48;5;232m [0m[38;5;255;48;5;232m DOTPONS    [0m[38;5;255;48;5;232m [0m[38;5;247;48;5;232m→[0m[38;5;255;48;5;232m [0m[38;5;255;48;5;232m Hydra-0    [0m[38;5;255;48;5;232m [0m[38;5;247;48;5;232m24m00s[0m[38;5;255;48;5;232m [0m[38;5;255;48;5;232m clean  [0m[18;71H[38;5;255;48;5;16m  [0m[18;73H
[19;1H[38;5;255;48;5;232m   [0m[38;5;255;48;5;232m [0m[38;5;247;48;5;232m17:24:56≈[0m[38;5;255;48;5;232m [0m[38;5;255;48;5;232m [0m[38;5;247;48;5;232m0xc0df…87cf[0m[38;5;255;48;5;232m [0m[38;5;255;48;5;232m Yo-yo      [0m[38;5;255;48;5;232m [0m[38;5;247;48;5;232m→[0m[38;5;255;48;5;232m [0m[38;5;255;48;5;232m MINER      [0m[38;5;255;48;5;232m [0m[38;5;247;48;5;232m24m26s[0m[38;5;255;48;5;232m [0m[38;5;255;48;5;232m clean  [0m[19;71H[38;5;255;48;5;16m  [0m[19;73H
[20;1H[38;5;255;48;5;232m   [0m[38;5;255;48;5;232m [0m[38;5;247;48;5;232m17:24:57≈[0m[38;5;255;48;5;232m [0m[38;5;255;48;5;232m [0m[38;5;247;48;5;232m0xb241…2401[0m[38;5;255;48;5;232m [0m[38;5;255;48;5;232m POOLED     [0m[38;5;255;48;5;232m [0m[38;5;247;48;5;232m→[0m[38;5;255;48;5;232m [0m[38;5;255;48;5;232m NATION     [0m[38;5;255;48;5;232m [0m[38;5;247;48;5;232m14m36s[0m[38;5;255;48;5;232m [0m[38;5;255;48;5;232m clean  [0m[20;71H[38;5;255;48;5;16m  [0m[20;73H
[21;1H[38;5;255;48;5;232m   [0m[38;5;255;48;5;232m [0m[38;5;247;48;5;232m17:24:57≈[0m[38;5;255;48;5;232m [0m[38;5;255;48;5;232m [0m[38;5;247;48;5;232m0xb077…ca98[0m[38;5;255;48;5;232m [0m[38;5;255;48;5;232m credit     [0m[38;5;255;48;5;232m [0m[38;5;247;48;5;232m→[0m[38;5;255;48;5;232m [0m[38;5;255;48;5;232m FEEZ       [0m[38;5;255;48;5;232m [0m[38;5;247;48;5;232m5m45s[0m[38;5;255;48;5;232m  [0m[38;5;255;48;5;232m clean  [0m[21;71H[38;5;255;48;5;16m  [0m[21;73H
[22;1H[38;5;255;48;5;232m   [0m[38;5;255;48;5;232m [0m[38;5;247;48;5;232m17:24:57≈[0m[38;5;255;48;5;232m [0m[38;5;255;48;5;232m [0m[38;5;247;48;5;232m0xba07…236c[0m[38;5;255;48;5;232m [0m[38;5;255;48;5;232m egregore   [0m[38;5;255;48;5;232m [0m[38;5;247;48;5;232m→[0m[38;5;255;48;5;232m [0m[38;5;255;48;5;232m MINER      [0m[38;5;255;48;5;232m [0m[38;5;247;48;5;232m15m00s[0m[38;5;255;48;5;232m [0m[38;5;255;48;5;232m clean  [0m[22;71H[38;5;255;48;5;16m  [0m[22;73H
[23;1H[38;5;255;48;5;232m   [0m[38;5;255;48;5;232m [0m[38;5;247;48;5;232m17:24:57≈[0m[38;5;255;48;5;232m [0m[38;5;255;48;5;232m [0m[38;5;247;48;5;232m0xa6d4…a66d[0m[38;5;255;48;5;232m [0m[38;5;255;48;5;232m credit     [0m[38;5;255;48;5;232m [0m[38;5;247;48;5;232m→[0m[38;5;255;48;5;232m [0m[38;5;255;48;5;232m COPY       [0m[38;5;255;48;5;232m [0m[38;5;247;48;5;232m49s[0m[38;5;255;48;5;232m    [0m[38;5;255;48;5;232m clean  [0m[23;71H[38;5;255;48;5;16m  [0m[23;73H
[24;1H[38;5;255;48;5;16m   [0m[38;5;255;48;5;16m 17:24:57≈ [0m[38;5;255;48;5;16m 0x11c1…4ce3 [0m[38;5;255;48;5;16m ZenoCoin   [0m[38;5;255;48;5;16m → [0m[38;5;255;48;5;16m hoodrat    [0m[38;5;255;48;5;16m 7m08s  [0m[38;5;255;48;5;16m clean  [0m[24;71H[7;38;5;52;48;5;232m  [0m[24;73H
[26;75H[38;5;247;48;5;16mACTIVITY · sequences per 60s bucket · 30[0m[48;5;16m     [0m[26;120H
[27;75H[38;5;247;48;5;16mbuckets[0m[48;5;16m                                      [0m[27;120H
[31;75H[38;5;247;48;5;16m16:54:57 → 17:24:57 UTC · peak 371/bucket ·[0m[48;5;16m  [0m[31;120H
[32;75H[38;5;247;48;5;16mtotal 6663[0m[48;5;16m                                   [0m[32;120H[2;5H[9;71H[38;5;255;48;5;16m  [0m[9;73H
[10;71H[38;5;255;48;5;16m  [0m[10;73H
[11;71H[38;5;255;48;5;16m  [0m[11;73H
[12;71H[38;5;255;48;5;16m  [0m[12;73H
[13;71H[38;5;255;48;5;16m  [0m[13;73H
[14;71H[38;5;255;48;5;16m  [0m[14;73H
[15;71H[38;5;255;48;5;16m  [0m[15;73H
[16;71H[38;5;255;48;5;16m  [0m[16;73H
[17;71H[38;5;255;48;5;16m  [0m[17;73H
[18;71H[38;5;255;48;5;16m  [0m[18;73H
[19;71H[38;5;255;48;5;16m  [0m[19;73H
[20;71H[38;5;255;48;5;16m  [0m[20;73H
[21;71H[38;5;255;48;5;16m  [0m[21;73H
[22;71H[38;5;255;48;5;16m  [0m[22;73H
[23;71H[38;5;255;48;5;16m  [0m[23;73H
[24;71H[7;38;5;52;48;5;232m  [0m[24;73H[2;5H[6;1H[48;5;16m [0m[38;5;255;48;5;16mCHAIN Robinhood Chain[0m[38;5;52;48;5;16m  ·  [0m[38;5;255;48;5;16m[REPLAY 10× · PAUSED][0m[38;5;52;48;5;16m  ·  [0m[38;5;255;48;5;16mCLOCK 17:24:57 UTC[0m[38;5;52;48;5;16m  ·  [0m[38;5;247;48;5;16mRANGE 16:54:57–17:24:57[0m[38;5;52;48;5;16m  ·  [0m[38;5;247;48;5;16mWINDOW 30m00s[0m[48;5;16m  [0m[48;5;16m [0m[2;5H[9;71H[38;5;255;48;5;16m  [0m[9;73H
[10;71H[38;5;255;48;5;16m  [0m[10;73H
[11;71H[38;5;255;48;5;16m  [0m[11;73H
[12;71H[38;5;255;48;5;16m  [0m[12;73H
[13;71H[38;5;255;48;5;16m  [0m[13;73H
[14;71H[38;5;255;48;5;16m  [0m[14;73H
[15;71H[38;5;255;48;5;16m  [0m[15;73H
[16;71H[38;5;255;48;5;16m  [0m[16;73H
[17;71H[38;5;255;48;5;16m  [0m[17;73H
[18;71H[38;5;255;48;5;16m  [0m[18;73H
[19;71H[38;5;255;48;5;16m  [0m[19;73H
[20;71H[38;5;255;48;5;16m  [0m[20;73H
[21;71H[38;5;255;48;5;16m  [0m[21;73H
[22;71H[38;5;255;48;5;16m  [0m[22;73H
[23;71H[38;5;255;48;5;16m  [0m[23;73H
[24;71H[7;38;5;52;48;5;232m  [0m[24;73H[2;5H[6;1H[48;5;16m [0m[38;5;255;48;5;16mCHAIN Robinhood Chain[0m[38;5;52;48;5;16m  ·  [0m[38;5;255;48;5;16m[REPLAY 10× · PAUSED][0m[38;5;52;48;5;16m  ·  [0m[38;5;255;48;5;16mCLOCK 17:24:57 UTC[0m[38;5;52;48;5;16m  ·  [0m[38;5;247;48;5;16mRANGE 16:54:57–17:24:57[0m[38;5;52;48;5;16m  ·  [0m[38;5;247;48;5;16mWINDOW 30m00s[0m[48;5;16m  [0m[48;5;16m [0m
[8;1H[48;5;16m [0m[38;5;247;48;5;16mOBSERVED SEQUENCES · last 30m00s · 6668 of 6668 rows · one row = one[0m[48;5;16m  [0m[48;5;16m [0m[8;73H
[8;75H[1;38;5;255;48;5;16mZenoCoin → hoodrat[0m[48;5;16m                           [0m[8;120H
[9;75H[38;5;247;48;5;16m0x4e63…27ff → 0x275b…47fa[0m[48;5;16m                    [0m[9;120H
[10;75H[38;5;255;48;5;16m[0m[48;5;16m                                             [0m[10;120H
[11;75H[38;5;255;48;5;16mwallet 0x11c1…4ce3[0m[48;5;16m                           [0m[11;120H
[12;75H[38;5;247;48;5;16msold   17:17:49 UTC[0m[48;5;16m                          [0m[12;120H
[13;75H[38;5;247;48;5;16mbought 17:24:57≈ UTC · gap 7m08s · clean[0m[48;5;16m     [0m[13;120H
[14;75H[38;5;247;48;5;16msell tx 0xa604…873c[0m[48;5;16m                          [0m[14;120H
[15;75H[38;5;247;48;5;16mbuy tx  0x623a…64b7[0m[48;5;16m                          [0m[15;120H
[16;75H[38;5;255;48;5;16m[0m[48;5;16m                                             [0m[16;120H
[17;75H[38;5;242;48;5;16mEnter: all wallets on this pair[0m[48;5;16m              [0m[17;120H
[26;1H[48;5;16m [0m[38;5;247;48;5;16mHOT ROTATIONS · distinct wallets, last 30m00s[0m[48;5;16m                         [0m[48;5;16m [0m[26;73H
[26;75H[38;5;247;48;5;16mACTIVITY · sequences per 60s bucket · 30[0m[48;5;16m     [0m[26;120H
[27;1H[48;5;16m [0m[1;38;5;255;48;5;16m  54 [0m[38;5;255;48;5;16mPiecoin      → TruffleHog  [0m[38;5;247;48;5;16m  883 seq[0m[48;5;16m                             [0m[48;5;16m [0m[27;73H
[27;75H[38;5;247;48;5;16mbuckets[0m[48;5;16m                                      [0m[27;120H
[28;1H[48;5;16m [0m[1;38;5;255;48;5;16m  37 [0m[38;5;255;48;5;16mPUCHATO      → STEPPER     [0m[38;5;247;48;5;16m  37 seq[0m[48;5;16m                              [0m[48;5;16m [0m[28;73H
[29;1H[48;5;16m [0m[1;38;5;255;48;5;16m  29 [0m[38;5;255;48;5;16megregore     → credit      [0m[38;5;247;48;5;16m  176 seq[0m[48;5;16m                             [0m[48;5;16m [0m[29;73H
[30;1H[48;5;16m [0m[1;38;5;255;48;5;16m  28 [0m[38;5;255;48;5;16mAUTON        → egregore    [0m[38;5;247;48;5;16m  312 seq[0m[48;5;16m                             [0m[48;5;16m [0m[30;73H
[31;1H[48;5;16m [0m[1;38;5;255;48;5;16m  27 [0m[38;5;255;48;5;16mBUILDING     → BUILDING    [0m[38;5;247;48;5;16m  184 seq[0m[48;5;16m                             [0m[48;5;16m [0m[31;73H
[31;75H[38;5;247;48;5;16m16:54:57 → 17:24:57 UTC · peak 371/bucket ·[0m[48;5;16m  [0m[31;120H
[32;1H[48;5;16m [0m[1;38;5;255;48;5;16m  25 [0m[38;5;255;48;5;16mRACE         → OPEN YIELD  [0m[38;5;247;48;5;16m  53 seq[0m[48;5;16m                              [0m[48;5;16m [0m[32;73H
[32;75H[38;5;247;48;5;16mtotal 6663[0m[48;5;16m                                   [0m[32;120H
[33;1H[48;5;16m [0m[1;38;5;255;48;5;16m  24 [0m[38;5;255;48;5;16mEDEN         → egregore    [0m[38;5;247;48;5;16m  240 seq[0m[48;5;16m                             [0m[48;5;16m [0m[33;73H
[34;1H[48;5;16m [0m[38;5;242;48;5;16mΔ measured over 2s between refreshes[0m[48;5;16m                                  [0m[48;5;16m [0m[34;73H[2;5H[9;71H[38;5;255;48;5;16m  [0m[9;73H
[10;71H[38;5;255;48;5;16m  [0m[10;73H
[11;71H[38;5;255;48;5;16m  [0m[11;73H
[12;71H[38;5;255;48;5;16m  [0m[12;73H
[13;71H[38;5;255;48;5;16m  [0m[13;73H
[14;71H[38;5;255;48;5;16m  [0m[14;73H
[15;71H[38;5;255;48;5;16m  [0m[15;73H
[16;71H[38;5;255;48;5;16m  [0m[16;73H
[17;71H[38;5;255;48;5;16m  [0m[17;73H
[18;71H[38;5;255;48;5;16m  [0m[18;73H
[19;71H[38;5;255;48;5;16m  [0m[19;73H
[20;71H[38;5;255;48;5;16m  [0m[20;73H
[21;71H[38;5;255;48;5;16m  [0m[21;73H
[22;71H[38;5;255;48;5;16m  [0m[22;73H
[23;71H[38;5;255;48;5;16m  [0m[23;73H
[24;71H[7;38;5;52;48;5;232m  [0m[24;73H
[26;1H[48;5;16m [0m[38;5;247;48;5;16mHOT ROTATIONS · distinct wallets, last 30m00s[0m[48;5;16m                         [0m[48;5;16m [0m[26;73H
[27;1H[48;5;16m [0m[1;38;5;255;48;5;16m  54 [0m[38;5;255;48;5;16mPiecoin      → TruffleHog  [0m[38;5;247;48;5;16m  883 seq[0m[48;5;16m                             [0m[48;5;16m [0m[27;73H
[28;1H[48;5;16m [0m[1;38;5;255;48;5;16m  37 [0m[38;5;255;48;5;16mPUCHATO      → STEPPER     [0m[38;5;247;48;5;16m  37 seq[0m[48;5;16m                              [0m[48;5;16m [0m[28;73H
[29;1H[48;5;16m [0m[1;38;5;255;48;5;16m  29 [0m[38;5;255;48;5;16megregore     → credit      [0m[38;5;247;48;5;16m  176 seq[0m[48;5;16m                             [0m[48;5;16m [0m[29;73H
[30;1H[48;5;16m [0m[1;38;5;255;48;5;16m  28 [0m[38;5;255;48;5;16mAUTON        → egregore    [0m[38;5;247;48;5;16m  312 seq[0m[48;5;16m                             [0m[48;5;16m [0m[30;73H
[31;1H[48;5;16m [0m[1;38;5;255;48;5;16m  27 [0m[38;5;255;48;5;16mBUILDING     → BUILDING    [0m[38;5;247;48;5;16m  184 seq[0m[48;5;16m                             [0m[48;5;16m [0m[31;73H
[32;1H[48;5;16m [0m[1;38;5;255;48;5;16m  25 [0m[38;5;255;48;5;16mRACE         → OPEN YIELD  [0m[38;5;247;48;5;16m  53 seq[0m[48;5;16m                              [0m[48;5;16m [0m[32;73H
[33;1H[48;5;16m [0m[1;38;5;255;48;5;16m  24 [0m[38;5;255;48;5;16mEDEN         → egregore    [0m[38;5;247;48;5;16m  240 seq[0m[48;5;16m                             [0m[48;5;16m [0m[33;73H
[34;1H[48;5;16m [0m[38;5;242;48;5;16mΔ measured over 2s between refreshes[0m[48;5;16m                                  [0m[48;5;16m [0m[34;73H[2;5H[9;71H[38;5;255;48;5;16m  [0m[9;73H
[10;71H[38;5;255;48;5;16m  [0m[10;73H
[11;71H[38;5;255;48;5;16m  [0m[11;73H
[12;71H[38;5;255;48;5;16m  [0m[12;73H
[13;71H[38;5;255;48;5;16m  [0m[13;73H
[14;71H[38;5;255;48;5;16m  [0m[14;73H
[15;71H[38;5;255;48;5;16m  [0m[15;73H
[16;71H[38;5;255;48;5;16m  [0m[16;73H
[17;71H[38;5;255;48;5;16m  [0m[17;73H
[18;71H[38;5;255;48;5;16m  [0m[18;73H
[19;71H[38;5;255;48;5;16m  [0m[19;73H
[20;71H[38;5;255;48;5;16m  [0m[20;73H
[21;71H[38;5;255;48;5;16m  [0m[21;73H
[22;71H[38;5;255;48;5;16m  [0m[22;73H
[23;71H[38;5;255;48;5;16m  [0m[23;73H
[24;71H[7;38;5;52;48;5;232m  [0m[24;73H[2;5H[6;1H[48;5;16m [0m[38;5;255;48;5;16mCHAIN Robinhood Chain[0m[38;5;52;48;5;16m  ·  [0m[38;5;255;48;5;16m[REPLAY 10× · PAUSED][0m[38;5;52;48;5;16m  ·  [0m[38;5;255;48;5;16mCLOCK 17:24:57 UTC[0m[38;5;52;48;5;16m  ·  [0m[38;5;247;48;5;16mRANGE 16:54:57–17:24:57[0m[38;5;52;48;5;16m  ·  [0m[38;5;247;48;5;16mWINDOW 30m00s[0m[48;5;16m  [0m[48;5;16m [0m[2;5H[6;1H[48;5;16m [0m[38;5;255;48;5;16mCHAIN Robinhood Chain[0m[38;5;52;48;5;16m  ·  [0m[38;5;255;48;5;16m[REPLAY 10× · PAUSED][0m[38;5;52;48;5;16m  ·  [0m[38;5;255;48;5;16mCLOCK 17:24:57 UTC[0m[38;5;52;48;5;16m  ·  [0m[38;5;247;48;5;16mRANGE 16:54:57–17:24:57[0m[38;5;52;48;5;16m  ·  [0m[38;5;247;48;5;16mWINDOW 30m00s[0m[48;5;16m  [0m[48;5;16m [0m
[8;1H[48;5;16m [0m[38;5;247;48;5;16mOBSERVED SEQUENCES · last 30m00s · 6668 of 6668 rows · one row = one[0m[48;5;16m  [0m[48;5;16m [0m[8;73H
[8;75H[1;38;5;255;48;5;16mZenoCoin → hoodrat[0m[48;5;16m                           [0m[8;120H
[9;71H[38;5;255;48;5;16m  [0m[9;73H
[9;75H[38;5;247;48;5;16m0x4e63…27ff → 0x275b…47fa[0m[48;5;16m                    [0m[9;120H
[10;71H[38;5;255;48;5;16m  [0m[10;73H
[10;75H[38;5;255;48;5;16m[0m[48;5;16m                                             [0m[10;120H
[11;71H[38;5;255;48;5;16m  [0m[11;73H
[11;75H[38;5;255;48;5;16mwallet 0x11c1…4ce3[0m[48;5;16m                           [0m[11;120H
[12;71H[38;5;255;48;5;16m  [0m[12;73H
[12;75H[38;5;247;48;5;16msold   17:17:49 UTC[0m[48;5;16m                          [0m[12;120H
[13;71H[38;5;255;48;5;16m  [0m[13;73H
[13;75H[38;5;247;48;5;16mbought 17:24:57≈ UTC · gap 7m08s · clean[0m[48;5;16m     [0m[13;120H
[14;71H[38;5;255;48;5;16m  [0m[14;73H
[14;75H[38;5;247;48;5;16msell tx 0xa604…873c[0m[48;5;16m                          [0m[14;120H
[15;71H[38;5;255;48;5;16m  [0m[15;73H
[15;75H[38;5;247;48;5;16mbuy tx  0x623a…64b7[0m[48;5;16m                          [0m[15;120H
[16;71H[38;5;255;48;5;16m  [0m[16;73H
[16;75H[38;5;255;48;5;16m[0m[48;5;16m                                             [0m[16;120H
[17;71H[38;5;255;48;5;16m  [0m[17;73H
[17;75H[38;5;242;48;5;16mEnter: all wallets on this pair[0m[48;5;16m              [0m[17;120H
[18;71H[38;5;255;48;5;16m  [0m[18;73H
[19;71H[38;5;255;48;5;16m  [0m[19;73H
[20;71H[38;5;255;48;5;16m  [0m[20;73H
[21;71H[38;5;255;48;5;16m  [0m[21;73H
[22;71H[38;5;255;48;5;16m  [0m[22;73H
[23;71H[38;5;255;48;5;16m  [0m[23;73H
[24;71H[7;38;5;52;48;5;232m  [0m[24;73H
[26;75H[38;5;247;48;5;16mACTIVITY · sequences per 60s bucket · 30[0m[48;5;16m     [0m[26;120H
[27;75H[38;5;247;48;5;16mbuckets[0m[48;5;16m                                      [0m[27;120H
[31;75H[38;5;247;48;5;16m16:54:57 → 17:24:57 UTC · peak 371/bucket ·[0m[48;5;16m  [0m[31;120H
[32;75H[38;5;247;48;5;16mtotal 6663[0m[48;5;16m                                   [0m[32;120H[2;5H[9;71H[38;5;255;48;5;16m  [0m[9;73H
[10;71H[38;5;255;48;5;16m  [0m[10;73H
[11;71H[38;5;255;48;5;16m  [0m[11;73H
[12;71H[38;5;255;48;5;16m  [0m[12;73H
[13;71H[38;5;255;48;5;16m  [0m[13;73H
[14;71H[38;5;255;48;5;16m  [0m[14;73H
[15;71H[38;5;255;48;5;16m  [0m[15;73H
[16;71H[38;5;255;48;5;16m  [0m[16;73H
[17;71H[38;5;255;48;5;16m  [0m[17;73H
[18;71H[38;5;255;48;5;16m  [0m[18;73H
[19;71H[38;5;255;48;5;16m  [0m[19;73H
[20;71H[38;5;255;48;5;16m  [0m[20;73H
[21;71H[38;5;255;48;5;16m  [0m[21;73H
[22;71H[38;5;255;48;5;16m  [0m[22;73H
[23;71H[38;5;255;48;5;16m  [0m[23;73H
[24;71H[7;38;5;52;48;5;232m  [0m[24;73H[2;5H[?2004l[?7h[?1000l[?1003l[?1015l[?1006l[<u[?1049l[?25h[?1004l[?1000l[?1003l[?1015l[?1006l