[?1049h[?1000h[?1003h[?1015h[?1006h[?25l[?1004h[>25u[?2026$p[?2048$p[?2004h[?7l[?1000h[?1003h[?1015h[?1006h]22;default[1;1H[48;2;5;5;5m [0m[1;38;2;255;51;68;48;2;5;5;5m██████ ██████ ██████ ██  ██ ██████ ██████ █████  ██████[0m[48;2;5;5;5m                                                                                                                           [0m[48;2;5;5;5m [0m
[2;1H[48;2;5;5;5m [0m[1;38;2;255;51;68;48;2;5;5;5m██       ██   ██  ██ ██████ ██  ██ ██     ██  ██ ██    [0m[48;2;5;5;5m                                                                                                                           [0m[48;2;5;5;5m [0m
[3;1H[48;2;5;5;5m [0m[1;38;2;255;51;68;48;2;5;5;5m██████   ██   ██████ ██████ ██████ █████  ██  ██ █████ [0m[48;2;5;5;5m                                                                                                                           [0m[48;2;5;5;5m [0m
[4;1H[48;2;5;5;5m [0m[1;38;2;255;51;68;48;2;5;5;5m    ██   ██   ██  ██ ██  ██ ██     ██     ██  ██ ██    [0m[48;2;5;5;5m                                                                                                                           [0m[48;2;5;5;5m [0m
[5;1H[48;2;5;5;5m [0m[1;38;2;255;51;68;48;2;5;5;5m██████   ██   ██  ██ ██  ██ ██     ██████ █████  ██████[0m[48;2;5;5;5m                                                                                                                           [0m[48;2;5;5;5m [0m
[6;1H[48;2;5;5;5m [0m[38;2;242;242;242;48;2;5;5;5mCHAIN Robinhood Chain[0m[38;2;53;20;25;48;2;5;5;5m  ·  [0m[38;2;242;242;242;48;2;5;5;5m[?][0m[38;2;53;20;25;48;2;5;5;5m  ·  [0m[38;2;242;242;242;48;2;5;5;5mCLOCK --:--:-- UTC[0m[38;2;53;20;25;48;2;5;5;5m  ·  [0m[38;2;163;163;163;48;2;5;5;5mWINDOW 30m00s[0m[48;2;5;5;5m                                                                                                            [0m[48;2;5;5;5m [0m
[7;1H[48;2;5;5;5m [0m[38;2;53;20;25;48;2;5;5;5m──────────────────────────────────────────────────────────────────────────────────────────────────────────────────────────────────────────────────────────────────────────────────[0m[48;2;5;5;5m [0m
[8;1H[48;2;5;5;5m [0m[38;2;163;163;163;48;2;5;5;5m[0m[48;2;5;5;5m                                                                                                          [0m[48;2;5;5;5m [0m[38;2;53;20;25;48;2;5;5;5m│[0m[48;2;5;5;5m [0m[38;2;163;163;163;48;2;5;5;5mSELECTED PAIR[0m[48;2;5;5;5m                                                        [0m[48;2;5;5;5m [0m
[9;1H[38;2;163;163;163;48;2;5;5;5m   [0m[38;2;163;163;163;48;2;5;5;5m TIME UTC  [0m[38;2;163;163;163;48;2;5;5;5m WALLET      [0m[38;2;163;163;163;48;2;5;5;5m SOLD           [0m[38;2;163;163;163;48;2;5;5;5m   [0m[38;2;163;163;163;48;2;5;5;5m BOUGHT         [0m[38;2;163;163;163;48;2;5;5;5m GAP      [0m[38;2;163;163;163;48;2;5;5;5m GRADE     [0m[38;2;163;163;163;48;2;5;5;5m                         [0m[38;2;53;20;25;48;2;5;5;5m│[0m[48;2;5;5;5m [0m[38;2;242;242;242;48;2;5;5;5m[0m[48;2;5;5;5m                                                                     [0m[48;2;5;5;5m [0m
[10;1H[38;2;242;242;242;48;2;5;5;5m                                                                                                            [0m[38;2;53;20;25;48;2;5;5;5m│[0m[48;2;5;5;5m [0m[38;2;163;163;163;48;2;5;5;5mMove with ↑/↓, press Enter to open the pair.[0m[48;2;5;5;5m                         [0m[48;2;5;5;5m [0m
[11;1H[38;2;242;242;242;48;2;5;5;5m                                                                                                            [0m[38;2;53;20;25;48;2;5;5;5m│[0m[48;2;5;5;5m [0m[38;2;242;242;242;48;2;5;5;5m[0m[48;2;5;5;5m                                                                     [0m[48;2;5;5;5m [0m
[12;1H[38;2;242;242;242;48;2;5;5;5m                                                                                                            [0m[38;2;53;20;25;48;2;5;5;5m│[0m[48;2;5;5;5m [0m[38;2;116;116;116;48;2;5;5;5mEdge A → B: distinct wallets that sold A, then bought B within the[0m[48;2;5;5;5m   [0m[48;2;5;5;5m [0m
[13;1H[38;2;242;242;242;48;2;5;5;5m                                                                                                            [0m[38;2;53;20;25;48;2;5;5;5m│[0m[48;2;5;5;5m [0m[38;2;116;116;116;48;2;5;5;5mpairing window. Same address, observed order of trades; not proof of[0m[48;2;5;5;5m [0m[48;2;5;5;5m [0m
[14;1H[38;2;242;242;242;48;2;5;5;5m                                                                                                            [0m[38;2;53;20;25;48;2;5;5;5m│[0m[48;2;5;5;5m [0m[38;2;116;116;116;48;2;5;5;5mmoney flow or shared ownership.[0m[48;2;5;5;5m                                      [0m[48;2;5;5;5m [0m
[15;1H[38;2;242;242;242;48;2;5;5;5m                                                                                                            [0m[38;2;53;20;25;48;2;5;5;5m│[0m[48;2;5;5;5m [0m[48;2;5;5;5m                                                                     [0m[48;2;5;5;5m [0m
[16;1H[38;2;242;242;242;48;2;5;5;5m                                                                                                            [0m[38;2;53;20;25;48;2;5;5;5m│[0m[48;2;5;5;5m [0m[48;2;5;5;5m                                                                     [0m[48;2;5;5;5m [0m
[17;1H[38;2;242;242;242;48;2;5;5;5m                                                                                                            [0m[38;2;53;20;25;48;2;5;5;5m│[0m[48;2;5;5;5m [0m[48;2;5;5;5m                                                                     [0m[48;2;5;5;5m [0m
[18;1H[38;2;242;242;242;48;2;5;5;5m                                                                                                            [0m[38;2;53;20;25;48;2;5;5;5m│[0m[48;2;5;5;5m [0m[48;2;5;5;5m                                                                     [0m[48;2;5;5;5m [0m
[19;1H[38;2;242;242;242;48;2;5;5;5m                                                                                                            [0m[38;2;53;20;25;48;2;5;5;5m│[0m[48;2;5;5;5m [0m[48;2;5;5;5m                                                                     [0m[48;2;5;5;5m [0m
[20;1H[38;2;242;242;242;48;2;5;5;5m                                                                                                            [0m[38;2;53;20;25;48;2;5;5;5m│[0m[48;2;5;5;5m [0m[48;2;5;5;5m                                                                     [0m[48;2;5;5;5m [0m
[21;1H[38;2;242;242;242;48;2;5;5;5m                                                                                                            [0m[38;2;53;20;25;48;2;5;5;5m│[0m[48;2;5;5;5m [0m[48;2;5;5;5m                                                                     [0m[48;2;5;5;5m [0m
[22;1H[38;2;242;242;242;48;2;5;5;5m                                                                                                            [0m[38;2;53;20;25;48;2;5;5;5m│[0m[48;2;5;5;5m [0m[48;2;5;5;5m                                                                     [0m[48;2;5;5;5m [0m
[23;1H[38;2;242;242;242;48;2;5;5;5m                                                                                                            [0m[38;2;53;20;25;48;2;5;5;5m│[0m[48;2;5;5;5m [0m[48;2;5;5;5m                                                                     [0m[48;2;5;5;5m [0m
[24;1H[38;2;242;242;242;48;2;5;5;5m                                                                                                            [0m[38;2;53;20;25;48;2;5;5;5m│[0m[48;2;5;5;5m [0m[48;2;5;5;5m                                                                     [0m[48;2;5;5;5m [0m
[25;1H[38;2;242;242;242;48;2;5;5;5m                                                                                                            [0m[38;2;53;20;25;48;2;5;5;5m│[0m[48;2;5;5;5m [0m[48;2;5;5;5m                                                                     [0m[48;2;5;5;5m [0m
[26;1H[38;2;242;242;242;48;2;5;5;5m                                                                                                            [0m[38;2;53;20;25;48;2;5;5;5m│[0m[48;2;5;5;5m [0m[48;2;5;5;5m                                                                     [0m[48;2;5;5;5m [0m
[27;1H[38;2;242;242;242;48;2;5;5;5m                                                                                                            [0m[38;2;53;20;25;48;2;5;5;5m│[0m[48;2;5;5;5m [0m[48;2;5;5;5m                                                                     [0m[48;2;5;5;5m [0m
[28;1H[38;2;242;242;242;48;2;5;5;5m                                                                                                            [0m[38;2;53;20;25;48;2;5;5;5m│[0m[48;2;5;5;5m [0m[48;2;5;5;5m                                                                     [0m[48;2;5;5;5m [0m
[29;1H[38;2;242;242;242;48;2;5;5;5m                                                                                                            [0m[38;2;53;20;25;48;2;5;5;5m│[0m[48;2;5;5;5m [0m[48;2;5;5;5m                                                                     [0m[48;2;5;5;5m [0m
[30;1H[38;2;242;242;242;48;2;5;5;5m                                                                                                            [0m[38;2;53;20;25;48;2;5;5;5m│[0m[48;2;5;5;5m [0m[48;2;5;5;5m                                                                     [0m[48;2;5;5;5m [0m
[31;1H[38;2;242;242;242;48;2;5;5;5m                                                                                                            [0m[38;2;53;20;25;48;2;5;5;5m│[0m[48;2;5;5;5m [0m[48;2;5;5;5m                                                                     [0m[48;2;5;5;5m [0m
[32;1H[38;2;242;242;242;48;2;5;5;5m                                                                                                            [0m[38;2;53;20;25;48;2;5;5;5m│[0m[48;2;5;5;5m [0m[48;2;5;5;5m                                                                     [0m[48;2;5;5;5m [0m
[33;1H[38;2;242;242;242;48;2;5;5;5m                                                                                                            [0m[38;2;53;20;25;48;2;5;5;5m│[0m[48;2;5;5;5m [0m[48;2;5;5;5m                                                                     [0m[48;2;5;5;5m [0m
[34;1H[38;2;242;242;242;48;2;5;5;5m                                                                                                            [0m[38;2;53;20;25;48;2;5;5;5m│[0m[48;2;5;5;5m [0m[48;2;5;5;5m                                                                     [0m[48;2;5;5;5m [0m
[35;1H[38;2;242;242;242;48;2;5;5;5m                                                                                                            [0m[38;2;53;20;25;48;2;5;5;5m│[0m[48;2;5;5;5m [0m[48;2;5;5;5m                                                                     [0m[48;2;5;5;5m [0m
[36;1H[38;2;242;242;242;48;2;5;5;5m                                                                                                            [0m[38;2;53;20;25;48;2;5;5;5m│[0m[48;2;5;5;5m [0m[48;2;5;5;5m                                                                     [0m[48;2;5;5;5m [0m
[37;1H[38;2;242;242;242;48;2;5;5;5m                                                                                                            [0m[38;2;53;20;25;48;2;5;5;5m│[0m[48;2;5;5;5m [0m[48;2;5;5;5m                                                                     [0m[48;2;5;5;5m [0m
[38;1H[38;2;242;242;242;48;2;5;5;5m                                                                                                            [0m[38;2;53;20;25;48;2;5;5;5m│[0m[48;2;5;5;5m [0m[48;2;5;5;5m                                                                     [0m[48;2;5;5;5m [0m
[39;1H[38;2;53;20;25;48;2;5;5;5m────────────────────────────────────────────────────────────────────────────────────────────────────────────────────────────────────────────────────────────────────────────────────[0m
[40;1H[48;2;5;5;5m [0m[38;2;163;163;163;48;2;5;5;5mHOT ROTATIONS · distinct wallets, last 30m00s[0m[48;2;5;5;5m                                                             [0m[48;2;5;5;5m [0m[38;2;53;20;25;48;2;5;5;5m│[0m[48;2;5;5;5m [0m[38;2;242;242;242;48;2;5;5;5m[0m[48;2;5;5;5m                                                                     [0m[48;2;5;5;5m [0m
[41;1H[48;2;5;5;5m [0m[38;2;116;116;116;48;2;5;5;5m…[0m[48;2;5;5;5m                                                                                                         [0m[48;2;5;5;5m [0m[38;2;53;20;25;48;2;5;5;5m│[0m[48;2;5;5;5m [0m[48;2;5;5;5m                                                                     [0m[48;2;5;5;5m [0m
[42;1H[48;2;5;5;5m                                                                                                            [0m[38;2;53;20;25;48;2;5;5;5m│[0m[48;2;5;5;5m [0m[48;2;5;5;5m                                                                     [0m[48;2;5;5;5m [0m
[43;1H[48;2;5;5;5m                                                                                                            [0m[38;2;53;20;25;48;2;5;5;5m│[0m[48;2;5;5;5m [0m[38;2;116;116;116;48;2;5;5;5m▁▁▁▁▁▁▁▁▁▁▁▁▁▁▁▁▁▁▁▁▁▁▁▁▁▁▁▁▁▁▁▁▁▁▁▁▁▁▁▁▁▁▁▁▁▁▁▁▁▁▁▁▁▁▁▁▁▁▁▁▁▁▁▁▁▁▁▁▁[0m[48;2;5;5;5m [0m
[44;1H[48;2;5;5;5m                                                                                                            [0m[38;2;53;20;25;48;2;5;5;5m│[0m[48;2;5;5;5m [0m[38;2;242;242;242;48;2;5;5;5m[0m[48;2;5;5;5m                                                                     [0m[48;2;5;5;5m [0m
[45;1H[48;2;5;5;5m                                                                                                            [0m[38;2;53;20;25;48;2;5;5;5m│[0m[48;2;5;5;5m [0m[48;2;5;5;5m                                                                     [0m[48;2;5;5;5m [0m
[46;1H[48;2;5;5;5m                                                                                                            [0m[38;2;53;20;25;48;2;5;5;5m│[0m[48;2;5;5;5m [0m[48;2;5;5;5m                                                                     [0m[48;2;5;5;5m [0m
[47;1H[48;2;5;5;5m                                                                                                            [0m[38;2;53;20;25;48;2;5;5;5m│[0m[48;2;5;5;5m [0m[48;2;5;5;5m                                                                     [0m[48;2;5;5;5m [0m
[48;1H[48;2;5;5;5m                                                                                                            [0m[38;2;53;20;25;48;2;5;5;5m│[0m[48;2;5;5;5m [0m[48;2;5;5;5m                                                                     [0m[48;2;5;5;5m [0m
[49;1H[48;2;5;5;5m                                                                                                            [0m[38;2;53;20;25;48;2;5;5;5m│[0m[48;2;5;5;5m [0m[48;2;5;5;5m                                                                     [0m[48;2;5;5;5m [0m
[50;1H[48;2;13;10;10m [0m[38;2;163;163;163;48;2;13;10;10m↑/↓ select · Enter open · Esc back · / search · End follow tail · q quit[0m[48;2;13;10;10m                                                                                                          [0m[48;2;13;10;10m [0m[2;5H[8;1H[48;2;5;5;5m [0m[38;2;163;163;163;48;2;5;5;5m[0m[48;2;5;5;5m                                                                                                          [0m[48;2;5;5;5m [0m[8;109H[38;2;53;20;25;48;2;5;5;5m│[0m[48;2;5;5;5m [0m[8;111H[38;2;163;163;163;48;2;5;5;5mSELECTED PAIR[0m[48;2;5;5;5m                                                        [0m[8;180H[48;2;5;5;5m [0m
[9;1H[38;2;163;163;163;48;2;5;5;5m   [0m[38;2;163;163;163;48;2;5;5;5m TIME UTC  [0m[38;2;163;163;163;48;2;5;5;5m WALLET      [0m[38;2;163;163;163;48;2;5;5;5m SOLD           [0m[38;2;163;163;163;48;2;5;5;5m   [0m[38;2;163;163;163;48;2;5;5;5m BOUGHT         [0m[38;2;163;163;163;48;2;5;5;5m GAP      [0m[38;2;163;163;163;48;2;5;5;5m GRADE     [0m[38;2;163;163;163;48;2;5;5;5m                         [0m[9;109H[38;2;53;20;25;48;2;5;5;5m│[0m[48;2;5;5;5m [0m[9;111H[38;2;242;242;242;48;2;5;5;5m[0m[48;2;5;5;5m                                                                     [0m[9;180H[48;2;5;5;5m [0m
[10;1H[38;2;242;242;242;48;2;5;5;5m                                                                                                            [0m[10;109H[38;2;53;20;25;48;2;5;5;5m│[0m[48;2;5;5;5m [0m[10;111H[38;2;163;163;163;48;2;5;5;5mMove with ↑/↓, press Enter to open the pair.[0m[48;2;5;5;5m                         [0m[10;180H[48;2;5;5;5m [0m
[11;1H[38;2;242;242;242;48;2;5;5;5m                                                                                                            [0m[11;109H[38;2;53;20;25;48;2;5;5;5m│[0m[48;2;5;5;5m [0m[11;111H[38;2;242;242;242;48;2;5;5;5m[0m[48;2;5;5;5m                                                                     [0m[11;180H[48;2;5;5;5m [0m
[12;1H[38;2;242;242;242;48;2;5;5;5m                                                                                                            [0m[12;109H[38;2;53;20;25;48;2;5;5;5m│[0m[48;2;5;5;5m [0m[12;111H[38;2;116;116;116;48;2;5;5;5mEdge A → B: distinct wallets that sold A, then bought B within the[0m[48;2;5;5;5m   [0m[12;180H[48;2;5;5;5m [0m
[13;1H[38;2;242;242;242;48;2;5;5;5m                                                                                                            [0m[13;109H[38;2;53;20;25;48;2;5;5;5m│[0m[48;2;5;5;5m [0m[13;111H[38;2;116;116;116;48;2;5;5;5mpairing window. Same address, observed order of trades; not proof of[0m[48;2;5;5;5m [0m[13;180H[48;2;5;5;5m [0m
[14;1H[38;2;242;242;242;48;2;5;5;5m                                                                                                            [0m[14;109H[38;2;53;20;25;48;2;5;5;5m│[0m[48;2;5;5;5m [0m[14;111H[38;2;116;116;116;48;2;5;5;5mmoney flow or shared ownership.[0m[48;2;5;5;5m                                      [0m[14;180H[48;2;5;5;5m [0m
[15;1H[38;2;242;242;242;48;2;5;5;5m                                                                                                            [0m[15;109H[38;2;53;20;25;48;2;5;5;5m│[0m[48;2;5;5;5m [0m[48;2;5;5;5m                                                                     [0m[48;2;5;5;5m [0m
[16;1H[38;2;242;242;242;48;2;5;5;5m                                                                                                            [0m[16;109H[38;2;53;20;25;48;2;5;5;5m│[0m[48;2;5;5;5m [0m[48;2;5;5;5m                                                                     [0m[48;2;5;5;5m [0m
[17;1H[38;2;242;242;242;48;2;5;5;5m                                                                                                            [0m[17;109H[38;2;53;20;25;48;2;5;5;5m│[0m[48;2;5;5;5m [0m[48;2;5;5;5m                                                                     [0m[48;2;5;5;5m [0m
[18;1H[38;2;242;242;242;48;2;5;5;5m                                                                                                            [0m[18;109H[38;2;53;20;25;48;2;5;5;5m│[0m[48;2;5;5;5m [0m[48;2;5;5;5m                                                                     [0m[48;2;5;5;5m [0m
[19;1H[38;2;242;242;242;48;2;5;5;5m                                                                                                            [0m[19;109H[38;2;53;20;25;48;2;5;5;5m│[0m[48;2;5;5;5m [0m[48;2;5;5;5m                                                                     [0m[48;2;5;5;5m [0m
[20;1H[38;2;242;242;242;48;2;5;5;5m                                                                                                            [0m[20;109H[38;2;53;20;25;48;2;5;5;5m│[0m[48;2;5;5;5m [0m[48;2;5;5;5m                                                                     [0m[48;2;5;5;5m [0m
[21;1H[38;2;242;242;242;48;2;5;5;5m                                                                                                            [0m[21;109H[38;2;53;20;25;48;2;5;5;5m│[0m[48;2;5;5;5m [0m[48;2;5;5;5m                                                                     [0m[48;2;5;5;5m [0m
[22;1H[38;2;242;242;242;48;2;5;5;5m                                                                                                            [0m[22;109H[38;2;53;20;25;48;2;5;5;5m│[0m[48;2;5;5;5m [0m[48;2;5;5;5m                                                                     [0m[48;2;5;5;5m [0m
[23;1H[38;2;242;242;242;48;2;5;5;5m                                                                                                            [0m[23;109H[38;2;53;20;25;48;2;5;5;5m│[0m[48;2;5;5;5m [0m[48;2;5;5;5m                                                                     [0m[48;2;5;5;5m [0m
[24;1H[38;2;242;242;242;48;2;5;5;5m                                                                                                            [0m[24;109H[38;2;53;20;25;48;2;5;5;5m│[0m[48;2;5;5;5m [0m[48;2;5;5;5m                                                                     [0m[48;2;5;5;5m [0m
[25;1H[38;2;242;242;242;48;2;5;5;5m                                                                                                            [0m[25;109H[38;2;53;20;25;48;2;5;5;5m│[0m[48;2;5;5;5m [0m[48;2;5;5;5m                                                                     [0m[48;2;5;5;5m [0m
[26;1H[38;2;242;242;242;48;2;5;5;5m                                                                                                            [0m[26;109H[38;2;53;20;25;48;2;5;5;5m│[0m[48;2;5;5;5m [0m[48;2;5;5;5m                                                                     [0m[48;2;5;5;5m [0m
[27;1H[38;2;242;242;242;48;2;5;5;5m                                                                                                            [0m[27;109H[38;2;53;20;25;48;2;5;5;5m│[0m[48;2;5;5;5m [0m[48;2;5;5;5m                                                                     [0m[48;2;5;5;5m [0m
[28;1H[38;2;242;242;242;48;2;5;5;5m                                                                                                            [0m[28;109H[38;2;53;20;25;48;2;5;5;5m│[0m[48;2;5;5;5m [0m[48;2;5;5;5m                                                                     [0m[48;2;5;5;5m [0m
[29;1H[38;2;242;242;242;48;2;5;5;5m                                                                                                            [0m[29;109H[38;2;53;20;25;48;2;5;5;5m│[0m[48;2;5;5;5m [0m[48;2;5;5;5m                                                                     [0m[48;2;5;5;5m [0m
[30;1H[38;2;242;242;242;48;2;5;5;5m                                                                                                            [0m[30;109H[38;2;53;20;25;48;2;5;5;5m│[0m[48;2;5;5;5m [0m[48;2;5;5;5m                                                                     [0m[48;2;5;5;5m [0m
[31;1H[38;2;242;242;242;48;2;5;5;5m                                                                                                            [0m[31;109H[38;2;53;20;25;48;2;5;5;5m│[0m[48;2;5;5;5m [0m[48;2;5;5;5m                                                                     [0m[48;2;5;5;5m [0m
[32;1H[38;2;242;242;242;48;2;5;5;5m                                                                                                            [0m[32;109H[38;2;53;20;25;48;2;5;5;5m│[0m[48;2;5;5;5m [0m[48;2;5;5;5m                                                                     [0m[48;2;5;5;5m [0m
[33;1H[38;2;242;242;242;48;2;5;5;5m                                                                                                            [0m[33;109H[38;2;53;20;25;48;2;5;5;5m│[0m[48;2;5;5;5m [0m[48;2;5;5;5m                                                                     [0m[48;2;5;5;5m [0m
[34;1H[38;2;242;242;242;48;2;5;5;5m                                                                                                            [0m[34;109H[38;2;53;20;25;48;2;5;5;5m│[0m[48;2;5;5;5m [0m[48;2;5;5;5m                                                                     [0m[48;2;5;5;5m [0m
[35;1H[38;2;242;242;242;48;2;5;5;5m                                                                                                            [0m[35;109H[38;2;53;20;25;48;2;5;5;5m│[0m[48;2;5;5;5m [0m[48;2;5;5;5m                                                                     [0m[48;2;5;5;5m [0m
[36;1H[38;2;242;242;242;48;2;5;5;5m                                                                                                            [0m[36;109H[38;2;53;20;25;48;2;5;5;5m│[0m[48;2;5;5;5m [0m[48;2;5;5;5m                                                                     [0m[48;2;5;5;5m [0m
[37;1H[38;2;242;242;242;48;2;5;5;5m                                                                                                            [0m[37;109H[38;2;53;20;25;48;2;5;5;5m│[0m[48;2;5;5;5m [0m[48;2;5;5;5m                                                                     [0m[48;2;5;5;5m [0m
[38;1H[38;2;242;242;242;48;2;5;5;5m                                                                                                            [0m[38;109H[38;2;53;20;25;48;2;5;5;5m│[0m[48;2;5;5;5m [0m[48;2;5;5;5m                                                                     [0m[48;2;5;5;5m [0m
[39;1H[38;2;53;20;25;48;2;5;5;5m────────────────────────────────────────────────────────────────────────────────────────────────────────────────────────────────────────────────────────────────────────────────────[0m
[40;1H[48;2;5;5;5m [0m[38;2;163;163;163;48;2;5;5;5mHOT ROTATIONS · distinct wallets, last 30m00s[0m[48;2;5;5;5m                                                             [0m[48;2;5;5;5m [0m[40;109H[38;2;53;20;25;48;2;5;5;5m│[0m[48;2;5;5;5m [0m[40;111H[38;2;242;242;242;48;2;5;5;5m[0m[48;2;5;5;5m                                                                     [0m[40;180H[48;2;5;5;5m [0m
[41;1H[48;2;5;5;5m [0m[38;2;116;116;116;48;2;5;5;5m…[0m[48;2;5;5;5m                                                                                                         [0m[48;2;5;5;5m [0m[41;109H[38;2;53;20;25;48;2;5;5;5m│[0m[48;2;5;5;5m [0m[41;111H[48;2;5;5;5m                                                                     [0m[41;180H[48;2;5;5;5m [0m
[42;1H[48;2;5;5;5m                                                                                                            [0m[42;109H[38;2;53;20;25;48;2;5;5;5m│[0m[48;2;5;5;5m [0m[42;111H[48;2;5;5;5m                                                                     [0m[42;180H[48;2;5;5;5m [0m
[43;1H[48;2;5;5;5m                                                                                                            [0m[43;109H[38;2;53;20;25;48;2;5;5;5m│[0m[48;2;5;5;5m [0m[43;111H[38;2;116;116;116;48;2;5;5;5m▁▁▁▁▁▁▁▁▁▁▁▁▁▁▁▁▁▁▁▁▁▁▁▁▁▁▁▁▁▁▁▁▁▁▁▁▁▁▁▁▁▁▁▁▁▁▁▁▁▁▁▁▁▁▁▁▁▁▁▁▁▁▁▁▁▁▁▁▁[0m[43;180H[48;2;5;5;5m [0m
[44;1H[48;2;5;5;5m                                                                                                            [0m[44;109H[38;2;53;20;25;48;2;5;5;5m│[0m[48;2;5;5;5m [0m[44;111H[38;2;242;242;242;48;2;5;5;5m[0m[48;2;5;5;5m                                                                     [0m[44;180H[48;2;5;5;5m [0m
[45;1H[48;2;5;5;5m                                                                                                            [0m[45;109H[38;2;53;20;25;48;2;5;5;5m│[0m[48;2;5;5;5m [0m[48;2;5;5;5m                                                                     [0m[48;2;5;5;5m [0m
[46;1H[48;2;5;5;5m                                                                                                            [0m[46;109H[38;2;53;20;25;48;2;5;5;5m│[0m[48;2;5;5;5m [0m[48;2;5;5;5m                                                                     [0m[48;2;5;5;5m [0m
[47;1H[48;2;5;5;5m                                                                                                            [0m[47;109H[38;2;53;20;25;48;2;5;5;5m│[0m[48;2;5;5;5m [0m[48;2;5;5;5m                                                                     [0m[48;2;5;5;5m [0m
[48;1H[48;2;5;5;5m                                                                                                            [0m[48;109H[38;2;53;20;25;48;2;5;5;5m│[0m[48;2;5;5;5m [0m[48;2;5;5;5m                                                                     [0m[48;2;5;5;5m [0m
[49;1H[48;2;5;5;5m                                                                                                            [0m[49;109H[38;2;53;20;25;48;2;5;5;5m│[0m[48;2;5;5;5m [0m[48;2;5;5;5m                                                                     [0m[48;2;5;5;5m [0m[2;5H[1;1H[48;2;5;5;5m [0m[1;38;2;255;51;68;48;2;5;5;5m██████ ██████ ██████ ██  ██ ██████ ██████ █████  ██████[0m[48;2;5;5;5m                                                                                                                           [0m[48;2;5;5;5m [0m
[2;1H[48;2;5;5;5m [0m[1;38;2;255;51;68;48;2;5;5;5m██       ██   ██  ██ ██████ ██  ██ ██     ██  ██ ██    [0m[48;2;5;5;5m                                                                                                                           [0m[48;2;5;5;5m [0m
[3;1H[48;2;5;5;5m [0m[1;38;2;255;51;68;48;2;5;5;5m██████   ██   ██████ ██████ ██████ █████  ██  ██ █████ [0m[48;2;5;5;5m                                                                                                                           [0m[48;2;5;5;5m [0m
[4;1H[48;2;5;5;5m [0m[1;38;2;255;51;68;48;2;5;5;5m    ██   ██   ██  ██ ██  ██ ██     ██     ██  ██ ██    [0m[48;2;5;5;5m                                                                                                                           [0m[48;2;5;5;5m [0m
[5;1H[48;2;5;5;5m [0m[1;38;2;255;51;68;48;2;5;5;5m██████   ██   ██  ██ ██  ██ ██     ██████ █████  ██████[0m[48;2;5;5;5m                                                                                                                           [0m[48;2;5;5;5m [0m
[6;1H[48;2;5;5;5m [0m[38;2;242;242;242;48;2;5;5;5mCHAIN Robinhood Chain[0m[38;2;53;20;25;48;2;5;5;5m  ·  [0m[38;2;242;242;242;48;2;5;5;5m[?][0m[38;2;53;20;25;48;2;5;5;5m  ·  [0m[38;2;242;242;242;48;2;5;5;5mCLOCK --:--:-- UTC[0m[38;2;53;20;25;48;2;5;5;5m  ·  [0m[38;2;163;163;163;48;2;5;5;5mWINDOW 30m00s[0m[48;2;5;5;5m                                                                                                            [0m[48;2;5;5;5m [0m
[7;1H[48;2;5;5;5m [0m[38;2;53;20;25;48;2;5;5;5m──────────────────────────────────────────────────────────────────────────────────────────────────────────────────────────────────────────────────────────────────────────────────[0m[48;2;5;5;5m [0m
[8;111H[38;2;163;163;163;48;2;5;5;5mSELECTED PAIR[0m[48;2;5;5;5m                                                        [0m[8;180H
[9;111H[38;2;242;242;242;48;2;5;5;5m[0m[48;2;5;5;5m                                                                     [0m[9;180H
[10;111H[38;2;163;163;163;48;2;5;5;5mMove with ↑/↓, press Enter to open the pair.[0m[48;2;5;5;5m                         [0m[10;180H
[11;111H[38;2;242;242;242;48;2;5;5;5m[0m[48;2;5;5;5m                                                                     [0m[11;180H
[12;111H[38;2;116;116;116;48;2;5;5;5mEdge A → B: distinct wallets that sold A, then bought B within the[0m[48;2;5;5;5m   [0m[12;180H
[13;111H[38;2;116;116;116;48;2;5;5;5mpairing window. Same address, observed order of trades; not proof of[0m[48;2;5;5;5m [0m[13;180H
[14;111H[38;2;116;116;116;48;2;5;5;5mmoney flow or shared ownership.[0m[48;2;5;5;5m                                      [0m[14;180H
[40;1H[48;2;5;5;5m [0m[38;2;163;163;163;48;2;5;5;5mHOT ROTATIONS · distinct wallets, last 30m00s[0m[48;2;5;5;5m                                                             [0m[48;2;5;5;5m [0m[40;109H
[41;1H[48;2;5;5;5m [0m[38;2;116;116;116;48;2;5;5;5m…[0m[48;2;5;5;5m                                                                                                         [0m[48;2;5;5;5m [0m[41;109H
[50;1H[48;2;13;10;10m [0m[38;2;163;163;163;48;2;13;10;10m↑/↓ select · Enter open · Esc back · / search · End follow tail · q quit[0m[48;2;13;10;10m                                                                                                          [0m[48;2;13;10;10m [0m[2;5H[8;1H[48;2;5;5;5m [0m[38;2;163;163;163;48;2;5;5;5m[0m[48;2;5;5;5m                                                                                                          [0m[48;2;5;5;5m [0m[8;109H
[9;1H[38;2;163;163;163;48;2;15;15;15m   [0m[38;2;163;163;163;48;2;15;15;15m TIME UTC  [0m[38;2;163;163;163;48;2;15;15;15m WALLET      [0m[38;2;163;163;163;48;2;15;15;15m SOLD           [0m[38;2;163;163;163;48;2;15;15;15m   [0m[38;2;163;163;163;48;2;15;15;15m BOUGHT         [0m[38;2;163;163;163;48;2;15;15;15m GAP      [0m[38;2;163;163;163;48;2;15;15;15m GRADE     [0m[38;2;163;163;163;48;2;15;15;15m                         [0m[9;109H
[10;1H[38;2;242;242;242;48;2;15;15;15m                                                                                                            [0m[10;109H
[11;1H[38;2;242;242;242;48;2;15;15;15m                                                                                                            [0m[11;109H
[12;1H[38;2;242;242;242;48;2;15;15;15m                                                                                                            [0m[12;109H
[13;1H[38;2;242;242;242;48;2;15;15;15m                                                                                                            [0m[13;109H
[14;1H[38;2;242;242;242;48;2;15;15;15m                                                                                                            [0m[14;109H
[15;1H[38;2;242;242;242;48;2;15;15;15m                                                                                                            [0m[15;109H
[16;1H[38;2;242;242;242;48;2;15;15;15m                                                                                                            [0m[16;109H
[17;1H[38;2;242;242;242;48;2;15;15;15m                                                                                                            [0m[17;109H
[18;1H[38;2;242;242;242;48;2;15;15;15m                                                                                                            [0m[18;109H
[19;1H[38;2;242;242;242;48;2;15;15;15m                                                                                                            [0m[19;109H
[20;1H[38;2;242;242;242;48;2;15;15;15m                                                                                                            [0m[20;109H
[21;1H[38;2;242;242;242;48;2;15;15;15m                                                                                                            [0m[21;109H
[22;1H[38;2;242;242;242;48;2;15;15;15m                                                                                                            [0m[22;109H
[23;1H[38;2;242;242;242;48;2;15;15;15m                                                                                                            [0m[23;109H
[24;1H[38;2;242;242;242;48;2;15;15;15m                                                                                                            [0m[24;109H
[25;1H[38;2;242;242;242;48;2;15;15;15m                                                                                                            [0m[25;109H
[26;1H[38;2;242;242;242;48;2;15;15;15m                                                                                                            [0m[26;109H
[27;1H[38;2;242;242;242;48;2;15;15;15m                                                                                                            [0m[27;109H
[28;1H[38;2;242;242;242;48;2;15;15;15m                                                                                                            [0m[28;109H
[29;1H[38;2;242;242;242;48;2;15;15;15m                                                                                                            [0m[29;109H
[30;1H[38;2;242;242;242;48;2;15;15;15m                                                                                                            [0m[30;109H
[31;1H[38;2;242;242;242;48;2;15;15;15m                                                                                                            [0m[31;109H
[32;1H[38;2;242;242;242;48;2;15;15;15m                                                                                                            [0m[32;109H
[33;1H[38;2;242;242;242;48;2;15;15;15m                                                                                                            [0m[33;109H
[34;1H[38;2;242;242;242;48;2;15;15;15m                                                                                                            [0m[34;109H
[35;1H[38;2;242;242;242;48;2;15;15;15m                                                                                                            [0m[35;109H
[36;1H[38;2;242;242;242;48;2;15;15;15m                                                                                                            [0m[36;109H
[37;1H[38;2;242;242;242;48;2;15;15;15m                                                                                                            [0m[37;109H
[38;1H[38;2;242;242;242;48;2;15;15;15m                                                                                                            [0m[38;109H
[40;111H[38;2;242;242;242;48;2;5;5;5m[0m[48;2;5;5;5m                                                                     [0m[40;180H
[41;111H[48;2;5;5;5m                                                                     [0m[41;180H
[42;111H[48;2;5;5;5m                                                                     [0m[42;180H
[43;111H[38;2;116;116;116;48;2;5;5;5m▁▁▁▁▁▁▁▁▁▁▁▁▁▁▁▁▁▁▁▁▁▁▁▁▁▁▁▁▁▁▁▁▁▁▁▁▁▁▁▁▁▁▁▁▁▁▁▁▁▁▁▁▁▁▁▁▁▁▁▁▁▁▁▁▁▁▁▁▁[0m[43;180H
[44;111H[38;2;242;242;242;48;2;5;5;5m[0m[48;2;5;5;5m                                                                     [0m[44;180H[2;5H[1;1H[48;2;5;5;5m [0m[1;38;2;255;51;68;48;2;5;5;5m██████ ██████ ██████ ██  ██ ██████ ██████ █████  ██████[0m[48;2;5;5;5m                                                                                                                           [0m[48;2;5;5;5m [0m
[2;1H[48;2;5;5;5m [0m[1;38;2;255;51;68;48;2;5;5;5m██       ██   ██  ██ ██████ ██  ██ ██     ██  ██ ██    [0m[48;2;5;5;5m                                                                                                                           [0m[48;2;5;5;5m [0m
[3;1H[48;2;5;5;5m [0m[1;38;2;255;51;68;48;2;5;5;5m██████   ██   ██████ ██████ ██████ █████  ██  ██ █████ [0m[48;2;5;5;5m                                                                                                                           [0m[48;2;5;5;5m [0m
[4;1H[48;2;5;5;5m [0m[1;38;2;255;51;68;48;2;5;5;5m    ██   ██   ██  ██ ██  ██ ██     ██     ██  ██ ██    [0m[48;2;5;5;5m                                                                                                                           [0m[48;2;5;5;5m [0m
[5;1H[48;2;5;5;5m [0m[1;38;2;255;51;68;48;2;5;5;5m██████   ██   ██  ██ ██  ██ ██     ██████ █████  ██████[0m[48;2;5;5;5m                                                                                                                           [0m[48;2;5;5;5m [0m
[6;1H[48;2;5;5;5m [0m[38;2;242;242;242;48;2;5;5;5mCHAIN Robinhood Chain[0m[38;2;53;20;25;48;2;5;5;5m  ·  [0m[38;2;242;242;242;48;2;5;5;5m[?][0m[38;2;53;20;25;48;2;5;5;5m  ·  [0m[38;2;242;242;242;48;2;5;5;5mCLOCK --:--:-- UTC[0m[38;2;53;20;25;48;2;5;5;5m  ·  [0m[38;2;163;163;163;48;2;5;5;5mWINDOW 30m00s[0m[48;2;5;5;5m                                                                                                            [0m[48;2;5;5;5m [0m
[7;1H[48;2;5;5;5m [0m[38;2;53;20;25;48;2;5;5;5m──────────────────────────────────────────────────────────────────────────────────────────────────────────────────────────────────────────────────────────────────────────────────[0m[48;2;5;5;5m [0m
[8;1H[48;2;5;5;5m [0m[38;2;163;163;163;48;2;5;5;5m[0m[48;2;5;5;5m                                                                                                          [0m[48;2;5;5;5m [0m[38;2;53;20;25;48;2;5;5;5m│[0m[48;2;5;5;5m [0m[38;2;163;163;163;48;2;5;5;5mSELECTED PAIR[0m[48;2;5;5;5m                                                        [0m[48;2;5;5;5m [0m
[9;1H[38;2;163;163;163;48;2;15;15;15m   [0m[38;2;163;163;163;48;2;15;15;15m TIME UTC  [0m[38;2;163;163;163;48;2;15;15;15m WALLET      [0m[38;2;163;163;163;48;2;15;15;15m SOLD           [0m[38;2;163;163;163;48;2;15;15;15m   [0m[38;2;163;163;163;48;2;15;15;15m BOUGHT         [0m[38;2;163;163;163;48;2;15;15;15m GAP      [0m[38;2;163;163;163;48;2;15;15;15m GRADE     [0m[38;2;163;163;163;48;2;15;15;15m                         [0m[38;2;53;20;25;48;2;5;5;5m│[0m[48;2;5;5;5m [0m[38;2;242;242;242;48;2;5;5;5m[0m[48;2;5;5;5m                                                                     [0m[48;2;5;5;5m [0m
[10;1H[38;2;242;242;242;48;2;15;15;15m                                                                                                            [0m[38;2;53;20;25;48;2;5;5;5m│[0m[48;2;5;5;5m [0m[38;2;163;163;163;48;2;5;5;5mMove with ↑/↓, press Enter to open the pair.[0m[48;2;5;5;5m                         [0m[48;2;5;5;5m [0m
[11;1H[38;2;242;242;242;48;2;15;15;15m                                                                                                            [0m[38;2;53;20;25;48;2;5;5;5m│[0m[48;2;5;5;5m [0m[38;2;242;242;242;48;2;5;5;5m[0m[48;2;5;5;5m                                                                     [0m[48;2;5;5;5m [0m
[12;1H[38;2;242;242;242;48;2;15;15;15m                                                                                                            [0m[38;2;53;20;25;48;2;5;5;5m│[0m[48;2;5;5;5m [0m[38;2;116;116;116;48;2;5;5;5mEdge A → B: distinct wallets that sold A, then bought B within the[0m[48;2;5;5;5m   [0m[48;2;5;5;5m [0m
[13;1H[38;2;242;242;242;48;2;15;15;15m                                                                                                            [0m[38;2;53;20;25;48;2;5;5;5m│[0m[48;2;5;5;5m [0m[38;2;116;116;116;48;2;5;5;5mpairing window. Same address, observed order of trades; not proof of[0m[48;2;5;5;5m [0m[48;2;5;5;5m [0m
[14;1H[38;2;242;242;242;48;2;15;15;15m                                                                                                            [0m[38;2;53;20;25;48;2;5;5;5m│[0m[48;2;5;5;5m [0m[38;2;116;116;116;48;2;5;5;5mmoney flow or shared ownership.[0m[48;2;5;5;5m                                      [0m[48;2;5;5;5m [0m
[15;1H[38;2;242;242;242;48;2;15;15;15m                                                                                                            [0m[38;2;53;20;25;48;2;5;5;5m│[0m[48;2;5;5;5m [0m[48;2;5;5;5m                                                                     [0m[48;2;5;5;5m [0m
[16;1H[38;2;242;242;242;48;2;15;15;15m                                                                                                            [0m[38;2;53;20;25;48;2;5;5;5m│[0m[48;2;5;5;5m [0m[48;2;5;5;5m                                                                     [0m[48;2;5;5;5m [0m
[17;1H[38;2;242;242;242;48;2;15;15;15m                                                                                                            [0m[38;2;53;20;25;48;2;5;5;5m│[0m[48;2;5;5;5m [0m[48;2;5;5;5m                                                                     [0m[48;2;5;5;5m [0m
[18;1H[38;2;242;242;242;48;2;15;15;15m                                                                                                            [0m[38;2;53;20;25;48;2;5;5;5m│[0m[48;2;5;5;5m [0m[48;2;5;5;5m                                                                     [0m[48;2;5;5;5m [0m
[19;1H[38;2;242;242;242;48;2;15;15;15m                                                                                                            [0m[38;2;53;20;25;48;2;5;5;5m│[0m[48;2;5;5;5m [0m[48;2;5;5;5m                                                                     [0m[48;2;5;5;5m [0m
[20;1H[38;2;242;242;242;48;2;15;15;15m                                                                                                            [0m[38;2;53;20;25;48;2;5;5;5m│[0m[48;2;5;5;5m [0m[48;2;5;5;5m                                                                     [0m[48;2;5;5;5m [0m
[21;1H[38;2;242;242;242;48;2;15;15;15m                                                                                                            [0m[38;2;53;20;25;48;2;5;5;5m│[0m[48;2;5;5;5m [0m[48;2;5;5;5m                                                                     [0m[48;2;5;5;5m [0m
[22;1H[38;2;242;242;242;48;2;15;15;15m                                                                                                            [0m[38;2;53;20;25;48;2;5;5;5m│[0m[48;2;5;5;5m [0m[48;2;5;5;5m                                                                     [0m[48;2;5;5;5m [0m
[23;1H[38;2;242;242;242;48;2;15;15;15m                                                                                                            [0m[38;2;53;20;25;48;2;5;5;5m│[0m[48;2;5;5;5m [0m[48;2;5;5;5m                                                                     [0m[48;2;5;5;5m [0m
[24;1H[38;2;242;242;242;48;2;15;15;15m                                                                                                            [0m[38;2;53;20;25;48;2;5;5;5m│[0m[48;2;5;5;5m [0m[48;2;5;5;5m                                                                     [0m[48;2;5;5;5m [0m
[25;1H[38;2;242;242;242;48;2;15;15;15m                                                                                                            [0m[38;2;53;20;25;48;2;5;5;5m│[0m[48;2;5;5;5m [0m[48;2;5;5;5m                                                                     [0m[48;2;5;5;5m [0m
[26;1H[38;2;242;242;242;48;2;15;15;15m                                                                                                            [0m[38;2;53;20;25;48;2;5;5;5m│[0m[48;2;5;5;5m [0m[48;2;5;5;5m                                                                     [0m[48;2;5;5;5m [0m
[27;1H[38;2;242;242;242;48;2;15;15;15m                                                                                                            [0m[38;2;53;20;25;48;2;5;5;5m│[0m[48;2;5;5;5m [0m[48;2;5;5;5m                                                                     [0m[48;2;5;5;5m [0m
[28;1H[38;2;242;242;242;48;2;15;15;15m                                                                                                            [0m[38;2;53;20;25;48;2;5;5;5m│[0m[48;2;5;5;5m [0m[48;2;5;5;5m                                                                     [0m[48;2;5;5;5m [0m
[29;1H[38;2;242;242;242;48;2;15;15;15m                                                                                                            [0m[38;2;53;20;25;48;2;5;5;5m│[0m[48;2;5;5;5m [0m[48;2;5;5;5m                                                                     [0m[48;2;5;5;5m [0m
[30;1H[38;2;242;242;242;48;2;15;15;15m                                                                                                            [0m[38;2;53;20;25;48;2;5;5;5m│[0m[48;2;5;5;5m [0m[48;2;5;5;5m                                                                     [0m[48;2;5;5;5m [0m
[31;1H[38;2;242;242;242;48;2;15;15;15m                                                                                                            [0m[38;2;53;20;25;48;2;5;5;5m│[0m[48;2;5;5;5m [0m[48;2;5;5;5m                                                                     [0m[48;2;5;5;5m [0m
[32;1H[38;2;242;242;242;48;2;15;15;15m                                                                                                            [0m[38;2;53;20;25;48;2;5;5;5m│[0m[48;2;5;5;5m [0m[48;2;5;5;5m                                                                     [0m[48;2;5;5;5m [0m
[33;1H[38;2;242;242;242;48;2;15;15;15m                                                                                                            [0m[38;2;53;20;25;48;2;5;5;5m│[0m[48;2;5;5;5m [0m[48;2;5;5;5m                                                                     [0m[48;2;5;5;5m [0m
[34;1H[38;2;242;242;242;48;2;15;15;15m                                                                                                            [0m[38;2;53;20;25;48;2;5;5;5m│[0m[48;2;5;5;5m [0m[48;2;5;5;5m                                                                     [0m[48;2;5;5;5m [0m
[35;1H[38;2;242;242;242;48;2;15;15;15m                                                                                                            [0m[38;2;53;20;25;48;2;5;5;5m│[0m[48;2;5;5;5m [0m[48;2;5;5;5m                                                                     [0m[48;2;5;5;5m [0m
[36;1H[38;2;242;242;242;48;2;15;15;15m                                                                                                            [0m[38;2;53;20;25;48;2;5;5;5m│[0m[48;2;5;5;5m [0m[48;2;5;5;5m                                                                     [0m[48;2;5;5;5m [0m
[37;1H[38;2;242;242;242;48;2;15;15;15m                                                                                                            [0m[38;2;53;20;25;48;2;5;5;5m│[0m[48;2;5;5;5m [0m[48;2;5;5;5m                                                                     [0m[48;2;5;5;5m [0m
[38;1H[38;2;242;242;242;48;2;15;15;15m                                                                                                            [0m[38;2;53;20;25;48;2;5;5;5m│[0m[48;2;5;5;5m [0m[48;2;5;5;5m                                                                     [0m[48;2;5;5;5m [0m
[39;1H[38;2;53;20;25;48;2;5;5;5m────────────────────────────────────────────────────────────────────────────────────────────────────────────────────────────────────────────────────────────────────────────────────[0m
[40;1H[48;2;5;5;5m [0m[38;2;163;163;163;48;2;5;5;5mHOT ROTATIONS · distinct wallets, last 30m00s[0m[48;2;5;5;5m                                                             [0m[48;2;5;5;5m [0m[38;2;53;20;25;48;2;5;5;5m│[0m[48;2;5;5;5m [0m[38;2;242;242;242;48;2;5;5;5m[0m[48;2;5;5;5m                                                                     [0m[48;2;5;5;5m [0m
[41;1H[48;2;5;5;5m [0m[38;2;116;116;116;48;2;5;5;5m…[0m[48;2;5;5;5m                                                                                                         [0m[48;2;5;5;5m [0m[38;2;53;20;25;48;2;5;5;5m│[0m[48;2;5;5;5m [0m[48;2;5;5;5m                                                                     [0m[48;2;5;5;5m [0m
[42;1H[48;2;5;5;5m                                                                                                            [0m[38;2;53;20;25;48;2;5;5;5m│[0m[48;2;5;5;5m [0m[48;2;5;5;5m                                                                     [0m[48;2;5;5;5m [0m
[43;1H[48;2;5;5;5m                                                                                                            [0m[38;2;53;20;25;48;2;5;5;5m│[0m[48;2;5;5;5m [0m[38;2;116;116;116;48;2;5;5;5m▁▁▁▁▁▁▁▁▁▁▁▁▁▁▁▁▁▁▁▁▁▁▁▁▁▁▁▁▁▁▁▁▁▁▁▁▁▁▁▁▁▁▁▁▁▁▁▁▁▁▁▁▁▁▁▁▁▁▁▁▁▁▁▁▁▁▁▁▁[0m[48;2;5;5;5m [0m
[44;1H[48;2;5;5;5m                                                                                                            [0m[38;2;53;20;25;48;2;5;5;5m│[0m[48;2;5;5;5m [0m[38;2;242;242;242;48;2;5;5;5m[0m[48;2;5;5;5m                                                                     [0m[48;2;5;5;5m [0m
[45;1H[48;2;5;5;5m                                                                                                            [0m[38;2;53;20;25;48;2;5;5;5m│[0m[48;2;5;5;5m [0m[48;2;5;5;5m                                                                     [0m[48;2;5;5;5m [0m
[46;1H[48;2;5;5;5m                                                                                                            [0m[38;2;53;20;25;48;2;5;5;5m│[0m[48;2;5;5;5m [0m[48;2;5;5;5m                                                                     [0m[48;2;5;5;5m [0m
[47;1H[48;2;5;5;5m                                                                                                            [0m[38;2;53;20;25;48;2;5;5;5m│[0m[48;2;5;5;5m [0m[48;2;5;5;5m                                                                     [0m[48;2;5;5;5m [0m
[48;1H[48;2;5;5;5m                                                                                                            [0m[38;2;53;20;25;48;2;5;5;5m│[0m[48;2;5;5;5m [0m[48;2;5;5;5m                                                                     [0m[48;2;5;5;5m [0m
[49;1H[48;2;5;5;5m                                                                                                            [0m[38;2;53;20;25;48;2;5;5;5m│[0m[48;2;5;5;5m [0m[48;2;5;5;5m                                                                     [0m[48;2;5;5;5m [0m
[50;1H[48;2;13;10;10m [0m[38;2;163;163;163;48;2;13;10;10m↑/↓ select · Enter open · Esc back · / search · End follow tail · q quit[0m[48;2;13;10;10m                                                                                                          [0m[48;2;13;10;10m [0m[2;5H[6;1H[48;2;5;5;5m [0m[38;2;242;242;242;48;2;5;5;5mCHAIN Robinhood Chain[0m[38;2;53;20;25;48;2;5;5;5m  ·  [0m[38;2;242;242;242;48;2;5;5;5m[REPLAY 10× · PAUSED][0m[38;2;53;20;25;48;2;5;5;5m  ·  [0m[38;2;242;242;242;48;2;5;5;5mCLOCK 17:26:41 UTC[0m[38;2;53;20;25;48;2;5;5;5m  ·  [0m[38;2;163;163;163;48;2;5;5;5mRANGE 16:56:41–17:26:41[0m[38;2;53;20;25;48;2;5;5;5m  ·  [0m[38;2;163;163;163;48;2;5;5;5mWINDOW 30m00s[0m[38;2;53;20;25;48;2;5;5;5m  ·  [0m[38;2;116;116;116;48;2;5;5;5mSESSION S-a0cfdf[0m[48;2;5;5;5m                                         [0m[48;2;5;5;5m [0m
[8;1H[48;2;5;5;5m [0m[38;2;163;163;163;48;2;5;5;5mOBSERVED SEQUENCES · last 30m00s · 5000 of 5000 rows · +4500 new · one row = one wallet that sold A, then[0m[48;2;5;5;5m [0m[48;2;5;5;5m [0m[8;109H
[8;111H[1;38;2;242;242;242;48;2;5;5;5mPiecoin → TruffleHog[0m[48;2;5;5;5m                                                 [0m[8;180H
[9;1H[38;2;163;163;163;48;2;15;15;15m   [0m[38;2;163;163;163;48;2;15;15;15m TIME UTC  [0m[38;2;163;163;163;48;2;15;15;15m WALLET      [0m[38;2;163;163;163;48;2;15;15;15m SOLD           [0m[38;2;163;163;163;48;2;15;15;15m   [0m[38;2;163;163;163;48;2;15;15;15m BOUGHT         [0m[38;2;163;163;163;48;2;15;15;15m GAP      [0m[38;2;163;163;163;48;2;15;15;15m GRADE     [0m[38;2;163;163;163;48;2;15;15;15m                         [0m[9;109H
[9;111H[38;2;163;163;163;48;2;5;5;5m0x6c36…1a01 → 0x4ad5…7b08[0m[48;2;5;5;5m                                            [0m[9;180H
[10;1H[38;2;242;242;242;48;2;15;15;15m [0m[38;2;255;51;68;48;2;15;15;15m [0m[38;2;242;242;242;48;2;15;15;15m [0m[38;2;242;242;242;48;2;15;15;15m [0m[38;2;163;163;163;48;2;15;15;15m16:56:42≈[0m[38;2;242;242;242;48;2;15;15;15m [0m[38;2;242;242;242;48;2;15;15;15m [0m[38;2;163;163;163;48;2;15;15;15m0xee16…b9ef[0m[38;2;242;242;242;48;2;15;15;15m [0m[38;2;242;242;242;48;2;15;15;15m ALTEREGO       [0m[38;2;242;242;242;48;2;15;15;15m [0m[38;2;163;163;163;48;2;15;15;15m→[0m[38;2;242;242;242;48;2;15;15;15m [0m[38;2;242;242;242;48;2;15;15;15m BUILDING       [0m[38;2;242;242;242;48;2;15;15;15m [0m[38;2;163;163;163;48;2;15;15;15m23m16s[0m[38;2;242;242;242;48;2;15;15;15m   [0m[38;2;242;242;242;48;2;15;15;15m clean     [0m[38;2;242;242;242;48;2;15;15;15m                         [0m[10;109H
[10;111H[38;2;242;242;242;48;2;5;5;5m[0m[48;2;5;5;5m                                                                     [0m[10;180H
[11;1H[38;2;242;242;242;48;2;15;15;15m [0m[38;2;255;51;68;48;2;15;15;15m [0m[38;2;242;242;242;48;2;15;15;15m [0m[38;2;242;242;242;48;2;15;15;15m [0m[38;2;163;163;163;48;2;15;15;15m16:56:42≈[0m[38;2;242;242;242;48;2;15;15;15m [0m[38;2;242;242;242;48;2;15;15;15m [0m[38;2;163;163;163;48;2;15;15;15m0xa6be…4120[0m[38;2;242;242;242;48;2;15;15;15m [0m[38;2;242;242;242;48;2;15;15;15m ALTEREGO       [0m[38;2;242;242;242;48;2;15;15;15m [0m[38;2;163;163;163;48;2;15;15;15m→[0m[38;2;242;242;242;48;2;15;15;15m [0m[38;2;242;242;242;48;2;15;15;15m BUILDING       [0m[38;2;242;242;242;48;2;15;15;15m [0m[38;2;163;163;163;48;2;15;15;15m23m16s[0m[38;2;242;242;242;48;2;15;15;15m   [0m[38;2;242;242;242;48;2;15;15;15m clean     [0m[38;2;242;242;242;48;2;15;15;15m                         [0m[11;109H
[11;111H[38;2;242;242;242;48;2;5;5;5mwallet 0x9c13…dc8f[0m[48;2;5;5;5m                                                   [0m[11;180H
[12;1H[38;2;242;242;242;48;2;15;15;15m [0m[38;2;255;51;68;48;2;15;15;15m [0m[38;2;242;242;242;48;2;15;15;15m [0m[38;2;242;242;242;48;2;15;15;15m [0m[38;2;163;163;163;48;2;15;15;15m16:56:42≈[0m[38;2;242;242;242;48;2;15;15;15m [0m[38;2;242;242;242;48;2;15;15;15m [0m[38;2;163;163;163;48;2;15;15;15m0x2790…38d0[0m[38;2;242;242;242;48;2;15;15;15m [0m[38;2;242;242;242;48;2;15;15;15m MARIO          [0m[38;2;242;242;242;48;2;15;15;15m [0m[38;2;163;163;163;48;2;15;15;15m→[0m[38;2;242;242;242;48;2;15;15;15m [0m[38;2;242;242;242;48;2;15;15;15m FLY            [0m[38;2;242;242;242;48;2;15;15;15m [0m[38;2;163;163;163;48;2;15;15;15m9m44s[0m[38;2;242;242;242;48;2;15;15;15m    [0m[38;2;242;242;242;48;2;15;15;15m clean     [0m[38;2;242;242;242;48;2;15;15;15m                         [0m[12;109H
[12;111H[38;2;163;163;163;48;2;5;5;5msold   17:10:08 UTC[0m[48;2;5;5;5m                                                  [0m[12;180H
[13;1H[38;2;242;242;242;48;2;15;15;15m [0m[38;2;255;51;68;48;2;15;15;15m [0m[38;2;242;242;242;48;2;15;15;15m [0m[38;2;242;242;242;48;2;15;15;15m [0m[38;2;163;163;163;48;2;15;15;15m16:56:42≈[0m[38;2;242;242;242;48;2;15;15;15m [0m[38;2;242;242;242;48;2;15;15;15m [0m[38;2;163;163;163;48;2;15;15;15m0x53e5…c5dc[0m[38;2;242;242;242;48;2;15;15;15m [0m[38;2;242;242;242;48;2;15;15;15m BIP            [0m[38;2;242;242;242;48;2;15;15;15m [0m[38;2;163;163;163;48;2;15;15;15m→[0m[38;2;242;242;242;48;2;15;15;15m [0m[38;2;242;242;242;48;2;15;15;15m RBNHD          [0m[38;2;242;242;242;48;2;15;15;15m [0m[38;2;163;163;163;48;2;15;15;15m3m46s[0m[38;2;242;242;242;48;2;15;15;15m    [0m[38;2;242;242;242;48;2;15;15;15m clean     [0m[38;2;242;242;242;48;2;15;15;15m                         [0m[13;109H
[13;111H[38;2;163;163;163;48;2;5;5;5mbought 17:20:23≈ UTC · gap 10m16s · clean[0m[48;2;5;5;5m                            [0m[13;180H
[14;1H[38;2;242;242;242;48;2;15;15;15m [0m[38;2;255;51;68;48;2;15;15;15m [0m[38;2;242;242;242;48;2;15;15;15m [0m[38;2;242;242;242;48;2;15;15;15m [0m[38;2;163;163;163;48;2;15;15;15m16:56:42≈[0m[38;2;242;242;242;48;2;15;15;15m [0m[38;2;242;242;242;48;2;15;15;15m [0m[38;2;163;163;163;48;2;15;15;15m0x53e5…c5dc[0m[38;2;242;242;242;48;2;15;15;15m [0m[38;2;242;242;242;48;2;15;15;15m BIP            [0m[38;2;242;242;242;48;2;15;15;15m [0m[38;2;163;163;163;48;2;15;15;15m→[0m[38;2;242;242;242;48;2;15;15;15m [0m[38;2;242;242;242;48;2;15;15;15m RBNHD          [0m[38;2;242;242;242;48;2;15;15;15m [0m[38;2;163;163;163;48;2;15;15;15m3m46s[0m[38;2;242;242;242;48;2;15;15;15m    [0m[38;2;242;242;242;48;2;15;15;15m clean     [0m[38;2;242;242;242;48;2;15;15;15m                         [0m[14;109H
[14;111H[38;2;163;163;163;48;2;5;5;5msell tx 0xbdca…876c[0m[48;2;5;5;5m                                                  [0m[14;180H
[15;1H[38;2;242;242;242;48;2;15;15;15m [0m[38;2;255;51;68;48;2;15;15;15m [0m[38;2;242;242;242;48;2;15;15;15m [0m[38;2;242;242;242;48;2;15;15;15m [0m[38;2;163;163;163;48;2;15;15;15m16:56:42≈[0m[38;2;242;242;242;48;2;15;15;15m [0m[38;2;242;242;242;48;2;15;15;15m [0m[38;2;163;163;163;48;2;15;15;15m0x3ceb…f063[0m[38;2;242;242;242;48;2;15;15;15m [0m[38;2;242;242;242;48;2;15;15;15m BIP            [0m[38;2;242;242;242;48;2;15;15;15m [0m[38;2;163;163;163;48;2;15;15;15m→[0m[38;2;242;242;242;48;2;15;15;15m [0m[38;2;242;242;242;48;2;15;15;15m RBNHD          [0m[38;2;242;242;242;48;2;15;15;15m [0m[38;2;163;163;163;48;2;15;15;15m3m46s[0m[38;2;242;242;242;48;2;15;15;15m    [0m[38;2;242;242;242;48;2;15;15;15m clean     [0m[38;2;242;242;242;48;2;15;15;15m                         [0m[15;109H
[15;111H[38;2;163;163;163;48;2;5;5;5mbuy tx  0x783b…cfee[0m[48;2;5;5;5m                                                  [0m[15;180H
[16;1H[38;2;242;242;242;48;2;15;15;15m [0m[38;2;255;51;68;48;2;15;15;15m [0m[38;2;242;242;242;48;2;15;15;15m [0m[38;2;242;242;242;48;2;15;15;15m [0m[38;2;163;163;163;48;2;15;15;15m16:56:42≈[0m[38;2;242;242;242;48;2;15;15;15m [0m[38;2;242;242;242;48;2;15;15;15m [0m[38;2;163;163;163;48;2;15;15;15m0x3ceb…f063[0m[38;2;242;242;242;48;2;15;15;15m [0m[38;2;242;242;242;48;2;15;15;15m BIP            [0m[38;2;242;242;242;48;2;15;15;15m [0m[38;2;163;163;163;48;2;15;15;15m→[0m[38;2;242;242;242;48;2;15;15;15m [0m[38;2;242;242;242;48;2;15;15;15m RBNHD          [0m[38;2;242;242;242;48;2;15;15;15m [0m[38;2;163;163;163;48;2;15;15;15m3m46s[0m[38;2;242;242;242;48;2;15;15;15m    [0m[38;2;242;242;242;48;2;15;15;15m clean     [0m[38;2;242;242;242;48;2;15;15;15m                         [0m[16;109H
[16;111H[38;2;242;242;242;48;2;5;5;5m[0m[48;2;5;5;5m                                                                     [0m[16;180H
[17;1H[38;2;242;242;242;48;2;15;15;15m [0m[38;2;255;51;68;48;2;15;15;15m [0m[38;2;242;242;242;48;2;15;15;15m [0m[38;2;242;242;242;48;2;15;15;15m [0m[38;2;163;163;163;48;2;15;15;15m16:56:42≈[0m[38;2;242;242;242;48;2;15;15;15m [0m[38;2;242;242;242;48;2;15;15;15m [0m[38;2;163;163;163;48;2;15;15;15m0xa13c…ad9d[0m[38;2;242;242;242;48;2;15;15;15m [0m[38;2;242;242;242;48;2;15;15;15m BIP            [0m[38;2;242;242;242;48;2;15;15;15m [0m[38;2;163;163;163;48;2;15;15;15m→[0m[38;2;242;242;242;48;2;15;15;15m [0m[38;2;242;242;242;48;2;15;15;15m RBNHD          [0m[38;2;242;242;242;48;2;15;15;15m [0m[38;2;163;163;163;48;2;15;15;15m3m46s[0m[38;2;242;242;242;48;2;15;15;15m    [0m[38;2;242;242;242;48;2;15;15;15m clean     [0m[38;2;242;242;242;48;2;15;15;15m                         [0m[17;109H
[17;111H[38;2;116;116;116;48;2;5;5;5mEnter: all wallets on this pair[0m[48;2;5;5;5m                                      [0m[17;180H
[18;1H[38;2;242;242;242;48;2;15;15;15m [0m[38;2;255;51;68;48;2;15;15;15m [0m[38;2;242;242;242;48;2;15;15;15m [0m[38;2;242;242;242;48;2;15;15;15m [0m[38;2;163;163;163;48;2;15;15;15m16:56:42≈[0m[38;2;242;242;242;48;2;15;15;15m [0m[38;2;242;242;242;48;2;15;15;15m [0m[38;2;163;163;163;48;2;15;15;15m0xb899…2115[0m[38;2;242;242;242;48;2;15;15;15m [0m[38;2;242;242;242;48;2;15;15;15m BIP            [0m[38;2;242;242;242;48;2;15;15;15m [0m[38;2;163;163;163;48;2;15;15;15m→[0m[38;2;242;242;242;48;2;15;15;15m [0m[38;2;242;242;242;48;2;15;15;15m RBNHD          [0m[38;2;242;242;242;48;2;15;15;15m [0m[38;2;163;163;163;48;2;15;15;15m3m46s[0m[38;2;242;242;242;48;2;15;15;15m    [0m[38;2;242;242;242;48;2;15;15;15m clean     [0m[38;2;242;242;242;48;2;15;15;15m                         [0m[18;109H
[19;1H[38;2;242;242;242;48;2;15;15;15m [0m[38;2;255;51;68;48;2;15;15;15m [0m[38;2;242;242;242;48;2;15;15;15m [0m[38;2;242;242;242;48;2;15;15;15m [0m[38;2;163;163;163;48;2;15;15;15m16:56:42≈[0m[38;2;242;242;242;48;2;15;15;15m [0m[38;2;242;242;242;48;2;15;15;15m [0m[38;2;163;163;163;48;2;15;15;15m0xb899…2115[0m[38;2;242;242;242;48;2;15;15;15m [0m[38;2;242;242;242;48;2;15;15;15m BIP            [0m[38;2;242;242;242;48;2;15;15;15m [0m[38;2;163;163;163;48;2;15;15;15m→[0m[38;2;242;242;242;48;2;15;15;15m [0m[38;2;242;242;242;48;2;15;15;15m RBNHD          [0m[38;2;242;242;242;48;2;15;15;15m [0m[38;2;163;163;163;48;2;15;15;15m3m46s[0m[38;2;242;242;242;48;2;15;15;15m    [0m[38;2;242;242;242;48;2;15;15;15m clean     [0m[38;2;242;242;242;48;2;15;15;15m                         [0m[19;109H
[20;1H[38;2;242;242;242;48;2;15;15;15m [0m[38;2;255;51;68;48;2;15;15;15m [0m[38;2;242;242;242;48;2;15;15;15m [0m[38;2;242;242;242;48;2;15;15;15m [0m[38;2;163;163;163;48;2;15;15;15m16:56:42≈[0m[38;2;242;242;242;48;2;15;15;15m [0m[38;2;242;242;242;48;2;15;15;15m [0m[38;2;163;163;163;48;2;15;15;15m0x4fc0…642b[0m[38;2;242;242;242;48;2;15;15;15m [0m[38;2;242;242;242;48;2;15;15;15m BUILDING       [0m[38;2;242;242;242;48;2;15;15;15m [0m[38;2;163;163;163;48;2;15;15;15m→[0m[38;2;242;242;242;48;2;15;15;15m [0m[38;2;242;242;242;48;2;15;15;15m RBNHD          [0m[38;2;242;242;242;48;2;15;15;15m [0m[38;2;163;163;163;48;2;15;15;15m1m23s[0m[38;2;242;242;242;48;2;15;15;15m    [0m[38;2;242;242;242;48;2;15;15;15m clean     [0m[38;2;242;242;242;48;2;15;15;15m                         [0m[20;109H
[21;1H[38;2;242;242;242;48;2;15;15;15m [0m[38;2;255;51;68;48;2;15;15;15m [0m[38;2;242;242;242;48;2;15;15;15m [0m[38;2;242;242;242;48;2;15;15;15m [0m[38;2;163;163;163;48;2;15;15;15m16:56:42≈[0m[38;2;242;242;242;48;2;15;15;15m [0m[38;2;242;242;242;48;2;15;15;15m [0m[38;2;163;163;163;48;2;15;15;15m0xc817…2df2[0m[38;2;242;242;242;48;2;15;15;15m [0m[38;2;242;242;242;48;2;15;15;15m BUILDING       [0m[38;2;242;242;242;48;2;15;15;15m [0m[38;2;163;163;163;48;2;15;15;15m→[0m[38;2;242;242;242;48;2;15;15;15m [0m[38;2;242;242;242;48;2;15;15;15m RBNHD          [0m[38;2;242;242;242;48;2;15;15;15m [0m[38;2;163;163;163;48;2;15;15;15m1m23s[0m[38;2;242;242;242;48;2;15;15;15m    [0m[38;2;242;242;242;48;2;15;15;15m clean     [0m[38;2;242;242;242;48;2;15;15;15m                         [0m[21;109H
[22;1H[38;2;242;242;242;48;2;15;15;15m [0m[38;2;255;51;68;48;2;15;15;15m [0m[38;2;242;242;242;48;2;15;15;15m [0m[38;2;242;242;242;48;2;15;15;15m [0m[38;2;163;163;163;48;2;15;15;15m16:56:42≈[0m[38;2;242;242;242;48;2;15;15;15m [0m[38;2;242;242;242;48;2;15;15;15m [0m[38;2;163;163;163;48;2;15;15;15m0xa869…da87[0m[38;2;242;242;242;48;2;15;15;15m [0m[38;2;242;242;242;48;2;15;15;15m BUILDING       [0m[38;2;242;242;242;48;2;15;15;15m [0m[38;2;163;163;163;48;2;15;15;15m→[0m[38;2;242;242;242;48;2;15;15;15m [0m[38;2;242;242;242;48;2;15;15;15m RBNHD          [0m[38;2;242;242;242;48;2;15;15;15m [0m[38;2;163;163;163;48;2;15;15;15m1m07s[0m[38;2;242;242;242;48;2;15;15;15m    [0m[38;2;242;242;242;48;2;15;15;15m clean     [0m[38;2;242;242;242;48;2;15;15;15m                         [0m[22;109H
[23;1H[38;2;242;242;242;48;2;15;15;15m [0m[38;2;255;51;68;48;2;15;15;15m [0m[38;2;242;242;242;48;2;15;15;15m [0m[38;2;242;242;242;48;2;15;15;15m [0m[38;2;163;163;163;48;2;15;15;15m16:56:43≈[0m[38;2;242;242;242;48;2;15;15;15m [0m[38;2;242;242;242;48;2;15;15;15m [0m[38;2;163;163;163;48;2;15;15;15m0xe0be…4d2b[0m[38;2;242;242;242;48;2;15;15;15m [0m[38;2;242;242;242;48;2;15;15;15m ALTEREGO       [0m[38;2;242;242;242;48;2;15;15;15m [0m[38;2;163;163;163;48;2;15;15;15m→[0m[38;2;242;242;242;48;2;15;15;15m [0m[38;2;242;242;242;48;2;15;15;15m BUILDING       [0m[38;2;242;242;242;48;2;15;15;15m [0m[38;2;163;163;163;48;2;15;15;15m23m17s[0m[38;2;242;242;242;48;2;15;15;15m   [0m[38;2;242;242;242;48;2;15;15;15m clean     [0m[38;2;242;242;242;48;2;15;15;15m                         [0m[23;109H
[24;1H[38;2;242;242;242;48;2;15;15;15m [0m[38;2;255;51;68;48;2;15;15;15m [0m[38;2;242;242;242;48;2;15;15;15m [0m[38;2;242;242;242;48;2;15;15;15m [0m[38;2;163;163;163;48;2;15;15;15m16:56:43≈[0m[38;2;242;242;242;48;2;15;15;15m [0m[38;2;242;242;242;48;2;15;15;15m [0m[38;2;163;163;163;48;2;15;15;15m0x53e5…c5dc[0m[38;2;242;242;242;48;2;15;15;15m [0m[38;2;242;242;242;48;2;15;15;15m BIP            [0m[38;2;242;242;242;48;2;15;15;15m [0m[38;2;163;163;163;48;2;15;15;15m→[0m[38;2;242;242;242;48;2;15;15;15m [0m[38;2;242;242;242;48;2;15;15;15m RBNHD          [0m[38;2;242;242;242;48;2;15;15;15m [0m[38;2;163;163;163;48;2;15;15;15m3m47s[0m[38;2;242;242;242;48;2;15;15;15m    [0m[38;2;242;242;242;48;2;15;15;15m clean     [0m[38;2;242;242;242;48;2;15;15;15m                         [0m[24;109H
[25;1H[38;2;242;242;242;48;2;15;15;15m [0m[38;2;255;51;68;48;2;15;15;15m [0m[38;2;242;242;242;48;2;15;15;15m [0m[38;2;242;242;242;48;2;15;15;15m [0m[38;2;163;163;163;48;2;15;15;15m16:56:43≈[0m[38;2;242;242;242;48;2;15;15;15m [0m[38;2;242;242;242;48;2;15;15;15m [0m[38;2;163;163;163;48;2;15;15;15m0x53e5…c5dc[0m[38;2;242;242;242;48;2;15;15;15m [0m[38;2;242;242;242;48;2;15;15;15m BIP            [0m[38;2;242;242;242;48;2;15;15;15m [0m[38;2;163;163;163;48;2;15;15;15m→[0m[38;2;242;242;242;48;2;15;15;15m [0m[38;2;242;242;242;48;2;15;15;15m RBNHD          [0m[38;2;242;242;242;48;2;15;15;15m [0m[38;2;163;163;163;48;2;15;15;15m3m47s[0m[38;2;242;242;242;48;2;15;15;15m    [0m[38;2;242;242;242;48;2;15;15;15m clean     [0m[38;2;242;242;242;48;2;15;15;15m                         [0m[25;109H
[26;1H[38;2;242;242;242;48;2;15;15;15m [0m[38;2;255;51;68;48;2;15;15;15m [0m[38;2;242;242;242;48;2;15;15;15m [0m[38;2;242;242;242;48;2;15;15;15m [0m[38;2;163;163;163;48;2;15;15;15m16:56:43≈[0m[38;2;242;242;242;48;2;15;15;15m [0m[38;2;242;242;242;48;2;15;15;15m [0m[38;2;163;163;163;48;2;15;15;15m0x3ceb…f063[0m[38;2;242;242;242;48;2;15;15;15m [0m[38;2;242;242;242;48;2;15;15;15m BIP            [0m[38;2;242;242;242;48;2;15;15;15m [0m[38;2;163;163;163;48;2;15;15;15m→[0m[38;2;242;242;242;48;2;15;15;15m [0m[38;2;242;242;242;48;2;15;15;15m RBNHD          [0m[38;2;242;242;242;48;2;15;15;15m [0m[38;2;163;163;163;48;2;15;15;15m3m47s[0m[38;2;242;242;242;48;2;15;15;15m    [0m[38;2;242;242;242;48;2;15;15;15m clean     [0m[38;2;242;242;242;48;2;15;15;15m                         [0m[26;109H
[27;1H[38;2;242;242;242;48;2;15;15;15m [0m[38;2;255;51;68;48;2;15;15;15m [0m[38;2;242;242;242;48;2;15;15;15m [0m[38;2;242;242;242;48;2;15;15;15m [0m[38;2;163;163;163;48;2;15;15;15m16:56:43≈[0m[38;2;242;242;242;48;2;15;15;15m [0m[38;2;242;242;242;48;2;15;15;15m [0m[38;2;163;163;163;48;2;15;15;15m0xa13c…ad9d[0m[38;2;242;242;242;48;2;15;15;15m [0m[38;2;242;242;242;48;2;15;15;15m BIP            [0m[38;2;242;242;242;48;2;15;15;15m [0m[38;2;163;163;163;48;2;15;15;15m→[0m[38;2;242;242;242;48;2;15;15;15m [0m[38;2;242;242;242;48;2;15;15;15m RBNHD          [0m[38;2;242;242;242;48;2;15;15;15m [0m[38;2;163;163;163;48;2;15;15;15m3m47s[0m[38;2;242;242;242;48;2;15;15;15m    [0m[38;2;242;242;242;48;2;15;15;15m clean     [0m[38;2;242;242;242;48;2;15;15;15m                         [0m[27;109H
[28;1H[38;2;242;242;242;48;2;15;15;15m [0m[38;2;255;51;68;48;2;15;15;15m [0m[38;2;242;242;242;48;2;15;15;15m [0m[38;2;242;242;242;48;2;15;15;15m [0m[38;2;163;163;163;48;2;15;15;15m16:56:43≈[0m[38;2;242;242;242;48;2;15;15;15m [0m[38;2;242;242;242;48;2;15;15;15m [0m[38;2;163;163;163;48;2;15;15;15m0xa13c…ad9d[0m[38;2;242;242;242;48;2;15;15;15m [0m[38;2;242;242;242;48;2;15;15;15m BIP            [0m[38;2;242;242;242;48;2;15;15;15m [0m[38;2;163;163;163;48;2;15;15;15m→[0m[38;2;242;242;242;48;2;15;15;15m [0m[38;2;242;242;242;48;2;15;15;15m RBNHD          [0m[38;2;242;242;242;48;2;15;15;15m [0m[38;2;163;163;163;48;2;15;15;15m3m47s[0m[38;2;242;242;242;48;2;15;15;15m    [0m[38;2;242;242;242;48;2;15;15;15m clean     [0m[38;2;242;242;242;48;2;15;15;15m                         [0m[28;109H
[29;1H[38;2;242;242;242;48;2;15;15;15m [0m[38;2;255;51;68;48;2;15;15;15m [0m[38;2;242;242;242;48;2;15;15;15m [0m[38;2;242;242;242;48;2;15;15;15m [0m[38;2;163;163;163;48;2;15;15;15m16:56:43≈[0m[38;2;242;242;242;48;2;15;15;15m [0m[38;2;242;242;242;48;2;15;15;15m [0m[38;2;163;163;163;48;2;15;15;15m0xa13c…ad9d[0m[38;2;242;242;242;48;2;15;15;15m [0m[38;2;242;242;242;48;2;15;15;15m BIP            [0m[38;2;242;242;242;48;2;15;15;15m [0m[38;2;163;163;163;48;2;15;15;15m→[0m[38;2;242;242;242;48;2;15;15;15m [0m[38;2;242;242;242;48;2;15;15;15m RBNHD          [0m[38;2;242;242;242;48;2;15;15;15m [0m[38;2;163;163;163;48;2;15;15;15m3m47s[0m[38;2;242;242;242;48;2;15;15;15m    [0m[38;2;242;242;242;48;2;15;15;15m clean     [0m[38;2;242;242;242;48;2;15;15;15m                         [0m[29;109H
[30;1H[38;2;242;242;242;48;2;15;15;15m [0m[38;2;255;51;68;48;2;15;15;15m [0m[38;2;242;242;242;48;2;15;15;15m [0m[38;2;242;242;242;48;2;15;15;15m [0m[38;2;163;163;163;48;2;15;15;15m16:56:43≈[0m[38;2;242;242;242;48;2;15;15;15m [0m[38;2;242;242;242;48;2;15;15;15m [0m[38;2;163;163;163;48;2;15;15;15m0xa13c…ad9d[0m[38;2;242;242;242;48;2;15;15;15m [0m[38;2;242;242;242;48;2;15;15;15m BIP            [0m[38;2;242;242;242;48;2;15;15;15m [0m[38;2;163;163;163;48;2;15;15;15m→[0m[38;2;242;242;242;48;2;15;15;15m [0m[38;2;242;242;242;48;2;15;15;15m RBNHD          [0m[38;2;242;242;242;48;2;15;15;15m [0m[38;2;163;163;163;48;2;15;15;15m3m47s[0m[38;2;242;242;242;48;2;15;15;15m    [0m[38;2;242;242;242;48;2;15;15;15m clean     [0m[38;2;242;242;242;48;2;15;15;15m                         [0m[30;109H
[31;1H[38;2;242;242;242;48;2;15;15;15m [0m[38;2;255;51;68;48;2;15;15;15m [0m[38;2;242;242;242;48;2;15;15;15m [0m[38;2;242;242;242;48;2;15;15;15m [0m[38;2;163;163;163;48;2;15;15;15m16:56:43≈[0m[38;2;242;242;242;48;2;15;15;15m [0m[38;2;242;242;242;48;2;15;15;15m [0m[38;2;163;163;163;48;2;15;15;15m0xb899…2115[0m[38;2;242;242;242;48;2;15;15;15m [0m[38;2;242;242;242;48;2;15;15;15m BIP            [0m[38;2;242;242;242;48;2;15;15;15m [0m[38;2;163;163;163;48;2;15;15;15m→[0m[38;2;242;242;242;48;2;15;15;15m [0m[38;2;242;242;242;48;2;15;15;15m RBNHD          [0m[38;2;242;242;242;48;2;15;15;15m [0m[38;2;163;163;163;48;2;15;15;15m3m47s[0m[38;2;242;242;242;48;2;15;15;15m    [0m[38;2;242;242;242;48;2;15;15;15m clean     [0m[38;2;242;242;242;48;2;15;15;15m                         [0m[31;109H
[32;1H[38;2;242;242;242;48;2;15;15;15m [0m[38;2;255;51;68;48;2;15;15;15m [0m[38;2;242;242;242;48;2;15;15;15m [0m[38;2;242;242;242;48;2;15;15;15m [0m[38;2;163;163;163;48;2;15;15;15m16:56:43≈[0m[38;2;242;242;242;48;2;15;15;15m [0m[38;2;242;242;242;48;2;15;15;15m [0m[38;2;163;163;163;48;2;15;15;15m0xb899…2115[0m[38;2;242;242;242;48;2;15;15;15m [0m[38;2;242;242;242;48;2;15;15;15m BIP            [0m[38;2;242;242;242;48;2;15;15;15m [0m[38;2;163;163;163;48;2;15;15;15m→[0m[38;2;242;242;242;48;2;15;15;15m [0m[38;2;242;242;242;48;2;15;15;15m RBNHD          [0m[38;2;242;242;242;48;2;15;15;15m [0m[38;2;163;163;163;48;2;15;15;15m3m47s[0m[38;2;242;242;242;48;2;15;15;15m    [0m[38;2;242;242;242;48;2;15;15;15m clean     [0m[38;2;242;242;242;48;2;15;15;15m                         [0m[32;109H
[33;1H[38;2;242;242;242;48;2;15;15;15m [0m[38;2;255;51;68;48;2;15;15;15m [0m[38;2;242;242;242;48;2;15;15;15m [0m[38;2;242;242;242;48;2;15;15;15m [0m[38;2;163;163;163;48;2;15;15;15m16:56:44≈[0m[38;2;242;242;242;48;2;15;15;15m [0m[38;2;242;242;242;48;2;15;15;15m [0m[38;2;163;163;163;48;2;15;15;15m0xd0f4…4ccc[0m[38;2;242;242;242;48;2;15;15;15m [0m[38;2;242;242;242;48;2;15;15;15m ALTEREGO       [0m[38;2;242;242;242;48;2;15;15;15m [0m[38;2;163;163;163;48;2;15;15;15m→[0m[38;2;242;242;242;48;2;15;15;15m [0m[38;2;242;242;242;48;2;15;15;15m BUILDING       [0m[38;2;242;242;242;48;2;15;15;15m [0m[38;2;163;163;163;48;2;15;15;15m23m21s[0m[38;2;242;242;242;48;2;15;15;15m   [0m[38;2;242;242;242;48;2;15;15;15m clean     [0m[38;2;242;242;242;48;2;15;15;15m                         [0m[33;109H
[34;1H[38;2;242;242;242;48;2;15;15;15m [0m[38;2;255;51;68;48;2;15;15;15m [0m[38;2;242;242;242;48;2;15;15;15m [0m[38;2;242;242;242;48;2;15;15;15m [0m[38;2;163;163;163;48;2;15;15;15m16:56:44≈[0m[38;2;242;242;242;48;2;15;15;15m [0m[38;2;242;242;242;48;2;15;15;15m [0m[38;2;163;163;163;48;2;15;15;15m0x54d8…b87a[0m[38;2;242;242;242;48;2;15;15;15m [0m[38;2;242;242;242;48;2;15;15;15m NATIPONS       [0m[38;2;242;242;242;48;2;15;15;15m [0m[38;2;163;163;163;48;2;15;15;15m→[0m[38;2;242;242;242;48;2;15;15;15m [0m[38;2;242;242;242;48;2;15;15;15m BUILDING       [0m[38;2;242;242;242;48;2;15;15;15m [0m[38;2;163;163;163;48;2;15;15;15m20m45s[0m[38;2;242;242;242;48;2;15;15;15m   [0m[38;2;242;242;242;48;2;15;15;15m clean     [0m[38;2;242;242;242;48;2;15;15;15m                         [0m[34;109H
[35;1H[38;2;242;242;242;48;2;15;15;15m [0m[38;2;255;51;68;48;2;15;15;15m [0m[38;2;242;242;242;48;2;15;15;15m [0m[38;2;242;242;242;48;2;15;15;15m [0m[38;2;163;163;163;48;2;15;15;15m16:56:44≈[0m[38;2;242;242;242;48;2;15;15;15m [0m[38;2;242;242;242;48;2;15;15;15m [0m[38;2;163;163;163;48;2;15;15;15m0x7086…6d5f[0m[38;2;242;242;242;48;2;15;15;15m [0m[38;2;242;242;242;48;2;15;15;15m EDEN           [0m[38;2;242;242;242;48;2;15;15;15m [0m[38;2;163;163;163;48;2;15;15;15m→[0m[38;2;242;242;242;48;2;15;15;15m [0m[38;2;242;242;242;48;2;15;15;15m PONSLAB        [0m[38;2;242;242;242;48;2;15;15;15m [0m[38;2;163;163;163;48;2;15;15;15m14m00s[0m[38;2;242;242;242;48;2;15;15;15m   [0m[38;2;242;242;242;48;2;15;15;15m clean     [0m[38;2;242;242;242;48;2;15;15;15m                         [0m[35;109H
[36;1H[38;2;242;242;242;48;2;15;15;15m [0m[38;2;255;51;68;48;2;15;15;15m [0m[38;2;242;242;242;48;2;15;15;15m [0m[38;2;242;242;242;48;2;15;15;15m [0m[38;2;163;163;163;48;2;15;15;15m16:56:44≈[0m[38;2;242;242;242;48;2;15;15;15m [0m[38;2;242;242;242;48;2;15;15;15m [0m[38;2;163;163;163;48;2;15;15;15m0x11d2…eeb9[0m[38;2;242;242;242;48;2;15;15;15m [0m[38;2;242;242;242;48;2;15;15;15m RMD            [0m[38;2;242;242;242;48;2;15;15;15m [0m[38;2;163;163;163;48;2;15;15;15m→[0m[38;2;242;242;242;48;2;15;15;15m [0m[38;2;242;242;242;48;2;15;15;15m BUILDING       [0m[38;2;242;242;242;48;2;15;15;15m [0m[38;2;163;163;163;48;2;15;15;15m3m36s[0m[38;2;242;242;242;48;2;15;15;15m    [0m[38;2;242;242;242;48;2;15;15;15m clean     [0m[38;2;242;242;242;48;2;15;15;15m                         [0m[36;109H
[37;1H[38;2;242;242;242;48;2;15;15;15m [0m[38;2;255;51;68;48;2;15;15;15m [0m[38;2;242;242;242;48;2;15;15;15m [0m[38;2;242;242;242;48;2;15;15;15m [0m[38;2;163;163;163;48;2;15;15;15m16:56:45≈[0m[38;2;242;242;242;48;2;15;15;15m [0m[38;2;242;242;242;48;2;15;15;15m [0m[38;2;163;163;163;48;2;15;15;15m0x8f8e…37d0[0m[38;2;242;242;242;48;2;15;15;15m [0m[38;2;242;242;242;48;2;15;15;15m CAT            [0m[38;2;242;242;242;48;2;15;15;15m [0m[38;2;163;163;163;48;2;15;15;15m→[0m[38;2;242;242;242;48;2;15;15;15m [0m[38;2;242;242;242;48;2;15;15;15m RBNHD          [0m[38;2;242;242;242;48;2;15;15;15m [0m[38;2;163;163;163;48;2;15;15;15m26m17s[0m[38;2;242;242;242;48;2;15;15;15m   [0m[38;2;242;242;242;48;2;15;15;15m clean     [0m[38;2;242;242;242;48;2;15;15;15m                         [0m[37;109H
[38;1H[38;2;242;242;242;48;2;15;15;15m [0m[38;2;255;51;68;48;2;15;15;15m [0m[38;2;242;242;242;48;2;15;15;15m [0m[38;2;242;242;242;48;2;15;15;15m [0m[38;2;163;163;163;48;2;15;15;15m16:56:45≈[0m[38;2;242;242;242;48;2;15;15;15m [0m[38;2;242;242;242;48;2;15;15;15m [0m[38;2;163;163;163;48;2;15;15;15m0x0ca3…05b0[0m[38;2;242;242;242;48;2;15;15;15m [0m[38;2;242;242;242;48;2;15;15;15m GME2           [0m[38;2;242;242;242;48;2;15;15;15m [0m[38;2;163;163;163;48;2;15;15;15m→[0m[38;2;242;242;242;48;2;15;15;15m [0m[38;2;242;242;242;48;2;15;15;15m BUILDING       [0m[38;2;242;242;242;48;2;15;15;15m [0m[38;2;163;163;163;48;2;15;15;15m25m54s[0m[38;2;242;242;242;48;2;15;15;15m   [0m[38;2;242;242;242;48;2;15;15;15m clean     [0m[38;2;242;242;242;48;2;15;15;15m                         [0m[38;109H
[40;1H[48;2;5;5;5m [0m[38;2;163;163;163;48;2;5;5;5mHOT ROTATIONS · distinct wallets, last 30m00s[0m[48;2;5;5;5m                                                             [0m[48;2;5;5;5m [0m[40;109H
[40;111H[38;2;163;163;163;48;2;5;5;5mACTIVITY · observed sequences per 60s bucket · 30 buckets[0m[48;2;5;5;5m            [0m[40;180H
[41;1H[48;2;5;5;5m [0m[1;38;2;242;242;242;48;2;5;5;5m  54 [0m[38;2;242;242;242;48;2;5;5;5mPiecoin      → TruffleHog  [0m[38;2;163;163;163;48;2;5;5;5m  883 seq[0m[48;2;5;5;5m                                                                 [0m[48;2;5;5;5m [0m[41;109H
[41;111H[38;2;252;52;68;48;2;5;5;5m▇[0m[38;2;252;52;68;48;2;5;5;5m▇[0m[38;2;252;52;68;48;2;5;5;5m▇[0m[38;2;242;242;242;48;2;5;5;5m [0m[38;2;242;242;242;48;2;5;5;5m [0m[38;2;242;242;242;48;2;5;5;5m [0m[38;2;242;242;242;48;2;5;5;5m [0m[38;2;212;70;82;48;2;5;5;5m▁[0m[38;2;212;70;82;48;2;5;5;5m▁[0m[38;2;212;70;82;48;2;5;5;5m▁[0m[38;2;242;242;242;48;2;5;5;5m [0m[38;2;242;242;242;48;2;5;5;5m [0m[38;2;216;69;81;48;2;5;5;5m▁[0m[38;2;216;69;81;48;2;5;5;5m▁[0m[38;2;242;242;242;48;2;5;5;5m [0m[38;2;242;242;242;48;2;5;5;5m [0m[38;2;242;242;242;48;2;5;5;5m [0m[38;2;242;242;242;48;2;5;5;5m [0m[38;2;242;242;242;48;2;5;5;5m [0m[38;2;242;242;242;48;2;5;5;5m [0m[38;2;242;242;242;48;2;5;5;5m [0m[38;2;242;242;242;48;2;5;5;5m [0m[38;2;242;242;242;48;2;5;5;5m [0m[38;2;242;242;242;48;2;5;5;5m [0m[38;2;242;242;242;48;2;5;5;5m [0m[38;2;242;242;242;48;2;5;5;5m [0m[38;2;242;242;242;48;2;5;5;5m [0m[38;2;242;242;242;48;2;5;5;5m [0m[38;2;242;242;242;48;2;5;5;5m [0m[38;2;242;242;242;48;2;5;5;5m [0m[38;2;242;242;242;48;2;5;5;5m [0m[38;2;242;242;242;48;2;5;5;5m [0m[38;2;242;242;242;48;2;5;5;5m [0m[38;2;221;66;79;48;2;5;5;5m▂[0m[38;2;221;66;79;48;2;5;5;5m▂[0m[38;2;231;62;76;48;2;5;5;5m▄[0m[38;2;231;62;76;48;2;5;5;5m▄[0m[38;2;213;70;82;48;2;5;5;5m▁[0m[38;2;213;70;82;48;2;5;5;5m▁[0m[38;2;213;70;82;48;2;5;5;5m▁[0m[38;2;255;51;68;48;2;5;5;5m█[0m[38;2;255;51;68;48;2;5;5;5m█[0m[38;2;231;62;76;48;2;5;5;5m▄[0m[38;2;231;62;76;48;2;5;5;5m▄[0m[38;2;242;242;242;48;2;5;5;5m [0m[38;2;242;242;242;48;2;5;5;5m [0m[38;2;243;56;71;48;2;5;5;5m▆[0m[38;2;243;56;71;48;2;5;5;5m▆[0m[38;2;243;56;71;48;2;5;5;5m▆[0m[38;2;228;63;77;48;2;5;5;5m▃[0m[38;2;228;63;77;48;2;5;5;5m▃[0m[38;2;227;63;77;48;2;5;5;5m▃[0m[38;2;227;63;77;48;2;5;5;5m▃[0m[38;2;242;242;242;48;2;5;5;5m [0m[38;2;242;242;242;48;2;5;5;5m [0m[38;2;242;242;242;48;2;5;5;5m [0m[38;2;242;242;242;48;2;5;5;5m [0m[38;2;242;242;242;48;2;5;5;5m [0m[38;2;242;242;242;48;2;5;5;5m [0m[38;2;242;242;242;48;2;5;5;5m [0m[38;2;242;242;242;48;2;5;5;5m [0m[38;2;242;242;242;48;2;5;5;5m [0m[38;2;242;242;242;48;2;5;5;5m [0m[38;2;242;242;242;48;2;5;5;5m [0m[38;2;242;242;242;48;2;5;5;5m [0m[38;2;242;242;242;48;2;5;5;5m [0m[38;2;242;242;242;48;2;5;5;5m [0m[38;2;242;242;242;48;2;5;5;5m [0m[38;2;242;242;242;48;2;5;5;5m [0m[41;180H
[42;1H[48;2;5;5;5m [0m[1;38;2;242;242;242;48;2;5;5;5m  37 [0m[38;2;242;242;242;48;2;5;5;5mPUCHATO      → STEPPER     [0m[38;2;163;163;163;48;2;5;5;5m  37 seq[0m[48;2;5;5;5m                                                                  [0m[48;2;5;5;5m [0m[42;109H
[42;111H[38;2;252;52;68;48;2;5;5;5m█[0m[38;2;252;52;68;48;2;5;5;5m█[0m[38;2;252;52;68;48;2;5;5;5m█[0m[38;2;207;73;84;48;2;5;5;5m█[0m[38;2;207;73;84;48;2;5;5;5m█[0m[38;2;207;73;84;48;2;5;5;5m█[0m[38;2;207;73;84;48;2;5;5;5m█[0m[38;2;212;70;82;48;2;5;5;5m█[0m[38;2;212;70;82;48;2;5;5;5m█[0m[38;2;212;70;82;48;2;5;5;5m█[0m[38;2;199;76;87;48;2;5;5;5m▆[0m[38;2;199;76;87;48;2;5;5;5m▆[0m[38;2;216;69;81;48;2;5;5;5m█[0m[38;2;216;69;81;48;2;5;5;5m█[0m[38;2;202;75;86;48;2;5;5;5m▇[0m[38;2;202;75;86;48;2;5;5;5m▇[0m[38;2;202;75;86;48;2;5;5;5m▇[0m[38;2;191;80;90;48;2;5;5;5m▅[0m[38;2;191;80;90;48;2;5;5;5m▅[0m[38;2;175;88;95;48;2;5;5;5m▂[0m[38;2;175;88;95;48;2;5;5;5m▂[0m[38;2;201;76;86;48;2;5;5;5m▇[0m[38;2;201;76;86;48;2;5;5;5m▇[0m[38;2;181;85;93;48;2;5;5;5m▃[0m[38;2;181;85;93;48;2;5;5;5m▃[0m[38;2;181;85;93;48;2;5;5;5m▃[0m[38;2;200;76;86;48;2;5;5;5m▇[0m[38;2;200;76;86;48;2;5;5;5m▇[0m[38;2;201;76;86;48;2;5;5;5m▇[0m[38;2;201;76;86;48;2;5;5;5m▇[0m[38;2;204;74;85;48;2;5;5;5m▇[0m[38;2;204;74;85;48;2;5;5;5m▇[0m[38;2;204;74;85;48;2;5;5;5m▇[0m[38;2;221;66;79;48;2;5;5;5m█[0m[38;2;221;66;79;48;2;5;5;5m█[0m[38;2;231;62;76;48;2;5;5;5m█[0m[38;2;231;62;76;48;2;5;5;5m█[0m[38;2;213;70;82;48;2;5;5;5m█[0m[38;2;213;70;82;48;2;5;5;5m█[0m[38;2;213;70;82;48;2;5;5;5m█[0m[38;2;255;51;68;48;2;5;5;5m█[0m[38;2;255;51;68;48;2;5;5;5m█[0m[38;2;231;62;76;48;2;5;5;5m█[0m[38;2;231;62;76;48;2;5;5;5m█[0m[38;2;194;79;88;48;2;5;5;5m▅[0m[38;2;194;79;88;48;2;5;5;5m▅[0m[38;2;243;56;71;48;2;5;5;5m█[0m[38;2;243;56;71;48;2;5;5;5m█[0m[38;2;243;56;71;48;2;5;5;5m█[0m[38;2;228;63;77;48;2;5;5;5m█[0m[38;2;228;63;77;48;2;5;5;5m█[0m[38;2;227;63;77;48;2;5;5;5m█[0m[38;2;227;63;77;48;2;5;5;5m█[0m[38;2;176;87;95;48;2;5;5;5m▂[0m[38;2;176;87;95;48;2;5;5;5m▂[0m[38;2;176;87;95;48;2;5;5;5m▂[0m[38;2;242;242;242;48;2;5;5;5m [0m[38;2;242;242;242;48;2;5;5;5m [0m[38;2;242;242;242;48;2;5;5;5m [0m[38;2;242;242;242;48;2;5;5;5m [0m[38;2;242;242;242;48;2;5;5;5m [0m[38;2;242;242;242;48;2;5;5;5m [0m[38;2;242;242;242;48;2;5;5;5m [0m[38;2;242;242;242;48;2;5;5;5m [0m[38;2;242;242;242;48;2;5;5;5m [0m[38;2;242;242;242;48;2;5;5;5m [0m[38;2;242;242;242;48;2;5;5;5m [0m[38;2;242;242;242;48;2;5;5;5m [0m[38;2;242;242;242;48;2;5;5;5m [0m[42;180H
[43;1H[48;2;5;5;5m [0m[1;38;2;242;242;242;48;2;5;5;5m  29 [0m[38;2;242;242;242;48;2;5;5;5megregore     → credit      [0m[38;2;163;163;163;48;2;5;5;5m  176 seq[0m[48;2;5;5;5m                                                                 [0m[48;2;5;5;5m [0m[43;109H
[43;111H[38;2;252;52;68;48;2;5;5;5m█[0m[38;2;252;52;68;48;2;5;5;5m█[0m[38;2;252;52;68;48;2;5;5;5m█[0m[38;2;207;73;84;48;2;5;5;5m█[0m[38;2;207;73;84;48;2;5;5;5m█[0m[38;2;207;73;84;48;2;5;5;5m█[0m[38;2;207;73;84;48;2;5;5;5m█[0m[38;2;212;70;82;48;2;5;5;5m█[0m[38;2;212;70;82;48;2;5;5;5m█[0m[38;2;212;70;82;48;2;5;5;5m█[0m[38;2;199;76;87;48;2;5;5;5m█[0m[38;2;199;76;87;48;2;5;5;5m█[0m[38;2;216;69;81;48;2;5;5;5m█[0m[38;2;216;69;81;48;2;5;5;5m█[0m[38;2;202;75;86;48;2;5;5;5m█[0m[38;2;202;75;86;48;2;5;5;5m█[0m[38;2;202;75;86;48;2;5;5;5m█[0m[38;2;191;80;90;48;2;5;5;5m█[0m[38;2;191;80;90;48;2;5;5;5m█[0m[38;2;175;88;95;48;2;5;5;5m█[0m[38;2;175;88;95;48;2;5;5;5m█[0m[38;2;201;76;86;48;2;5;5;5m█[0m[38;2;201;76;86;48;2;5;5;5m█[0m[38;2;181;85;93;48;2;5;5;5m█[0m[38;2;181;85;93;48;2;5;5;5m█[0m[38;2;181;85;93;48;2;5;5;5m█[0m[38;2;200;76;86;48;2;5;5;5m█[0m[38;2;200;76;86;48;2;5;5;5m█[0m[38;2;201;76;86;48;2;5;5;5m█[0m[38;2;201;76;86;48;2;5;5;5m█[0m[38;2;204;74;85;48;2;5;5;5m█[0m[38;2;204;74;85;48;2;5;5;5m█[0m[38;2;204;74;85;48;2;5;5;5m█[0m[38;2;221;66;79;48;2;5;5;5m█[0m[38;2;221;66;79;48;2;5;5;5m█[0m[38;2;231;62;76;48;2;5;5;5m█[0m[38;2;231;62;76;48;2;5;5;5m█[0m[38;2;213;70;82;48;2;5;5;5m█[0m[38;2;213;70;82;48;2;5;5;5m█[0m[38;2;213;70;82;48;2;5;5;5m█[0m[38;2;255;51;68;48;2;5;5;5m█[0m[38;2;255;51;68;48;2;5;5;5m█[0m[38;2;231;62;76;48;2;5;5;5m█[0m[38;2;231;62;76;48;2;5;5;5m█[0m[38;2;194;79;88;48;2;5;5;5m█[0m[38;2;194;79;88;48;2;5;5;5m█[0m[38;2;243;56;71;48;2;5;5;5m█[0m[38;2;243;56;71;48;2;5;5;5m█[0m[38;2;243;56;71;48;2;5;5;5m█[0m[38;2;228;63;77;48;2;5;5;5m█[0m[38;2;228;63;77;48;2;5;5;5m█[0m[38;2;227;63;77;48;2;5;5;5m█[0m[38;2;227;63;77;48;2;5;5;5m█[0m[38;2;176;87;95;48;2;5;5;5m█[0m[38;2;176;87;95;48;2;5;5;5m█[0m[38;2;176;87;95;48;2;5;5;5m█[0m[38;2;116;116;116;48;2;5;5;5m▁[0m[38;2;116;116;116;48;2;5;5;5m▁[0m[38;2;116;116;116;48;2;5;5;5m▁[0m[38;2;116;116;116;48;2;5;5;5m▁[0m[38;2;116;116;116;48;2;5;5;5m▁[0m[38;2;116;116;116;48;2;5;5;5m▁[0m[38;2;116;116;116;48;2;5;5;5m▁[0m[38;2;116;116;116;48;2;5;5;5m▁[0m[38;2;116;116;116;48;2;5;5;5m▁[0m[38;2;116;116;116;48;2;5;5;5m▁[0m[38;2;116;116;116;48;2;5;5;5m▁[0m[38;2;116;116;116;48;2;5;5;5m▁[0m[38;2;116;116;116;48;2;5;5;5m▁[0m[43;180H
[44;1H[48;2;5;5;5m [0m[1;38;2;242;242;242;48;2;5;5;5m  28 [0m[38;2;242;242;242;48;2;5;5;5mAUTON        → egregore    [0m[38;2;163;163;163;48;2;5;5;5m  289 seq[0m[48;2;5;5;5m                                                                 [0m[48;2;5;5;5m [0m[44;109H
[44;111H[38;2;163;163;163;48;2;5;5;5m16:56:41 → 17:26:41 UTC · peak 303/bucket · total 5000[0m[48;2;5;5;5m               [0m[44;180H
[45;1H[48;2;5;5;5m [0m[1;38;2;242;242;242;48;2;5;5;5m  25 [0m[38;2;242;242;242;48;2;5;5;5mRACE         → OPEN YIELD  [0m[38;2;163;163;163;48;2;5;5;5m  53 seq[0m[48;2;5;5;5m                                                                  [0m[48;2;5;5;5m [0m[45;109H
[46;1H[48;2;5;5;5m [0m[1;38;2;242;242;242;48;2;5;5;5m  23 [0m[38;2;242;242;242;48;2;5;5;5mEDEN         → egregore    [0m[38;2;163;163;163;48;2;5;5;5m  230 seq[0m[48;2;5;5;5m                                                                 [0m[48;2;5;5;5m [0m[46;109H
[47;1H[48;2;5;5;5m [0m[1;38;2;242;242;242;48;2;5;5;5m  23 [0m[38;2;242;242;242;48;2;5;5;5mRBNHD        → egregore    [0m[38;2;163;163;163;48;2;5;5;5m  260 seq[0m[48;2;5;5;5m                                                                 [0m[48;2;5;5;5m [0m[47;109H[2;5H[8;111H[1;38;2;242;242;242;48;2;5;5;5mPiecoin → TruffleHog[0m[48;2;5;5;5m                                                 [0m[8;180H
[9;1H[38;2;163;163;163;48;2;15;15;15m   [0m[38;2;163;163;163;48;2;15;15;15m TIME UTC  [0m[38;2;163;163;163;48;2;15;15;15m WALLET      [0m[38;2;163;163;163;48;2;15;15;15m SOLD           [0m[38;2;163;163;163;48;2;15;15;15m   [0m[38;2;163;163;163;48;2;15;15;15m BOUGHT         [0m[38;2;163;163;163;48;2;15;15;15m GAP      [0m[38;2;163;163;163;48;2;15;15;15m GRADE     [0m[38;2;163;163;163;48;2;15;15;15m                       [0m[9;107H[38;2;242;242;242;48;2;5;5;5m  [0m[9;109H
[9;111H[38;2;163;163;163;48;2;5;5;5m0x6c36…1a01 → 0x4ad5…7b08[0m[48;2;5;5;5m                                            [0m[9;180H
[10;1H[38;2;242;242;242;48;2;15;15;15m [0m[38;2;255;51;68;48;2;15;15;15m▌[0m[38;2;242;242;242;48;2;15;15;15m [0m[38;2;242;242;242;48;2;15;15;15m [0m[38;2;163;163;163;48;2;15;15;15m17:20:17≈[0m[38;2;242;242;242;48;2;15;15;15m [0m[38;2;242;242;242;48;2;15;15;15m [0m[38;2;163;163;163;48;2;15;15;15m0x3d4f…2124[0m[38;2;242;242;242;48;2;15;15;15m [0m[38;2;242;242;242;48;2;15;15;15m TVK            [0m[38;2;242;242;242;48;2;15;15;15m [0m[38;2;255;51;68;48;2;15;15;15m→[0m[38;2;242;242;242;48;2;15;15;15m [0m[38;2;242;242;242;48;2;15;15;15m SPOILS         [0m[38;2;242;242;242;48;2;15;15;15m [0m[38;2;163;163;163;48;2;15;15;15m16m13s[0m[38;2;242;242;242;48;2;15;15;15m   [0m[38;2;242;242;242;48;2;15;15;15m clean     [0m[38;2;242;242;242;48;2;15;15;15m                       [0m[10;107H[38;2;242;242;242;48;2;5;5;5m  [0m[10;109H
[10;111H[38;2;242;242;242;48;2;5;5;5m[0m[48;2;5;5;5m                                                                     [0m[10;180H
[11;1H[38;2;242;242;242;48;2;15;15;15m [0m[38;2;255;51;68;48;2;15;15;15m▌[0m[38;2;242;242;242;48;2;15;15;15m [0m[38;2;242;242;242;48;2;15;15;15m [0m[38;2;163;163;163;48;2;15;15;15m17:20:18≈[0m[38;2;242;242;242;48;2;15;15;15m [0m[38;2;242;242;242;48;2;15;15;15m [0m[38;2;163;163;163;48;2;15;15;15m0x7f63…3b42[0m[38;2;242;242;242;48;2;15;15;15m [0m[38;2;242;242;242;48;2;15;15;15m NSB            [0m[38;2;242;242;242;48;2;15;15;15m [0m[38;2;255;51;68;48;2;15;15;15m→[0m[38;2;242;242;242;48;2;15;15;15m [0m[38;2;242;242;242;48;2;15;15;15m PSA10          [0m[38;2;242;242;242;48;2;15;15;15m [0m[38;2;163;163;163;48;2;15;15;15m25m30s[0m[38;2;242;242;242;48;2;15;15;15m   [0m[38;2;242;242;242;48;2;15;15;15m clean     [0m[38;2;242;242;242;48;2;15;15;15m                       [0m[11;107H[38;2;242;242;242;48;2;5;5;5m  [0m[11;109H
[11;111H[38;2;242;242;242;48;2;5;5;5mwallet 0x9c13…dc8f[0m[48;2;5;5;5m                                                   [0m[11;180H
[12;1H[38;2;242;242;242;48;2;15;15;15m [0m[38;2;255;51;68;48;2;15;15;15m▌[0m[38;2;242;242;242;48;2;15;15;15m [0m[38;2;242;242;242;48;2;15;15;15m [0m[38;2;163;163;163;48;2;15;15;15m17:20:18≈[0m[38;2;242;242;242;48;2;15;15;15m [0m[38;2;242;242;242;48;2;15;15;15m [0m[38;2;163;163;163;48;2;15;15;15m0x0ff4…e303[0m[38;2;242;242;242;48;2;15;15;15m [0m[38;2;242;242;242;48;2;15;15;15m Piecoin        [0m[38;2;242;242;242;48;2;15;15;15m [0m[38;2;255;51;68;48;2;15;15;15m→[0m[38;2;242;242;242;48;2;15;15;15m [0m[38;2;242;242;242;48;2;15;15;15m TruffleHog     [0m[38;2;242;242;242;48;2;15;15;15m [0m[38;2;163;163;163;48;2;15;15;15m10m11s[0m[38;2;242;242;242;48;2;15;15;15m   [0m[38;2;242;242;242;48;2;15;15;15m clean     [0m[38;2;242;242;242;48;2;15;15;15m                       [0m[12;107H[38;2;242;242;242;48;2;5;5;5m  [0m[12;109H
[12;111H[38;2;163;163;163;48;2;5;5;5msold   17:10:08 UTC[0m[48;2;5;5;5m                                                  [0m[12;180H
[13;1H[38;2;242;242;242;48;2;15;15;15m [0m[38;2;255;51;68;48;2;15;15;15m▌[0m[38;2;242;242;242;48;2;15;15;15m [0m[38;2;242;242;242;48;2;15;15;15m [0m[38;2;163;163;163;48;2;15;15;15m17:20:18≈[0m[38;2;242;242;242;48;2;15;15;15m [0m[38;2;242;242;242;48;2;15;15;15m [0m[38;2;163;163;163;48;2;15;15;15m0xc047…47fb[0m[38;2;242;242;242;48;2;15;15;15m [0m[38;2;242;242;242;48;2;15;15;15m Piecoin        [0m[38;2;242;242;242;48;2;15;15;15m [0m[38;2;255;51;68;48;2;15;15;15m→[0m[38;2;242;242;242;48;2;15;15;15m [0m[38;2;242;242;242;48;2;15;15;15m TruffleHog     [0m[38;2;242;242;242;48;2;15;15;15m [0m[38;2;163;163;163;48;2;15;15;15m10m15s[0m[38;2;242;242;242;48;2;15;15;15m   [0m[38;2;242;242;242;48;2;15;15;15m clean     [0m[38;2;242;242;242;48;2;15;15;15m                       [0m[13;107H[38;2;242;242;242;48;2;5;5;5m  [0m[13;109H
[13;111H[38;2;163;163;163;48;2;5;5;5mbought 17:20:23≈ UTC · gap 10m16s · clean[0m[48;2;5;5;5m                            [0m[13;180H
[14;1H[38;2;242;242;242;48;2;15;15;15m [0m[38;2;255;51;68;48;2;15;15;15m▌[0m[38;2;242;242;242;48;2;15;15;15m [0m[38;2;242;242;242;48;2;15;15;15m [0m[38;2;163;163;163;48;2;15;15;15m17:20:18≈[0m[38;2;242;242;242;48;2;15;15;15m [0m[38;2;242;242;242;48;2;15;15;15m [0m[38;2;163;163;163;48;2;15;15;15m0xa214…165d[0m[38;2;242;242;242;48;2;15;15;15m [0m[38;2;242;242;242;48;2;15;15;15m WHLR           [0m[38;2;242;242;242;48;2;15;15;15m [0m[38;2;255;51;68;48;2;15;15;15m→[0m[38;2;242;242;242;48;2;15;15;15m [0m[38;2;242;242;242;48;2;15;15;15m CLUBY          [0m[38;2;242;242;242;48;2;15;15;15m [0m[38;2;163;163;163;48;2;15;15;15m4m35s[0m[38;2;242;242;242;48;2;15;15;15m    [0m[38;2;242;242;242;48;2;15;15;15m clean     [0m[38;2;242;242;242;48;2;15;15;15m                       [0m[14;107H[38;2;242;242;242;48;2;5;5;5m  [0m[14;109H
[14;111H[38;2;163;163;163;48;2;5;5;5msell tx 0xbdca…876c[0m[48;2;5;5;5m                                                  [0m[14;180H
[15;1H[38;2;242;242;242;48;2;15;15;15m [0m[38;2;255;51;68;48;2;15;15;15m▌[0m[38;2;242;242;242;48;2;15;15;15m [0m[38;2;242;242;242;48;2;15;15;15m [0m[38;2;163;163;163;48;2;15;15;15m17:20:19≈[0m[38;2;242;242;242;48;2;15;15;15m [0m[38;2;242;242;242;48;2;15;15;15m [0m[38;2;163;163;163;48;2;15;15;15m0xb513…00c5[0m[38;2;242;242;242;48;2;15;15;15m [0m[38;2;242;242;242;48;2;15;15;15m POOLED         [0m[38;2;242;242;242;48;2;15;15;15m [0m[38;2;255;51;68;48;2;15;15;15m→[0m[38;2;242;242;242;48;2;15;15;15m [0m[38;2;242;242;242;48;2;15;15;15m SSD5000        [0m[38;2;242;242;242;48;2;15;15;15m [0m[38;2;163;163;163;48;2;15;15;15m11m09s[0m[38;2;242;242;242;48;2;15;15;15m   [0m[38;2;242;242;242;48;2;15;15;15m clean     [0m[38;2;242;242;242;48;2;15;15;15m                       [0m[15;107H[38;2;242;242;242;48;2;5;5;5m  [0m[15;109H
[15;111H[38;2;163;163;163;48;2;5;5;5mbuy tx  0x783b…cfee[0m[48;2;5;5;5m                                                  [0m[15;180H
[16;1H[38;2;242;242;242;48;2;15;15;15m [0m[38;2;255;51;68;48;2;15;15;15m▌[0m[38;2;242;242;242;48;2;15;15;15m [0m[38;2;242;242;242;48;2;15;15;15m [0m[38;2;163;163;163;48;2;15;15;15m17:20:19≈[0m[38;2;242;242;242;48;2;15;15;15m [0m[38;2;242;242;242;48;2;15;15;15m [0m[38;2;163;163;163;48;2;15;15;15m0xa059…daf6[0m[38;2;242;242;242;48;2;15;15;15m [0m[38;2;242;242;242;48;2;15;15;15m Piecoin        [0m[38;2;242;242;242;48;2;15;15;15m [0m[38;2;255;51;68;48;2;15;15;15m→[0m[38;2;242;242;242;48;2;15;15;15m [0m[38;2;242;242;242;48;2;15;15;15m TruffleHog     [0m[38;2;242;242;242;48;2;15;15;15m [0m[38;2;163;163;163;48;2;15;15;15m10m16s[0m[38;2;242;242;242;48;2;15;15;15m   [0m[38;2;242;242;242;48;2;15;15;15m clean     [0m[38;2;242;242;242;48;2;15;15;15m                       [0m[16;107H[38;2;242;242;242;48;2;5;5;5m  [0m[16;109H
[16;111H[38;2;242;242;242;48;2;5;5;5m[0m[48;2;5;5;5m                                                                     [0m[16;180H
[17;1H[38;2;242;242;242;48;2;15;15;15m [0m[38;2;255;51;68;48;2;15;15;15m▌[0m[38;2;242;242;242;48;2;15;15;15m [0m[38;2;242;242;242;48;2;15;15;15m [0m[38;2;163;163;163;48;2;15;15;15m17:20:19[0m[38;2;242;242;242;48;2;15;15;15m  [0m[38;2;242;242;242;48;2;15;15;15m [0m[38;2;163;163;163;48;2;15;15;15m0x9c13…dc8f[0m[38;2;242;242;242;48;2;15;15;15m [0m[38;2;242;242;242;48;2;15;15;15m Piecoin        [0m[38;2;242;242;242;48;2;15;15;15m [0m[38;2;255;51;68;48;2;15;15;15m→[0m[38;2;242;242;242;48;2;15;15;15m [0m[38;2;242;242;242;48;2;15;15;15m TruffleHog     [0m[38;2;242;242;242;48;2;15;15;15m [0m[38;2;163;163;163;48;2;15;15;15m10m12s[0m[38;2;242;242;242;48;2;15;15;15m   [0m[38;2;242;242;242;48;2;15;15;15m clean     [0m[38;2;242;242;242;48;2;15;15;15m                       [0m[17;107H[38;2;242;242;242;48;2;5;5;5m  [0m[17;109H
[17;111H[38;2;116;116;116;48;2;5;5;5mEnter: all wallets on this pair[0m[48;2;5;5;5m                                      [0m[17;180H
[18;1H[38;2;242;242;242;48;2;15;15;15m [0m[38;2;255;51;68;48;2;15;15;15m▌[0m[38;2;242;242;242;48;2;15;15;15m [0m[38;2;242;242;242;48;2;15;15;15m [0m[38;2;163;163;163;48;2;15;15;15m17:20:20≈[0m[38;2;242;242;242;48;2;15;15;15m [0m[38;2;242;242;242;48;2;15;15;15m [0m[38;2;163;163;163;48;2;15;15;15m0xc643…1916[0m[38;2;242;242;242;48;2;15;15;15m [0m[38;2;242;242;242;48;2;15;15;15m credit         [0m[38;2;242;242;242;48;2;15;15;15m [0m[38;2;255;51;68;48;2;15;15;15m→[0m[38;2;242;242;242;48;2;15;15;15m [0m[38;2;242;242;242;48;2;15;15;15m Yo-yo          [0m[38;2;242;242;242;48;2;15;15;15m [0m[38;2;163;163;163;48;2;15;15;15m2m16s[0m[38;2;242;242;242;48;2;15;15;15m    [0m[38;2;242;242;242;48;2;15;15;15m clean     [0m[38;2;242;242;242;48;2;15;15;15m                       [0m[18;107H[38;2;242;242;242;48;2;5;5;5m  [0m[18;109H
[19;1H[38;2;242;242;242;48;2;15;15;15m [0m[38;2;255;51;68;48;2;15;15;15m▌[0m[38;2;242;242;242;48;2;15;15;15m [0m[38;2;242;242;242;48;2;15;15;15m [0m[38;2;163;163;163;48;2;15;15;15m17:20:20≈[0m[38;2;242;242;242;48;2;15;15;15m [0m[38;2;242;242;242;48;2;15;15;15m [0m[38;2;163;163;163;48;2;15;15;15m0xa4a6…3ec2[0m[38;2;242;242;242;48;2;15;15;15m [0m[38;2;242;242;242;48;2;15;15;15m TVK            [0m[38;2;242;242;242;48;2;15;15;15m [0m[38;2;255;51;68;48;2;15;15;15m→[0m[38;2;242;242;242;48;2;15;15;15m [0m[38;2;242;242;242;48;2;15;15;15m SPOILS         [0m[38;2;242;242;242;48;2;15;15;15m [0m[38;2;163;163;163;48;2;15;15;15m16m16s[0m[38;2;242;242;242;48;2;15;15;15m   [0m[38;2;242;242;242;48;2;15;15;15m clean     [0m[38;2;242;242;242;48;2;15;15;15m                       [0m[19;107H[38;2;242;242;242;48;2;5;5;5m  [0m[19;109H
[20;1H[38;2;242;242;242;48;2;15;15;15m [0m[38;2;255;51;68;48;2;15;15;15m▌[0m[38;2;242;242;242;48;2;15;15;15m [0m[38;2;242;242;242;48;2;15;15;15m [0m[38;2;163;163;163;48;2;15;15;15m17:20:20≈[0m[38;2;242;242;242;48;2;15;15;15m [0m[38;2;242;242;242;48;2;15;15;15m [0m[38;2;163;163;163;48;2;15;15;15m0xb4f5…7de4[0m[38;2;242;242;242;48;2;15;15;15m [0m[38;2;242;242;242;48;2;15;15;15m Piecoin        [0m[38;2;242;242;242;48;2;15;15;15m [0m[38;2;255;51;68;48;2;15;15;15m→[0m[38;2;242;242;242;48;2;15;15;15m [0m[38;2;242;242;242;48;2;15;15;15m TruffleHog     [0m[38;2;242;242;242;48;2;15;15;15m [0m[38;2;163;163;163;48;2;15;15;15m10m13s[0m[38;2;242;242;242;48;2;15;15;15m   [0m[38;2;242;242;242;48;2;15;15;15m clean     [0m[38;2;242;242;242;48;2;15;15;15m                       [0m[20;107H[38;2;242;242;242;48;2;5;5;5m  [0m[20;109H
[21;1H[38;2;242;242;242;48;2;15;15;15m [0m[38;2;255;51;68;48;2;15;15;15m▌[0m[38;2;242;242;242;48;2;15;15;15m [0m[38;2;242;242;242;48;2;15;15;15m [0m[38;2;163;163;163;48;2;15;15;15m17:20:20≈[0m[38;2;242;242;242;48;2;15;15;15m [0m[38;2;242;242;242;48;2;15;15;15m [0m[38;2;163;163;163;48;2;15;15;15m0x4f3b…ac13[0m[38;2;242;242;242;48;2;15;15;15m [0m[38;2;242;242;242;48;2;15;15;15m Piecoin        [0m[38;2;242;242;242;48;2;15;15;15m [0m[38;2;255;51;68;48;2;15;15;15m→[0m[38;2;242;242;242;48;2;15;15;15m [0m[38;2;242;242;242;48;2;15;15;15m TruffleHog     [0m[38;2;242;242;242;48;2;15;15;15m [0m[38;2;163;163;163;48;2;15;15;15m10m13s[0m[38;2;242;242;242;48;2;15;15;15m   [0m[38;2;242;242;242;48;2;15;15;15m clean     [0m[38;2;242;242;242;48;2;15;15;15m                       [0m[21;107H[38;2;242;242;242;48;2;5;5;5m  [0m[21;109H
[22;1H[38;2;242;242;242;48;2;15;15;15m [0m[38;2;255;51;68;48;2;15;15;15m▌[0m[38;2;242;242;242;48;2;15;15;15m [0m[38;2;242;242;242;48;2;15;15;15m [0m[38;2;163;163;163;48;2;15;15;15m17:20:20≈[0m[38;2;242;242;242;48;2;15;15;15m [0m[38;2;242;242;242;48;2;15;15;15m [0m[38;2;163;163;163;48;2;15;15;15m0x4f41…9031[0m[38;2;242;242;242;48;2;15;15;15m [0m[38;2;242;242;242;48;2;15;15;15m Piecoin        [0m[38;2;242;242;242;48;2;15;15;15m [0m[38;2;255;51;68;48;2;15;15;15m→[0m[38;2;242;242;242;48;2;15;15;15m [0m[38;2;242;242;242;48;2;15;15;15m TruffleHog     [0m[38;2;242;242;242;48;2;15;15;15m [0m[38;2;163;163;163;48;2;15;15;15m10m13s[0m[38;2;242;242;242;48;2;15;15;15m   [0m[38;2;242;242;242;48;2;15;15;15m clean     [0m[38;2;242;242;242;48;2;15;15;15m                       [0m[22;107H[38;2;242;242;242;48;2;5;5;5m  [0m[22;109H
[23;1H[38;2;242;242;242;48;2;15;15;15m [0m[38;2;255;51;68;48;2;15;15;15m▌[0m[38;2;242;242;242;48;2;15;15;15m [0m[38;2;242;242;242;48;2;15;15;15m [0m[38;2;163;163;163;48;2;15;15;15m17:20:20≈[0m[38;2;242;242;242;48;2;15;15;15m [0m[38;2;242;242;242;48;2;15;15;15m [0m[38;2;163;163;163;48;2;15;15;15m0xdc8e…2442[0m[38;2;242;242;242;48;2;15;15;15m [0m[38;2;242;242;242;48;2;15;15;15m egregore       [0m[38;2;242;242;242;48;2;15;15;15m [0m[38;2;255;51;68;48;2;15;15;15m→[0m[38;2;242;242;242;48;2;15;15;15m [0m[38;2;242;242;242;48;2;15;15;15m MARIO          [0m[38;2;242;242;242;48;2;15;15;15m [0m[38;2;163;163;163;48;2;15;15;15m8m04s[0m[38;2;242;242;242;48;2;15;15;15m    [0m[38;2;242;242;242;48;2;15;15;15m clean     [0m[38;2;242;242;242;48;2;15;15;15m                       [0m[23;107H[38;2;242;242;242;48;2;5;5;5m  [0m[23;109H
[24;1H[38;2;242;242;242;48;2;15;15;15m [0m[38;2;255;51;68;48;2;15;15;15m▌[0m[38;2;242;242;242;48;2;15;15;15m [0m[38;2;242;242;242;48;2;15;15;15m [0m[38;2;163;163;163;48;2;15;15;15m17:20:21≈[0m[38;2;242;242;242;48;2;15;15;15m [0m[38;2;242;242;242;48;2;15;15;15m [0m[38;2;163;163;163;48;2;15;15;15m0x2b41…aa09[0m[38;2;242;242;242;48;2;15;15;15m [0m[38;2;242;242;242;48;2;15;15;15m TVK            [0m[38;2;242;242;242;48;2;15;15;15m [0m[38;2;255;51;68;48;2;15;15;15m→[0m[38;2;242;242;242;48;2;15;15;15m [0m[38;2;242;242;242;48;2;15;15;15m SPOILS         [0m[38;2;242;242;242;48;2;15;15;15m [0m[38;2;163;163;163;48;2;15;15;15m16m17s[0m[38;2;242;242;242;48;2;15;15;15m   [0m[38;2;242;242;242;48;2;15;15;15m clean     [0m[38;2;242;242;242;48;2;15;15;15m                       [0m[24;107H[38;2;242;242;242;48;2;5;5;5m  [0m[24;109H
[25;1H[38;2;242;242;242;48;2;15;15;15m [0m[38;2;255;51;68;48;2;15;15;15m▌[0m[38;2;242;242;242;48;2;15;15;15m [0m[38;2;242;242;242;48;2;15;15;15m [0m[38;2;163;163;163;48;2;15;15;15m17:20:21≈[0m[38;2;242;242;242;48;2;15;15;15m [0m[38;2;242;242;242;48;2;15;15;15m [0m[38;2;163;163;163;48;2;15;15;15m0x0ff4…e303[0m[38;2;242;242;242;48;2;15;15;15m [0m[38;2;242;242;242;48;2;15;15;15m Piecoin        [0m[38;2;242;242;242;48;2;15;15;15m [0m[38;2;255;51;68;48;2;15;15;15m→[0m[38;2;242;242;242;48;2;15;15;15m [0m[38;2;242;242;242;48;2;15;15;15m TruffleHog     [0m[38;2;242;242;242;48;2;15;15;15m [0m[38;2;163;163;163;48;2;15;15;15m10m14s[0m[38;2;242;242;242;48;2;15;15;15m   [0m[38;2;242;242;242;48;2;15;15;15m clean     [0m[38;2;242;242;242;48;2;15;15;15m                       [0m[25;107H[38;2;242;242;242;48;2;5;5;5m  [0m[25;109H
[26;1H[38;2;242;242;242;48;2;15;15;15m [0m[38;2;255;51;68;48;2;15;15;15m▌[0m[38;2;242;242;242;48;2;15;15;15m [0m[38;2;242;242;242;48;2;15;15;15m [0m[38;2;163;163;163;48;2;15;15;15m17:20:21≈[0m[38;2;242;242;242;48;2;15;15;15m [0m[38;2;242;242;242;48;2;15;15;15m [0m[38;2;163;163;163;48;2;15;15;15m0x61a6…53a6[0m[38;2;242;242;242;48;2;15;15;15m [0m[38;2;242;242;242;48;2;15;15;15m Piecoin        [0m[38;2;242;242;242;48;2;15;15;15m [0m[38;2;255;51;68;48;2;15;15;15m→[0m[38;2;242;242;242;48;2;15;15;15m [0m[38;2;242;242;242;48;2;15;15;15m TruffleHog     [0m[38;2;242;242;242;48;2;15;15;15m [0m[38;2;163;163;163;48;2;15;15;15m10m14s[0m[38;2;242;242;242;48;2;15;15;15m   [0m[38;2;242;242;242;48;2;15;15;15m clean     [0m[38;2;242;242;242;48;2;15;15;15m                       [0m[26;107H[38;2;242;242;242;48;2;5;5;5m  [0m[26;109H
[27;1H[38;2;242;242;242;48;2;15;15;15m [0m[38;2;255;51;68;48;2;15;15;15m▌[0m[38;2;242;242;242;48;2;15;15;15m [0m[38;2;242;242;242;48;2;15;15;15m [0m[38;2;163;163;163;48;2;15;15;15m17:20:21≈[0m[38;2;242;242;242;48;2;15;15;15m [0m[38;2;242;242;242;48;2;15;15;15m [0m[38;2;163;163;163;48;2;15;15;15m0xbea2…2e09[0m[38;2;242;242;242;48;2;15;15;15m [0m[38;2;242;242;242;48;2;15;15;15m STYX           [0m[38;2;242;242;242;48;2;15;15;15m [0m[38;2;255;51;68;48;2;15;15;15m→[0m[38;2;242;242;242;48;2;15;15;15m [0m[38;2;242;242;242;48;2;15;15;15m MANY           [0m[38;2;242;242;242;48;2;15;15;15m [0m[38;2;163;163;163;48;2;15;15;15m39s[0m[38;2;242;242;242;48;2;15;15;15m      [0m[38;2;242;242;242;48;2;15;15;15m clean     [0m[38;2;242;242;242;48;2;15;15;15m                       [0m[27;107H[38;2;242;242;242;48;2;5;5;5m  [0m[27;109H
[28;1H[38;2;242;242;242;48;2;15;15;15m [0m[38;2;255;51;68;48;2;15;15;15m▌[0m[38;2;242;242;242;48;2;15;15;15m [0m[38;2;242;242;242;48;2;15;15;15m [0m[38;2;163;163;163;48;2;15;15;15m17:20:22[0m[38;2;242;242;242;48;2;15;15;15m  [0m[38;2;242;242;242;48;2;15;15;15m [0m[38;2;163;163;163;48;2;15;15;15m0xb635…b40c[0m[38;2;242;242;242;48;2;15;15;15m [0m[38;2;242;242;242;48;2;15;15;15m egregore       [0m[38;2;242;242;242;48;2;15;15;15m [0m[38;2;255;51;68;48;2;15;15;15m→[0m[38;2;242;242;242;48;2;15;15;15m [0m[38;2;242;242;242;48;2;15;15;15m PSA10          [0m[38;2;242;242;242;48;2;15;15;15m [0m[38;2;163;163;163;48;2;15;15;15m6m48s[0m[38;2;242;242;242;48;2;15;15;15m    [0m[38;2;242;242;242;48;2;15;15;15m clean     [0m[38;2;242;242;242;48;2;15;15;15m                       [0m[28;107H[38;2;242;242;242;48;2;5;5;5m  [0m[28;109H
[29;1H[38;2;242;242;242;48;2;15;15;15m [0m[38;2;255;51;68;48;2;15;15;15m▌[0m[38;2;242;242;242;48;2;15;15;15m [0m[38;2;242;242;242;48;2;15;15;15m [0m[38;2;163;163;163;48;2;15;15;15m17:20:22≈[0m[38;2;242;242;242;48;2;15;15;15m [0m[38;2;242;242;242;48;2;15;15;15m [0m[38;2;163;163;163;48;2;15;15;15m0x7f5a…0f15[0m[38;2;242;242;242;48;2;15;15;15m [0m[38;2;242;242;242;48;2;15;15;15m SLM            [0m[38;2;242;242;242;48;2;15;15;15m [0m[38;2;255;51;68;48;2;15;15;15m→[0m[38;2;242;242;242;48;2;15;15;15m [0m[38;2;242;242;242;48;2;15;15;15m PSA10          [0m[38;2;242;242;242;48;2;15;15;15m [0m[38;2;163;163;163;48;2;15;15;15m22m17s[0m[38;2;242;242;242;48;2;15;15;15m   [0m[38;2;242;242;242;48;2;15;15;15m clean     [0m[38;2;242;242;242;48;2;15;15;15m                       [0m[29;107H[38;2;242;242;242;48;2;5;5;5m  [0m[29;109H
[30;1H[38;2;242;242;242;48;2;15;15;15m [0m[38;2;255;51;68;48;2;15;15;15m▌[0m[38;2;242;242;242;48;2;15;15;15m [0m[38;2;242;242;242;48;2;15;15;15m [0m[38;2;163;163;163;48;2;15;15;15m17:20:22≈[0m[38;2;242;242;242;48;2;15;15;15m [0m[38;2;242;242;242;48;2;15;15;15m [0m[38;2;163;163;163;48;2;15;15;15m0xd668…5abf[0m[38;2;242;242;242;48;2;15;15;15m [0m[38;2;242;242;242;48;2;15;15;15m TVK            [0m[38;2;242;242;242;48;2;15;15;15m [0m[38;2;255;51;68;48;2;15;15;15m→[0m[38;2;242;242;242;48;2;15;15;15m [0m[38;2;242;242;242;48;2;15;15;15m SPOILS         [0m[38;2;242;242;242;48;2;15;15;15m [0m[38;2;163;163;163;48;2;15;15;15m16m18s[0m[38;2;242;242;242;48;2;15;15;15m   [0m[38;2;242;242;242;48;2;15;15;15m clean     [0m[38;2;242;242;242;48;2;15;15;15m                       [0m[30;107H[38;2;242;242;242;48;2;5;5;5m  [0m[30;109H
[31;1H[38;2;242;242;242;48;2;15;15;15m [0m[38;2;255;51;68;48;2;15;15;15m▌[0m[38;2;242;242;242;48;2;15;15;15m [0m[38;2;242;242;242;48;2;15;15;15m [0m[38;2;163;163;163;48;2;15;15;15m17:20:22≈[0m[38;2;242;242;242;48;2;15;15;15m [0m[38;2;242;242;242;48;2;15;15;15m [0m[38;2;163;163;163;48;2;15;15;15m0x822e…9cfa[0m[38;2;242;242;242;48;2;15;15;15m [0m[38;2;242;242;242;48;2;15;15;15m TVK            [0m[38;2;242;242;242;48;2;15;15;15m [0m[38;2;255;51;68;48;2;15;15;15m→[0m[38;2;242;242;242;48;2;15;15;15m [0m[38;2;242;242;242;48;2;15;15;15m SPOILS         [0m[38;2;242;242;242;48;2;15;15;15m [0m[38;2;163;163;163;48;2;15;15;15m16m18s[0m[38;2;242;242;242;48;2;15;15;15m   [0m[38;2;242;242;242;48;2;15;15;15m clean     [0m[38;2;242;242;242;48;2;15;15;15m                       [0m[31;107H[38;2;242;242;242;48;2;5;5;5m  [0m[31;109H
[32;1H[38;2;242;242;242;48;2;15;15;15m [0m[38;2;255;51;68;48;2;15;15;15m▌[0m[38;2;242;242;242;48;2;15;15;15m [0m[38;2;242;242;242;48;2;15;15;15m [0m[38;2;163;163;163;48;2;15;15;15m17:20:22≈[0m[38;2;242;242;242;48;2;15;15;15m [0m[38;2;242;242;242;48;2;15;15;15m [0m[38;2;163;163;163;48;2;15;15;15m0xc25f…838a[0m[38;2;242;242;242;48;2;15;15;15m [0m[38;2;242;242;242;48;2;15;15;15m TVK            [0m[38;2;242;242;242;48;2;15;15;15m [0m[38;2;255;51;68;48;2;15;15;15m→[0m[38;2;242;242;242;48;2;15;15;15m [0m[38;2;242;242;242;48;2;15;15;15m SPOILS         [0m[38;2;242;242;242;48;2;15;15;15m [0m[38;2;163;163;163;48;2;15;15;15m16m18s[0m[38;2;242;242;242;48;2;15;15;15m   [0m[38;2;242;242;242;48;2;15;15;15m clean     [0m[38;2;242;242;242;48;2;15;15;15m                       [0m[32;107H[38;2;242;242;242;48;2;5;5;5m  [0m[32;109H
[33;1H[38;2;242;242;242;48;2;15;15;15m [0m[38;2;255;51;68;48;2;15;15;15m▌[0m[38;2;242;242;242;48;2;15;15;15m [0m[38;2;242;242;242;48;2;15;15;15m [0m[38;2;163;163;163;48;2;15;15;15m17:20:22≈[0m[38;2;242;242;242;48;2;15;15;15m [0m[38;2;242;242;242;48;2;15;15;15m [0m[38;2;163;163;163;48;2;15;15;15m0x24d6…2f0b[0m[38;2;242;242;242;48;2;15;15;15m [0m[38;2;242;242;242;48;2;15;15;15m Piecoin        [0m[38;2;242;242;242;48;2;15;15;15m [0m[38;2;255;51;68;48;2;15;15;15m→[0m[38;2;242;242;242;48;2;15;15;15m [0m[38;2;242;242;242;48;2;15;15;15m TruffleHog     [0m[38;2;242;242;242;48;2;15;15;15m [0m[38;2;163;163;163;48;2;15;15;15m10m15s[0m[38;2;242;242;242;48;2;15;15;15m   [0m[38;2;242;242;242;48;2;15;15;15m clean     [0m[38;2;242;242;242;48;2;15;15;15m                       [0m[33;107H[38;2;242;242;242;48;2;5;5;5m  [0m[33;109H
[34;1H[38;2;242;242;242;48;2;15;15;15m [0m[38;2;255;51;68;48;2;15;15;15m▌[0m[38;2;242;242;242;48;2;15;15;15m [0m[38;2;242;242;242;48;2;15;15;15m [0m[38;2;163;163;163;48;2;15;15;15m17:20:22≈[0m[38;2;242;242;242;48;2;15;15;15m [0m[38;2;242;242;242;48;2;15;15;15m [0m[38;2;163;163;163;48;2;15;15;15m0x8de3…1f75[0m[38;2;242;242;242;48;2;15;15;15m [0m[38;2;242;242;242;48;2;15;15;15m Piecoin        [0m[38;2;242;242;242;48;2;15;15;15m [0m[38;2;255;51;68;48;2;15;15;15m→[0m[38;2;242;242;242;48;2;15;15;15m [0m[38;2;242;242;242;48;2;15;15;15m TruffleHog     [0m[38;2;242;242;242;48;2;15;15;15m [0m[38;2;163;163;163;48;2;15;15;15m10m15s[0m[38;2;242;242;242;48;2;15;15;15m   [0m[38;2;242;242;242;48;2;15;15;15m clean     [0m[38;2;242;242;242;48;2;15;15;15m                       [0m[34;107H[38;2;242;242;242;48;2;5;5;5m  [0m[34;109H
[35;1H[38;2;242;242;242;48;2;15;15;15m [0m[38;2;255;51;68;48;2;15;15;15m▌[0m[38;2;242;242;242;48;2;15;15;15m [0m[38;2;242;242;242;48;2;15;15;15m [0m[38;2;163;163;163;48;2;15;15;15m17:20:22≈[0m[38;2;242;242;242;48;2;15;15;15m [0m[38;2;242;242;242;48;2;15;15;15m [0m[38;2;163;163;163;48;2;15;15;15m0xae37…ba80[0m[38;2;242;242;242;48;2;15;15;15m [0m[38;2;242;242;242;48;2;15;15;15m Piecoin        [0m[38;2;242;242;242;48;2;15;15;15m [0m[38;2;255;51;68;48;2;15;15;15m→[0m[38;2;242;242;242;48;2;15;15;15m [0m[38;2;242;242;242;48;2;15;15;15m TruffleHog     [0m[38;2;242;242;242;48;2;15;15;15m [0m[38;2;163;163;163;48;2;15;15;15m10m13s[0m[38;2;242;242;242;48;2;15;15;15m   [0m[38;2;242;242;242;48;2;15;15;15m clean     [0m[38;2;242;242;242;48;2;15;15;15m                       [0m[35;107H[38;2;242;242;242;48;2;5;5;5m  [0m[35;109H
[36;1H[38;2;242;242;242;48;2;15;15;15m [0m[38;2;255;51;68;48;2;15;15;15m▌[0m[38;2;242;242;242;48;2;15;15;15m [0m[38;2;242;242;242;48;2;15;15;15m [0m[38;2;163;163;163;48;2;15;15;15m17:20:22≈[0m[38;2;242;242;242;48;2;15;15;15m [0m[38;2;242;242;242;48;2;15;15;15m [0m[38;2;163;163;163;48;2;15;15;15m0xc76b…3490[0m[38;2;242;242;242;48;2;15;15;15m [0m[38;2;242;242;242;48;2;15;15;15m Piecoin        [0m[38;2;242;242;242;48;2;15;15;15m [0m[38;2;255;51;68;48;2;15;15;15m→[0m[38;2;242;242;242;48;2;15;15;15m [0m[38;2;242;242;242;48;2;15;15;15m TruffleHog     [0m[38;2;242;242;242;48;2;15;15;15m [0m[38;2;163;163;163;48;2;15;15;15m10m15s[0m[38;2;242;242;242;48;2;15;15;15m   [0m[38;2;242;242;242;48;2;15;15;15m clean     [0m[38;2;242;242;242;48;2;15;15;15m                       [0m[36;107H[38;2;242;242;242;48;2;5;5;5m  [0m[36;109H
[37;1H[38;2;242;242;242;48;2;15;15;15m [0m[38;2;255;51;68;48;2;15;15;15m▌[0m[38;2;242;242;242;48;2;15;15;15m [0m[38;2;242;242;242;48;2;15;15;15m [0m[38;2;163;163;163;48;2;15;15;15m17:20:22≈[0m[38;2;242;242;242;48;2;15;15;15m [0m[38;2;242;242;242;48;2;15;15;15m [0m[38;2;163;163;163;48;2;15;15;15m0xd727…cf11[0m[38;2;242;242;242;48;2;15;15;15m [0m[38;2;242;242;242;48;2;15;15;15m BOW            [0m[38;2;242;242;242;48;2;15;15;15m [0m[38;2;255;51;68;48;2;15;15;15m→[0m[38;2;242;242;242;48;2;15;15;15m [0m[38;2;242;242;242;48;2;15;15;15m FAB            [0m[38;2;242;242;242;48;2;15;15;15m [0m[38;2;163;163;163;48;2;15;15;15m20s[0m[38;2;242;242;242;48;2;15;15;15m      [0m[38;2;242;242;242;48;2;15;15;15m clean     [0m[38;2;242;242;242;48;2;15;15;15m                       [0m[37;107H[38;2;242;242;242;48;2;5;5;5m  [0m[37;109H
[38;1H[38;2;242;242;242;48;2;38;13;18m ▌ [0m[38;2;242;242;242;48;2;38;13;18m 17:20:23≈ [0m[38;2;242;242;242;48;2;38;13;18m 0x9c13…dc8f [0m[38;2;242;242;242;48;2;38;13;18m Piecoin        [0m[38;2;242;242;242;48;2;38;13;18m → [0m[38;2;242;242;242;48;2;38;13;18m TruffleHog     [0m[38;2;242;242;242;48;2;38;13;18m 10m16s   [0m[38;2;242;242;242;48;2;38;13;18m clean     [0m[38;2;242;242;242;48;2;38;13;18m                       [0m[38;107H[7;38;2;53;20;25;48;2;15;15;15m  [0m[38;109H
[40;1H[48;2;5;5;5m [0m[38;2;163;163;163;48;2;5;5;5mHOT ROTATIONS · distinct wallets, last 30m00s[0m[48;2;5;5;5m                                                             [0m[48;2;5;5;5m [0m[40;109H
[41;1H[48;2;5;5;5m [0m[1;38;2;242;242;242;48;2;5;5;5m  54 [0m[38;2;242;242;242;48;2;5;5;5mPiecoin      → TruffleHog  [0m[38;2;163;163;163;48;2;5;5;5m  883 seq[0m[48;2;5;5;5m                                                                 [0m[48;2;5;5;5m [0m[41;109H
[42;1H[48;2;5;5;5m [0m[1;38;2;242;242;242;48;2;5;5;5m  37 [0m[38;2;242;242;242;48;2;5;5;5mPUCHATO      → STEPPER     [0m[38;2;163;163;163;48;2;5;5;5m  37 seq[0m[48;2;5;5;5m                                                                  [0m[48;2;5;5;5m [0m[42;109H
[43;1H[48;2;5;5;5m [0m[1;38;2;242;242;242;48;2;5;5;5m  29 [0m[38;2;242;242;242;48;2;5;5;5megregore     → credit      [0m[38;2;163;163;163;48;2;5;5;5m  176 seq[0m[48;2;5;5;5m                                                                 [0m[48;2;5;5;5m [0m[43;109H
[44;1H[48;2;5;5;5m [0m[1;38;2;242;242;242;48;2;5;5;5m  28 [0m[38;2;242;242;242;48;2;5;5;5mAUTON        → egregore    [0m[38;2;163;163;163;48;2;5;5;5m  289 seq[0m[48;2;5;5;5m                                                                 [0m[48;2;5;5;5m [0m[44;109H
[45;1H[48;2;5;5;5m [0m[1;38;2;242;242;242;48;2;5;5;5m  25 [0m[38;2;242;242;242;48;2;5;5;5mRACE         → OPEN YIELD  [0m[38;2;163;163;163;48;2;5;5;5m  53 seq[0m[48;2;5;5;5m                                                                  [0m[48;2;5;5;5m [0m[45;109H
[46;1H[48;2;5;5;5m [0m[1;38;2;242;242;242;48;2;5;5;5m  23 [0m[38;2;242;242;242;48;2;5;5;5mEDEN         → egregore    [0m[38;2;163;163;163;48;2;5;5;5m  230 seq[0m[48;2;5;5;5m                                                                 [0m[48;2;5;5;5m [0m[46;109H
[47;1H[48;2;5;5;5m [0m[1;38;2;242;242;242;48;2;5;5;5m  23 [0m[38;2;242;242;242;48;2;5;5;5mRBNHD        → egregore    [0m[38;2;163;163;163;48;2;5;5;5m  260 seq[0m[48;2;5;5;5m                                                                 [0m[48;2;5;5;5m [0m[47;109H[2;5H[9;107H[38;2;242;242;242;48;2;5;5;5m  [0m[9;109H
[10;107H[38;2;242;242;242;48;2;5;5;5m  [0m[10;109H
[11;107H[38;2;242;242;242;48;2;5;5;5m  [0m[11;109H
[12;107H[38;2;242;242;242;48;2;5;5;5m  [0m[12;109H
[13;107H[38;2;242;242;242;48;2;5;5;5m  [0m[13;109H
[14;107H[38;2;242;242;242;48;2;5;5;5m  [0m[14;109H
[15;107H[38;2;242;242;242;48;2;5;5;5m  [0m[15;109H
[16;107H[38;2;242;242;242;48;2;5;5;5m  [0m[16;109H
[17;107H[38;2;242;242;242;48;2;5;5;5m  [0m[17;109H
[18;107H[38;2;242;242;242;48;2;5;5;5m  [0m[18;109H
[19;107H[38;2;242;242;242;48;2;5;5;5m  [0m[19;109H
[20;107H[38;2;242;242;242;48;2;5;5;5m  [0m[20;109H
[21;107H[38;2;242;242;242;48;2;5;5;5m  [0m[21;109H
[22;107H[38;2;242;242;242;48;2;5;5;5m  [0m[22;109H
[23;107H[38;2;242;242;242;48;2;5;5;5m  [0m[23;109H
[24;107H[38;2;242;242;242;48;2;5;5;5m  [0m[24;109H
[25;107H[38;2;242;242;242;48;2;5;5;5m  [0m[25;109H
[26;107H[38;2;242;242;242;48;2;5;5;5m  [0m[26;109H
[27;107H[38;2;242;242;242;48;2;5;5;5m  [0m[27;109H
[28;107H[38;2;242;242;242;48;2;5;5;5m  [0m[28;109H
[29;107H[38;2;242;242;242;48;2;5;5;5m  [0m[29;109H
[30;107H[38;2;242;242;242;48;2;5;5;5m  [0m[30;109H
[31;107H[38;2;242;242;242;48;2;5;5;5m  [0m[31;109H
[32;107H[38;2;242;242;242;48;2;5;5;5m  [0m[32;109H
[33;107H[38;2;242;242;242;48;2;5;5;5m  [0m[33;109H
[34;107H[38;2;242;242;242;48;2;5;5;5m  [0m[34;109H
[35;107H[38;2;242;242;242;48;2;5;5;5m  [0m[35;109H
[36;107H[38;2;242;242;242;48;2;5;5;5m  [0m[36;109H
[37;107H[38;2;242;242;242;48;2;5;5;5m  [0m[37;109H
[38;107H[7;38;2;53;20;25;48;2;15;15;15m  [0m[38;109H[2;5H[9;107H[38;2;242;242;242;48;2;5;5;5m  [0m[9;109H
[10;107H[38;2;242;242;242;48;2;5;5;5m  [0m[10;109H
[11;107H[38;2;242;242;242;48;2;5;5;5m  [0m[11;109H
[12;107H[38;2;242;242;242;48;2;5;5;5m  [0m[12;109H
[13;107H[38;2;242;242;242;48;2;5;5;5m  [0m[13;109H
[14;107H[38;2;242;242;242;48;2;5;5;5m  [0m[14;109H
[15;107H[38;2;242;242;242;48;2;5;5;5m  [0m[15;109H
[16;107H[38;2;242;242;242;48;2;5;5;5m  [0m[16;109H
[17;107H[38;2;242;242;242;48;2;5;5;5m  [0m[17;109H
[18;107H[38;2;242;242;242;48;2;5;5;5m  [0m[18;109H
[19;107H[38;2;242;242;242;48;2;5;5;5m  [0m[19;109H
[20;107H[38;2;242;242;242;48;2;5;5;5m  [0m[20;109H
[21;107H[38;2;242;242;242;48;2;5;5;5m  [0m[21;109H
[22;107H[38;2;242;242;242;48;2;5;5;5m  [0m[22;109H
[23;107H[38;2;242;242;242;48;2;5;5;5m  [0m[23;109H
[24;107H[38;2;242;242;242;48;2;5;5;5m  [0m[24;109H
[25;107H[38;2;242;242;242;48;2;5;5;5m  [0m[25;109H
[26;107H[38;2;242;242;242;48;2;5;5;5m  [0m[26;109H
[27;107H[38;2;242;242;242;48;2;5;5;5m  [0m[27;109H
[28;107H[38;2;242;242;242;48;2;5;5;5m  [0m[28;109H
[29;107H[38;2;242;242;242;48;2;5;5;5m  [0m[29;109H
[30;107H[38;2;242;242;242;48;2;5;5;5m  [0m[30;109H
[31;107H[38;2;242;242;242;48;2;5;5;5m  [0m[31;109H
[32;107H[38;2;242;242;242;48;2;5;5;5m  [0m[32;109H
[33;107H[38;2;242;242;242;48;2;5;5;5m  [0m[33;109H
[34;107H[38;2;242;242;242;48;2;5;5;5m  [0m[34;109H
[35;107H[38;2;242;242;242;48;2;5;5;5m  [0m[35;109H
[36;107H[38;2;242;242;242;48;2;5;5;5m  [0m[36;109H
[37;107H[38;2;242;242;242;48;2;5;5;5m  [0m[37;109H
[38;107H[7;38;2;53;20;25;48;2;15;15;15m  [0m[38;109H[2;5H[6;1H[48;2;5;5;5m [0m[38;2;242;242;242;48;2;5;5;5mCHAIN Robinhood Chain[0m[38;2;53;20;25;48;2;5;5;5m  ·  [0m[38;2;242;242;242;48;2;5;5;5m[REPLAY 10× · PAUSED][0m[38;2;53;20;25;48;2;5;5;5m  ·  [0m[38;2;242;242;242;48;2;5;5;5mCLOCK 17:26:41 UTC[0m[38;2;53;20;25;48;2;5;5;5m  ·  [0m[38;2;163;163;163;48;2;5;5;5mRANGE 16:56:41–17:26:41[0m[38;2;53;20;25;48;2;5;5;5m  ·  [0m[38;2;163;163;163;48;2;5;5;5mWINDOW 30m00s[0m[38;2;53;20;25;48;2;5;5;5m  ·  [0m[38;2;116;116;116;48;2;5;5;5mSESSION S-a0cfdf[0m[48;2;5;5;5m                                         [0m[48;2;5;5;5m [0m[2;5H[9;107H[38;2;242;242;242;48;2;5;5;5m  [0m[9;109H
[10;107H[38;2;242;242;242;48;2;5;5;5m  [0m[10;109H
[11;107H[38;2;242;242;242;48;2;5;5;5m  [0m[11;109H
[12;107H[38;2;242;242;242;48;2;5;5;5m  [0m[12;109H
[13;107H[38;2;242;242;242;48;2;5;5;5m  [0m[13;109H
[14;107H[38;2;242;242;242;48;2;5;5;5m  [0m[14;109H
[15;107H[38;2;242;242;242;48;2;5;5;5m  [0m[15;109H
[16;107H[38;2;242;242;242;48;2;5;5;5m  [0m[16;109H
[17;107H[38;2;242;242;242;48;2;5;5;5m  [0m[17;109H
[18;107H[38;2;242;242;242;48;2;5;5;5m  [0m[18;109H
[19;107H[38;2;242;242;242;48;2;5;5;5m  [0m[19;109H
[20;107H[38;2;242;242;242;48;2;5;5;5m  [0m[20;109H
[21;107H[38;2;242;242;242;48;2;5;5;5m  [0m[21;109H
[22;107H[38;2;242;242;242;48;2;5;5;5m  [0m[22;109H
[23;107H[38;2;242;242;242;48;2;5;5;5m  [0m[23;109H
[24;107H[38;2;242;242;242;48;2;5;5;5m  [0m[24;109H
[25;107H[38;2;242;242;242;48;2;5;5;5m  [0m[25;109H
[26;107H[38;2;242;242;242;48;2;5;5;5m  [0m[26;109H
[27;107H[38;2;242;242;242;48;2;5;5;5m  [0m[27;109H
[28;107H[38;2;242;242;242;48;2;5;5;5m  [0m[28;109H
[29;107H[38;2;242;242;242;48;2;5;5;5m  [0m[29;109H
[30;107H[38;2;242;242;242;48;2;5;5;5m  [0m[30;109H
[31;107H[38;2;242;242;242;48;2;5;5;5m  [0m[31;109H
[32;107H[38;2;242;242;242;48;2;5;5;5m  [0m[32;109H
[33;107H[38;2;242;242;242;48;2;5;5;5m  [0m[33;109H
[34;107H[38;2;242;242;242;48;2;5;5;5m  [0m[34;109H
[35;107H[38;2;242;242;242;48;2;5;5;5m  [0m[35;109H
[36;107H[38;2;242;242;242;48;2;5;5;5m  [0m[36;109H
[37;107H[38;2;242;242;242;48;2;5;5;5m  [0m[37;109H
[38;107H[7;38;2;53;20;25;48;2;15;15;15m  [0m[38;109H[2;5H[6;1H[48;2;5;5;5m [0m[38;2;242;242;242;48;2;5;5;5mCHAIN Robinhood Chain[0m[38;2;53;20;25;48;2;5;5;5m  ·  [0m[38;2;242;242;242;48;2;5;5;5m[REPLAY 10× · PAUSED][0m[38;2;53;20;25;48;2;5;5;5m  ·  [0m[38;2;242;242;242;48;2;5;5;5mCLOCK 17:26:41 UTC[0m[38;2;53;20;25;48;2;5;5;5m  ·  [0m[38;2;163;163;163;48;2;5;5;5mRANGE 16:56:41–17:26:41[0m[38;2;53;20;25;48;2;5;5;5m  ·  [0m[38;2;163;163;163;48;2;5;5;5mWINDOW 30m00s[0m[38;2;53;20;25;48;2;5;5;5m  ·  [0m[38;2;116;116;116;48;2;5;5;5mSESSION S-a0cfdf[0m[48;2;5;5;5m                                         [0m[48;2;5;5;5m [0m
[8;1H[48;2;5;5;5m [0m[38;2;163;163;163;48;2;5;5;5mOBSERVED SEQUENCES · last 30m00s · 6311 of 6311 rows · +1311 new · one row = one wallet that sold A, then[0m[48;2;5;5;5m [0m[48;2;5;5;5m [0m[8;109H
[8;111H[1;38;2;242;242;242;48;2;5;5;5mTruffleHog → ZenoCoin[0m[48;2;5;5;5m                                                [0m[8;180H
[9;1H[38;2;163;163;163;48;2;15;15;15m   [0m[38;2;163;163;163;48;2;15;15;15m TIME UTC  [0m[38;2;163;163;163;48;2;15;15;15m WALLET      [0m[38;2;163;163;163;48;2;15;15;15m SOLD           [0m[38;2;163;163;163;48;2;15;15;15m   [0m[38;2;163;163;163;48;2;15;15;15m BOUGHT         [0m[38;2;163;163;163;48;2;15;15;15m GAP      [0m[38;2;163;163;163;48;2;15;15;15m GRADE     [0m[38;2;163;163;163;48;2;15;15;15m                       [0m[9;107H[38;2;242;242;242;48;2;5;5;5m  [0m[9;109H
[9;111H[38;2;163;163;163;48;2;5;5;5m0x045b…bd82 → 0x4e63…27ff[0m[48;2;5;5;5m                                            [0m[9;180H
[10;1H[38;2;242;242;242;48;2;15;15;15m   [0m[38;2;242;242;242;48;2;15;15;15m [0m[38;2;163;163;163;48;2;15;15;15m17:20:17≈[0m[38;2;242;242;242;48;2;15;15;15m [0m[38;2;242;242;242;48;2;15;15;15m [0m[38;2;163;163;163;48;2;15;15;15m0x3d4f…2124[0m[38;2;242;242;242;48;2;15;15;15m [0m[38;2;242;242;242;48;2;15;15;15m TVK            [0m[38;2;242;242;242;48;2;15;15;15m [0m[38;2;163;163;163;48;2;15;15;15m→[0m[38;2;242;242;242;48;2;15;15;15m [0m[38;2;242;242;242;48;2;15;15;15m SPOILS         [0m[38;2;242;242;242;48;2;15;15;15m [0m[38;2;163;163;163;48;2;15;15;15m16m13s[0m[38;2;242;242;242;48;2;15;15;15m   [0m[38;2;242;242;242;48;2;15;15;15m clean     [0m[38;2;242;242;242;48;2;15;15;15m                       [0m[10;107H[38;2;242;242;242;48;2;5;5;5m  [0m[10;109H
[10;111H[38;2;242;242;242;48;2;5;5;5m[0m[48;2;5;5;5m                                                                     [0m[10;180H
[11;1H[38;2;242;242;242;48;2;15;15;15m   [0m[38;2;242;242;242;48;2;15;15;15m [0m[38;2;163;163;163;48;2;15;15;15m17:20:18≈[0m[38;2;242;242;242;48;2;15;15;15m [0m[38;2;242;242;242;48;2;15;15;15m [0m[38;2;163;163;163;48;2;15;15;15m0x7f63…3b42[0m[38;2;242;242;242;48;2;15;15;15m [0m[38;2;242;242;242;48;2;15;15;15m NSB            [0m[38;2;242;242;242;48;2;15;15;15m [0m[38;2;163;163;163;48;2;15;15;15m→[0m[38;2;242;242;242;48;2;15;15;15m [0m[38;2;242;242;242;48;2;15;15;15m PSA10          [0m[38;2;242;242;242;48;2;15;15;15m [0m[38;2;163;163;163;48;2;15;15;15m25m30s[0m[38;2;242;242;242;48;2;15;15;15m   [0m[38;2;242;242;242;48;2;15;15;15m clean     [0m[38;2;242;242;242;48;2;15;15;15m                       [0m[11;107H[38;2;242;242;242;48;2;5;5;5m  [0m[11;109H
[11;111H[38;2;242;242;242;48;2;5;5;5mwallet 0xedb7…1557[0m[48;2;5;5;5m                                                   [0m[11;180H
[12;1H[38;2;242;242;242;48;2;15;15;15m   [0m[38;2;242;242;242;48;2;15;15;15m [0m[38;2;163;163;163;48;2;15;15;15m17:20:18≈[0m[38;2;242;242;242;48;2;15;15;15m [0m[38;2;242;242;242;48;2;15;15;15m [0m[38;2;163;163;163;48;2;15;15;15m0x0ff4…e303[0m[38;2;242;242;242;48;2;15;15;15m [0m[38;2;242;242;242;48;2;15;15;15m Piecoin        [0m[38;2;242;242;242;48;2;15;15;15m [0m[38;2;163;163;163;48;2;15;15;15m→[0m[38;2;242;242;242;48;2;15;15;15m [0m[38;2;242;242;242;48;2;15;15;15m TruffleHog     [0m[38;2;242;242;242;48;2;15;15;15m [0m[38;2;163;163;163;48;2;15;15;15m10m11s[0m[38;2;242;242;242;48;2;15;15;15m   [0m[38;2;242;242;242;48;2;15;15;15m clean     [0m[38;2;242;242;242;48;2;15;15;15m                       [0m[12;107H[38;2;242;242;242;48;2;5;5;5m  [0m[12;109H
[12;111H[38;2;163;163;163;48;2;5;5;5msold   17:26:41 UTC[0m[48;2;5;5;5m                                                  [0m[12;180H
[13;1H[38;2;242;242;242;48;2;15;15;15m   [0m[38;2;242;242;242;48;2;15;15;15m [0m[38;2;163;163;163;48;2;15;15;15m17:20:18≈[0m[38;2;242;242;242;48;2;15;15;15m [0m[38;2;242;242;242;48;2;15;15;15m [0m[38;2;163;163;163;48;2;15;15;15m0xc047…47fb[0m[38;2;242;242;242;48;2;15;15;15m [0m[38;2;242;242;242;48;2;15;15;15m Piecoin        [0m[38;2;242;242;242;48;2;15;15;15m [0m[38;2;163;163;163;48;2;15;15;15m→[0m[38;2;242;242;242;48;2;15;15;15m [0m[38;2;242;242;242;48;2;15;15;15m TruffleHog     [0m[38;2;242;242;242;48;2;15;15;15m [0m[38;2;163;163;163;48;2;15;15;15m10m15s[0m[38;2;242;242;242;48;2;15;15;15m   [0m[38;2;242;242;242;48;2;15;15;15m clean     [0m[38;2;242;242;242;48;2;15;15;15m                       [0m[13;107H[38;2;242;242;242;48;2;5;5;5m  [0m[13;109H
[13;111H[38;2;163;163;163;48;2;5;5;5mbought 17:26:41≈ UTC · gap 0s · direct[0m[48;2;5;5;5m                               [0m[13;180H
[14;1H[38;2;242;242;242;48;2;15;15;15m   [0m[38;2;242;242;242;48;2;15;15;15m [0m[38;2;163;163;163;48;2;15;15;15m17:20:18≈[0m[38;2;242;242;242;48;2;15;15;15m [0m[38;2;242;242;242;48;2;15;15;15m [0m[38;2;163;163;163;48;2;15;15;15m0xa214…165d[0m[38;2;242;242;242;48;2;15;15;15m [0m[38;2;242;242;242;48;2;15;15;15m WHLR           [0m[38;2;242;242;242;48;2;15;15;15m [0m[38;2;163;163;163;48;2;15;15;15m→[0m[38;2;242;242;242;48;2;15;15;15m [0m[38;2;242;242;242;48;2;15;15;15m CLUBY          [0m[38;2;242;242;242;48;2;15;15;15m [0m[38;2;163;163;163;48;2;15;15;15m4m35s[0m[38;2;242;242;242;48;2;15;15;15m    [0m[38;2;242;242;242;48;2;15;15;15m clean     [0m[38;2;242;242;242;48;2;15;15;15m                       [0m[14;107H[38;2;242;242;242;48;2;5;5;5m  [0m[14;109H
[14;111H[38;2;163;163;163;48;2;5;5;5msell tx 0xf3df…686e[0m[48;2;5;5;5m                                                  [0m[14;180H
[15;1H[38;2;242;242;242;48;2;15;15;15m   [0m[38;2;242;242;242;48;2;15;15;15m [0m[38;2;163;163;163;48;2;15;15;15m17:20:19≈[0m[38;2;242;242;242;48;2;15;15;15m [0m[38;2;242;242;242;48;2;15;15;15m [0m[38;2;163;163;163;48;2;15;15;15m0xb513…00c5[0m[38;2;242;242;242;48;2;15;15;15m [0m[38;2;242;242;242;48;2;15;15;15m POOLED         [0m[38;2;242;242;242;48;2;15;15;15m [0m[38;2;163;163;163;48;2;15;15;15m→[0m[38;2;242;242;242;48;2;15;15;15m [0m[38;2;242;242;242;48;2;15;15;15m SSD5000        [0m[38;2;242;242;242;48;2;15;15;15m [0m[38;2;163;163;163;48;2;15;15;15m11m09s[0m[38;2;242;242;242;48;2;15;15;15m   [0m[38;2;242;242;242;48;2;15;15;15m clean     [0m[38;2;242;242;242;48;2;15;15;15m                       [0m[15;107H[38;2;242;242;242;48;2;5;5;5m  [0m[15;109H
[15;111H[38;2;163;163;163;48;2;5;5;5mbuy tx  0xf3df…686e[0m[48;2;5;5;5m                                                  [0m[15;180H
[16;1H[38;2;242;242;242;48;2;15;15;15m   [0m[38;2;242;242;242;48;2;15;15;15m [0m[38;2;163;163;163;48;2;15;15;15m17:20:19≈[0m[38;2;242;242;242;48;2;15;15;15m [0m[38;2;242;242;242;48;2;15;15;15m [0m[38;2;163;163;163;48;2;15;15;15m0xa059…daf6[0m[38;2;242;242;242;48;2;15;15;15m [0m[38;2;242;242;242;48;2;15;15;15m Piecoin        [0m[38;2;242;242;242;48;2;15;15;15m [0m[38;2;163;163;163;48;2;15;15;15m→[0m[38;2;242;242;242;48;2;15;15;15m [0m[38;2;242;242;242;48;2;15;15;15m TruffleHog     [0m[38;2;242;242;242;48;2;15;15;15m [0m[38;2;163;163;163;48;2;15;15;15m10m16s[0m[38;2;242;242;242;48;2;15;15;15m   [0m[38;2;242;242;242;48;2;15;15;15m clean     [0m[38;2;242;242;242;48;2;15;15;15m                       [0m[16;107H[38;2;242;242;242;48;2;5;5;5m  [0m[16;109H
[16;111H[38;2;242;242;242;48;2;5;5;5m[0m[48;2;5;5;5m                                                                     [0m[16;180H
[17;1H[38;2;242;242;242;48;2;15;15;15m   [0m[38;2;242;242;242;48;2;15;15;15m [0m[38;2;163;163;163;48;2;15;15;15m17:20:19[0m[38;2;242;242;242;48;2;15;15;15m  [0m[38;2;242;242;242;48;2;15;15;15m [0m[38;2;163;163;163;48;2;15;15;15m0x9c13…dc8f[0m[38;2;242;242;242;48;2;15;15;15m [0m[38;2;242;242;242;48;2;15;15;15m Piecoin        [0m[38;2;242;242;242;48;2;15;15;15m [0m[38;2;163;163;163;48;2;15;15;15m→[0m[38;2;242;242;242;48;2;15;15;15m [0m[38;2;242;242;242;48;2;15;15;15m TruffleHog     [0m[38;2;242;242;242;48;2;15;15;15m [0m[38;2;163;163;163;48;2;15;15;15m10m12s[0m[38;2;242;242;242;48;2;15;15;15m   [0m[38;2;242;242;242;48;2;15;15;15m clean     [0m[38;2;242;242;242;48;2;15;15;15m                       [0m[17;107H[38;2;242;242;242;48;2;5;5;5m  [0m[17;109H
[17;111H[38;2;116;116;116;48;2;5;5;5mEnter: all wallets on this pair[0m[48;2;5;5;5m                                      [0m[17;180H
[18;1H[38;2;242;242;242;48;2;15;15;15m   [0m[38;2;242;242;242;48;2;15;15;15m [0m[38;2;163;163;163;48;2;15;15;15m17:20:20≈[0m[38;2;242;242;242;48;2;15;15;15m [0m[38;2;242;242;242;48;2;15;15;15m [0m[38;2;163;163;163;48;2;15;15;15m0xc643…1916[0m[38;2;242;242;242;48;2;15;15;15m [0m[38;2;242;242;242;48;2;15;15;15m credit         [0m[38;2;242;242;242;48;2;15;15;15m [0m[38;2;163;163;163;48;2;15;15;15m→[0m[38;2;242;242;242;48;2;15;15;15m [0m[38;2;242;242;242;48;2;15;15;15m Yo-yo          [0m[38;2;242;242;242;48;2;15;15;15m [0m[38;2;163;163;163;48;2;15;15;15m2m16s[0m[38;2;242;242;242;48;2;15;15;15m    [0m[38;2;242;242;242;48;2;15;15;15m clean     [0m[38;2;242;242;242;48;2;15;15;15m                       [0m[18;107H[38;2;242;242;242;48;2;5;5;5m  [0m[18;109H
[19;1H[38;2;242;242;242;48;2;15;15;15m   [0m[38;2;242;242;242;48;2;15;15;15m [0m[38;2;163;163;163;48;2;15;15;15m17:20:20≈[0m[38;2;242;242;242;48;2;15;15;15m [0m[38;2;242;242;242;48;2;15;15;15m [0m[38;2;163;163;163;48;2;15;15;15m0xa4a6…3ec2[0m[38;2;242;242;242;48;2;15;15;15m [0m[38;2;242;242;242;48;2;15;15;15m TVK            [0m[38;2;242;242;242;48;2;15;15;15m [0m[38;2;163;163;163;48;2;15;15;15m→[0m[38;2;242;242;242;48;2;15;15;15m [0m[38;2;242;242;242;48;2;15;15;15m SPOILS         [0m[38;2;242;242;242;48;2;15;15;15m [0m[38;2;163;163;163;48;2;15;15;15m16m16s[0m[38;2;242;242;242;48;2;15;15;15m   [0m[38;2;242;242;242;48;2;15;15;15m clean     [0m[38;2;242;242;242;48;2;15;15;15m                       [0m[19;107H[38;2;242;242;242;48;2;5;5;5m  [0m[19;109H
[20;1H[38;2;242;242;242;48;2;15;15;15m   [0m[38;2;242;242;242;48;2;15;15;15m [0m[38;2;163;163;163;48;2;15;15;15m17:20:20≈[0m[38;2;242;242;242;48;2;15;15;15m [0m[38;2;242;242;242;48;2;15;15;15m [0m[38;2;163;163;163;48;2;15;15;15m0xb4f5…7de4[0m[38;2;242;242;242;48;2;15;15;15m [0m[38;2;242;242;242;48;2;15;15;15m Piecoin        [0m[38;2;242;242;242;48;2;15;15;15m [0m[38;2;163;163;163;48;2;15;15;15m→[0m[38;2;242;242;242;48;2;15;15;15m [0m[38;2;242;242;242;48;2;15;15;15m TruffleHog     [0m[38;2;242;242;242;48;2;15;15;15m [0m[38;2;163;163;163;48;2;15;15;15m10m13s[0m[38;2;242;242;242;48;2;15;15;15m   [0m[38;2;242;242;242;48;2;15;15;15m clean     [0m[38;2;242;242;242;48;2;15;15;15m                       [0m[20;107H[38;2;242;242;242;48;2;5;5;5m  [0m[20;109H
[21;1H[38;2;242;242;242;48;2;15;15;15m   [0m[38;2;242;242;242;48;2;15;15;15m [0m[38;2;163;163;163;48;2;15;15;15m17:20:20≈[0m[38;2;242;242;242;48;2;15;15;15m [0m[38;2;242;242;242;48;2;15;15;15m [0m[38;2;163;163;163;48;2;15;15;15m0x4f3b…ac13[0m[38;2;242;242;242;48;2;15;15;15m [0m[38;2;242;242;242;48;2;15;15;15m Piecoin        [0m[38;2;242;242;242;48;2;15;15;15m [0m[38;2;163;163;163;48;2;15;15;15m→[0m[38;2;242;242;242;48;2;15;15;15m [0m[38;2;242;242;242;48;2;15;15;15m TruffleHog     [0m[38;2;242;242;242;48;2;15;15;15m [0m[38;2;163;163;163;48;2;15;15;15m10m13s[0m[38;2;242;242;242;48;2;15;15;15m   [0m[38;2;242;242;242;48;2;15;15;15m clean     [0m[38;2;242;242;242;48;2;15;15;15m                       [0m[21;107H[38;2;242;242;242;48;2;5;5;5m  [0m[21;109H
[22;1H[38;2;242;242;242;48;2;15;15;15m   [0m[38;2;242;242;242;48;2;15;15;15m [0m[38;2;163;163;163;48;2;15;15;15m17:20:20≈[0m[38;2;242;242;242;48;2;15;15;15m [0m[38;2;242;242;242;48;2;15;15;15m [0m[38;2;163;163;163;48;2;15;15;15m0x4f41…9031[0m[38;2;242;242;242;48;2;15;15;15m [0m[38;2;242;242;242;48;2;15;15;15m Piecoin        [0m[38;2;242;242;242;48;2;15;15;15m [0m[38;2;163;163;163;48;2;15;15;15m→[0m[38;2;242;242;242;48;2;15;15;15m [0m[38;2;242;242;242;48;2;15;15;15m TruffleHog     [0m[38;2;242;242;242;48;2;15;15;15m [0m[38;2;163;163;163;48;2;15;15;15m10m13s[0m[38;2;242;242;242;48;2;15;15;15m   [0m[38;2;242;242;242;48;2;15;15;15m clean     [0m[38;2;242;242;242;48;2;15;15;15m                       [0m[22;107H[38;2;242;242;242;48;2;5;5;5m  [0m[22;109H
[23;1H[38;2;242;242;242;48;2;15;15;15m   [0m[38;2;242;242;242;48;2;15;15;15m [0m[38;2;163;163;163;48;2;15;15;15m17:20:20≈[0m[38;2;242;242;242;48;2;15;15;15m [0m[38;2;242;242;242;48;2;15;15;15m [0m[38;2;163;163;163;48;2;15;15;15m0xdc8e…2442[0m[38;2;242;242;242;48;2;15;15;15m [0m[38;2;242;242;242;48;2;15;15;15m egregore       [0m[38;2;242;242;242;48;2;15;15;15m [0m[38;2;163;163;163;48;2;15;15;15m→[0m[38;2;242;242;242;48;2;15;15;15m [0m[38;2;242;242;242;48;2;15;15;15m MARIO          [0m[38;2;242;242;242;48;2;15;15;15m [0m[38;2;163;163;163;48;2;15;15;15m8m04s[0m[38;2;242;242;242;48;2;15;15;15m    [0m[38;2;242;242;242;48;2;15;15;15m clean     [0m[38;2;242;242;242;48;2;15;15;15m                       [0m[23;107H[38;2;242;242;242;48;2;5;5;5m  [0m[23;109H
[24;1H[38;2;242;242;242;48;2;15;15;15m   [0m[38;2;242;242;242;48;2;15;15;15m [0m[38;2;163;163;163;48;2;15;15;15m17:20:21≈[0m[38;2;242;242;242;48;2;15;15;15m [0m[38;2;242;242;242;48;2;15;15;15m [0m[38;2;163;163;163;48;2;15;15;15m0x2b41…aa09[0m[38;2;242;242;242;48;2;15;15;15m [0m[38;2;242;242;242;48;2;15;15;15m TVK            [0m[38;2;242;242;242;48;2;15;15;15m [0m[38;2;163;163;163;48;2;15;15;15m→[0m[38;2;242;242;242;48;2;15;15;15m [0m[38;2;242;242;242;48;2;15;15;15m SPOILS         [0m[38;2;242;242;242;48;2;15;15;15m [0m[38;2;163;163;163;48;2;15;15;15m16m17s[0m[38;2;242;242;242;48;2;15;15;15m   [0m[38;2;242;242;242;48;2;15;15;15m clean     [0m[38;2;242;242;242;48;2;15;15;15m                       [0m[24;107H[38;2;242;242;242;48;2;5;5;5m  [0m[24;109H
[25;1H[38;2;242;242;242;48;2;15;15;15m   [0m[38;2;242;242;242;48;2;15;15;15m [0m[38;2;163;163;163;48;2;15;15;15m17:20:21≈[0m[38;2;242;242;242;48;2;15;15;15m [0m[38;2;242;242;242;48;2;15;15;15m [0m[38;2;163;163;163;48;2;15;15;15m0x0ff4…e303[0m[38;2;242;242;242;48;2;15;15;15m [0m[38;2;242;242;242;48;2;15;15;15m Piecoin        [0m[38;2;242;242;242;48;2;15;15;15m [0m[38;2;163;163;163;48;2;15;15;15m→[0m[38;2;242;242;242;48;2;15;15;15m [0m[38;2;242;242;242;48;2;15;15;15m TruffleHog     [0m[38;2;242;242;242;48;2;15;15;15m [0m[38;2;163;163;163;48;2;15;15;15m10m14s[0m[38;2;242;242;242;48;2;15;15;15m   [0m[38;2;242;242;242;48;2;15;15;15m clean     [0m[38;2;242;242;242;48;2;15;15;15m                       [0m[25;107H[38;2;242;242;242;48;2;5;5;5m  [0m[25;109H
[26;1H[38;2;242;242;242;48;2;15;15;15m   [0m[38;2;242;242;242;48;2;15;15;15m [0m[38;2;163;163;163;48;2;15;15;15m17:20:21≈[0m[38;2;242;242;242;48;2;15;15;15m [0m[38;2;242;242;242;48;2;15;15;15m [0m[38;2;163;163;163;48;2;15;15;15m0x61a6…53a6[0m[38;2;242;242;242;48;2;15;15;15m [0m[38;2;242;242;242;48;2;15;15;15m Piecoin        [0m[38;2;242;242;242;48;2;15;15;15m [0m[38;2;163;163;163;48;2;15;15;15m→[0m[38;2;242;242;242;48;2;15;15;15m [0m[38;2;242;242;242;48;2;15;15;15m TruffleHog     [0m[38;2;242;242;242;48;2;15;15;15m [0m[38;2;163;163;163;48;2;15;15;15m10m14s[0m[38;2;242;242;242;48;2;15;15;15m   [0m[38;2;242;242;242;48;2;15;15;15m clean     [0m[38;2;242;242;242;48;2;15;15;15m                       [0m[26;107H[38;2;242;242;242;48;2;5;5;5m  [0m[26;109H
[27;1H[38;2;242;242;242;48;2;15;15;15m   [0m[38;2;242;242;242;48;2;15;15;15m [0m[38;2;163;163;163;48;2;15;15;15m17:20:21≈[0m[38;2;242;242;242;48;2;15;15;15m [0m[38;2;242;242;242;48;2;15;15;15m [0m[38;2;163;163;163;48;2;15;15;15m0xbea2…2e09[0m[38;2;242;242;242;48;2;15;15;15m [0m[38;2;242;242;242;48;2;15;15;15m STYX           [0m[38;2;242;242;242;48;2;15;15;15m [0m[38;2;163;163;163;48;2;15;15;15m→[0m[38;2;242;242;242;48;2;15;15;15m [0m[38;2;242;242;242;48;2;15;15;15m MANY           [0m[38;2;242;242;242;48;2;15;15;15m [0m[38;2;163;163;163;48;2;15;15;15m39s[0m[38;2;242;242;242;48;2;15;15;15m      [0m[38;2;242;242;242;48;2;15;15;15m clean     [0m[38;2;242;242;242;48;2;15;15;15m                       [0m[27;107H[38;2;242;242;242;48;2;5;5;5m  [0m[27;109H
[28;1H[38;2;242;242;242;48;2;15;15;15m   [0m[38;2;242;242;242;48;2;15;15;15m [0m[38;2;163;163;163;48;2;15;15;15m17:20:22[0m[38;2;242;242;242;48;2;15;15;15m  [0m[38;2;242;242;242;48;2;15;15;15m [0m[38;2;163;163;163;48;2;15;15;15m0xb635…b40c[0m[38;2;242;242;242;48;2;15;15;15m [0m[38;2;242;242;242;48;2;15;15;15m egregore       [0m[38;2;242;242;242;48;2;15;15;15m [0m[38;2;163;163;163;48;2;15;15;15m→[0m[38;2;242;242;242;48;2;15;15;15m [0m[38;2;242;242;242;48;2;15;15;15m PSA10          [0m[38;2;242;242;242;48;2;15;15;15m [0m[38;2;163;163;163;48;2;15;15;15m6m48s[0m[38;2;242;242;242;48;2;15;15;15m    [0m[38;2;242;242;242;48;2;15;15;15m clean     [0m[38;2;242;242;242;48;2;15;15;15m                       [0m[28;107H[38;2;242;242;242;48;2;5;5;5m  [0m[28;109H
[29;1H[38;2;242;242;242;48;2;15;15;15m   [0m[38;2;242;242;242;48;2;15;15;15m [0m[38;2;163;163;163;48;2;15;15;15m17:20:22≈[0m[38;2;242;242;242;48;2;15;15;15m [0m[38;2;242;242;242;48;2;15;15;15m [0m[38;2;163;163;163;48;2;15;15;15m0x7f5a…0f15[0m[38;2;242;242;242;48;2;15;15;15m [0m[38;2;242;242;242;48;2;15;15;15m SLM            [0m[38;2;242;242;242;48;2;15;15;15m [0m[38;2;163;163;163;48;2;15;15;15m→[0m[38;2;242;242;242;48;2;15;15;15m [0m[38;2;242;242;242;48;2;15;15;15m PSA10          [0m[38;2;242;242;242;48;2;15;15;15m [0m[38;2;163;163;163;48;2;15;15;15m22m17s[0m[38;2;242;242;242;48;2;15;15;15m   [0m[38;2;242;242;242;48;2;15;15;15m clean     [0m[38;2;242;242;242;48;2;15;15;15m                       [0m[29;107H[38;2;242;242;242;48;2;5;5;5m  [0m[29;109H
[30;1H[38;2;242;242;242;48;2;15;15;15m   [0m[38;2;242;242;242;48;2;15;15;15m [0m[38;2;163;163;163;48;2;15;15;15m17:20:22≈[0m[38;2;242;242;242;48;2;15;15;15m [0m[38;2;242;242;242;48;2;15;15;15m [0m[38;2;163;163;163;48;2;15;15;15m0xd668…5abf[0m[38;2;242;242;242;48;2;15;15;15m [0m[38;2;242;242;242;48;2;15;15;15m TVK            [0m[38;2;242;242;242;48;2;15;15;15m [0m[38;2;163;163;163;48;2;15;15;15m→[0m[38;2;242;242;242;48;2;15;15;15m [0m[38;2;242;242;242;48;2;15;15;15m SPOILS         [0m[38;2;242;242;242;48;2;15;15;15m [0m[38;2;163;163;163;48;2;15;15;15m16m18s[0m[38;2;242;242;242;48;2;15;15;15m   [0m[38;2;242;242;242;48;2;15;15;15m clean     [0m[38;2;242;242;242;48;2;15;15;15m                       [0m[30;107H[38;2;242;242;242;48;2;5;5;5m  [0m[30;109H
[31;1H[38;2;242;242;242;48;2;15;15;15m   [0m[38;2;242;242;242;48;2;15;15;15m [0m[38;2;163;163;163;48;2;15;15;15m17:20:22≈[0m[38;2;242;242;242;48;2;15;15;15m [0m[38;2;242;242;242;48;2;15;15;15m [0m[38;2;163;163;163;48;2;15;15;15m0x822e…9cfa[0m[38;2;242;242;242;48;2;15;15;15m [0m[38;2;242;242;242;48;2;15;15;15m TVK            [0m[38;2;242;242;242;48;2;15;15;15m [0m[38;2;163;163;163;48;2;15;15;15m→[0m[38;2;242;242;242;48;2;15;15;15m [0m[38;2;242;242;242;48;2;15;15;15m SPOILS         [0m[38;2;242;242;242;48;2;15;15;15m [0m[38;2;163;163;163;48;2;15;15;15m16m18s[0m[38;2;242;242;242;48;2;15;15;15m   [0m[38;2;242;242;242;48;2;15;15;15m clean     [0m[38;2;242;242;242;48;2;15;15;15m                       [0m[31;107H[38;2;53;20;25;48;2;5;5;5m▁▁[0m[31;109H
[32;1H[38;2;242;242;242;48;2;15;15;15m   [0m[38;2;242;242;242;48;2;15;15;15m [0m[38;2;163;163;163;48;2;15;15;15m17:20:22≈[0m[38;2;242;242;242;48;2;15;15;15m [0m[38;2;242;242;242;48;2;15;15;15m [0m[38;2;163;163;163;48;2;15;15;15m0xc25f…838a[0m[38;2;242;242;242;48;2;15;15;15m [0m[38;2;242;242;242;48;2;15;15;15m TVK            [0m[38;2;242;242;242;48;2;15;15;15m [0m[38;2;163;163;163;48;2;15;15;15m→[0m[38;2;242;242;242;48;2;15;15;15m [0m[38;2;242;242;242;48;2;15;15;15m SPOILS         [0m[38;2;242;242;242;48;2;15;15;15m [0m[38;2;163;163;163;48;2;15;15;15m16m18s[0m[38;2;242;242;242;48;2;15;15;15m   [0m[38;2;242;242;242;48;2;15;15;15m clean     [0m[38;2;242;242;242;48;2;15;15;15m                       [0m[32;107H[7;38;2;53;20;25;48;2;5;5;5m▁▁[0m[32;109H
[33;1H[38;2;242;242;242;48;2;15;15;15m   [0m[38;2;242;242;242;48;2;15;15;15m [0m[38;2;163;163;163;48;2;15;15;15m17:20:22≈[0m[38;2;242;242;242;48;2;15;15;15m [0m[38;2;242;242;242;48;2;15;15;15m [0m[38;2;163;163;163;48;2;15;15;15m0x24d6…2f0b[0m[38;2;242;242;242;48;2;15;15;15m [0m[38;2;242;242;242;48;2;15;15;15m Piecoin        [0m[38;2;242;242;242;48;2;15;15;15m [0m[38;2;163;163;163;48;2;15;15;15m→[0m[38;2;242;242;242;48;2;15;15;15m [0m[38;2;242;242;242;48;2;15;15;15m TruffleHog     [0m[38;2;242;242;242;48;2;15;15;15m [0m[38;2;163;163;163;48;2;15;15;15m10m15s[0m[38;2;242;242;242;48;2;15;15;15m   [0m[38;2;242;242;242;48;2;15;15;15m clean     [0m[38;2;242;242;242;48;2;15;15;15m                       [0m[33;107H[38;2;242;242;242;48;2;5;5;5m  [0m[33;109H
[34;1H[38;2;242;242;242;48;2;15;15;15m   [0m[38;2;242;242;242;48;2;15;15;15m [0m[38;2;163;163;163;48;2;15;15;15m17:20:22≈[0m[38;2;242;242;242;48;2;15;15;15m [0m[38;2;242;242;242;48;2;15;15;15m [0m[38;2;163;163;163;48;2;15;15;15m0x8de3…1f75[0m[38;2;242;242;242;48;2;15;15;15m [0m[38;2;242;242;242;48;2;15;15;15m Piecoin        [0m[38;2;242;242;242;48;2;15;15;15m [0m[38;2;163;163;163;48;2;15;15;15m→[0m[38;2;242;242;242;48;2;15;15;15m [0m[38;2;242;242;242;48;2;15;15;15m TruffleHog     [0m[38;2;242;242;242;48;2;15;15;15m [0m[38;2;163;163;163;48;2;15;15;15m10m15s[0m[38;2;242;242;242;48;2;15;15;15m   [0m[38;2;242;242;242;48;2;15;15;15m clean     [0m[38;2;242;242;242;48;2;15;15;15m                       [0m[34;107H[38;2;242;242;242;48;2;5;5;5m  [0m[34;109H
[35;1H[38;2;242;242;242;48;2;15;15;15m   [0m[38;2;242;242;242;48;2;15;15;15m [0m[38;2;163;163;163;48;2;15;15;15m17:20:22≈[0m[38;2;242;242;242;48;2;15;15;15m [0m[38;2;242;242;242;48;2;15;15;15m [0m[38;2;163;163;163;48;2;15;15;15m0xae37…ba80[0m[38;2;242;242;242;48;2;15;15;15m [0m[38;2;242;242;242;48;2;15;15;15m Piecoin        [0m[38;2;242;242;242;48;2;15;15;15m [0m[38;2;163;163;163;48;2;15;15;15m→[0m[38;2;242;242;242;48;2;15;15;15m [0m[38;2;242;242;242;48;2;15;15;15m TruffleHog     [0m[38;2;242;242;242;48;2;15;15;15m [0m[38;2;163;163;163;48;2;15;15;15m10m13s[0m[38;2;242;242;242;48;2;15;15;15m   [0m[38;2;242;242;242;48;2;15;15;15m clean     [0m[38;2;242;242;242;48;2;15;15;15m                       [0m[35;107H[38;2;242;242;242;48;2;5;5;5m  [0m[35;109H
[36;1H[38;2;242;242;242;48;2;15;15;15m   [0m[38;2;242;242;242;48;2;15;15;15m [0m[38;2;163;163;163;48;2;15;15;15m17:20:22≈[0m[38;2;242;242;242;48;2;15;15;15m [0m[38;2;242;242;242;48;2;15;15;15m [0m[38;2;163;163;163;48;2;15;15;15m0xc76b…3490[0m[38;2;242;242;242;48;2;15;15;15m [0m[38;2;242;242;242;48;2;15;15;15m Piecoin        [0m[38;2;242;242;242;48;2;15;15;15m [0m[38;2;163;163;163;48;2;15;15;15m→[0m[38;2;242;242;242;48;2;15;15;15m [0m[38;2;242;242;242;48;2;15;15;15m TruffleHog     [0m[38;2;242;242;242;48;2;15;15;15m [0m[38;2;163;163;163;48;2;15;15;15m10m15s[0m[38;2;242;242;242;48;2;15;15;15m   [0m[38;2;242;242;242;48;2;15;15;15m clean     [0m[38;2;242;242;242;48;2;15;15;15m                       [0m[36;107H[38;2;242;242;242;48;2;5;5;5m  [0m[36;109H
[37;1H[38;2;242;242;242;48;2;15;15;15m   [0m[38;2;242;242;242;48;2;15;15;15m [0m[38;2;163;163;163;48;2;15;15;15m17:20:22≈[0m[38;2;242;242;242;48;2;15;15;15m [0m[38;2;242;242;242;48;2;15;15;15m [0m[38;2;163;163;163;48;2;15;15;15m0xd727…cf11[0m[38;2;242;242;242;48;2;15;15;15m [0m[38;2;242;242;242;48;2;15;15;15m BOW            [0m[38;2;242;242;242;48;2;15;15;15m [0m[38;2;163;163;163;48;2;15;15;15m→[0m[38;2;242;242;242;48;2;15;15;15m [0m[38;2;242;242;242;48;2;15;15;15m FAB            [0m[38;2;242;242;242;48;2;15;15;15m [0m[38;2;163;163;163;48;2;15;15;15m20s[0m[38;2;242;242;242;48;2;15;15;15m      [0m[38;2;242;242;242;48;2;15;15;15m clean     [0m[38;2;242;242;242;48;2;15;15;15m                       [0m[37;107H[38;2;242;242;242;48;2;5;5;5m  [0m[37;109H
[38;1H[38;2;242;242;242;48;2;15;15;15m   [0m[38;2;242;242;242;48;2;15;15;15m [0m[38;2;163;163;163;48;2;15;15;15m17:20:23≈[0m[38;2;242;242;242;48;2;15;15;15m [0m[38;2;242;242;242;48;2;15;15;15m [0m[38;2;163;163;163;48;2;15;15;15m0x9c13…dc8f[0m[38;2;242;242;242;48;2;15;15;15m [0m[38;2;242;242;242;48;2;15;15;15m Piecoin        [0m[38;2;242;242;242;48;2;15;15;15m [0m[38;2;163;163;163;48;2;15;15;15m→[0m[38;2;242;242;242;48;2;15;15;15m [0m[38;2;242;242;242;48;2;15;15;15m TruffleHog     [0m[38;2;242;242;242;48;2;15;15;15m [0m[38;2;163;163;163;48;2;15;15;15m10m16s[0m[38;2;242;242;242;48;2;15;15;15m   [0m[38;2;242;242;242;48;2;15;15;15m clean     [0m[38;2;242;242;242;48;2;15;15;15m                       [0m[38;107H[38;2;242;242;242;48;2;5;5;5m  [0m[38;109H
[40;111H[38;2;163;163;163;48;2;5;5;5mACTIVITY · observed sequences per 60s bucket · 30 buckets[0m[48;2;5;5;5m            [0m[40;180H
[41;111H[38;2;251;52;69;48;2;5;5;5m▇[0m[38;2;251;52;69;48;2;5;5;5m▇[0m[38;2;251;52;69;48;2;5;5;5m▇[0m[38;2;242;242;242;48;2;5;5;5m [0m[38;2;242;242;242;48;2;5;5;5m [0m[38;2;242;242;242;48;2;5;5;5m [0m[38;2;242;242;242;48;2;5;5;5m [0m[38;2;242;242;242;48;2;5;5;5m [0m[38;2;242;242;242;48;2;5;5;5m [0m[38;2;242;242;242;48;2;5;5;5m [0m[38;2;242;242;242;48;2;5;5;5m [0m[38;2;242;242;242;48;2;5;5;5m [0m[38;2;242;242;242;48;2;5;5;5m [0m[38;2;242;242;242;48;2;5;5;5m [0m[38;2;242;242;242;48;2;5;5;5m [0m[38;2;242;242;242;48;2;5;5;5m [0m[38;2;242;242;242;48;2;5;5;5m [0m[38;2;242;242;242;48;2;5;5;5m [0m[38;2;242;242;242;48;2;5;5;5m [0m[38;2;242;242;242;48;2;5;5;5m [0m[38;2;242;242;242;48;2;5;5;5m [0m[38;2;242;242;242;48;2;5;5;5m [0m[38;2;242;242;242;48;2;5;5;5m [0m[38;2;242;242;242;48;2;5;5;5m [0m[38;2;242;242;242;48;2;5;5;5m [0m[38;2;242;242;242;48;2;5;5;5m [0m[38;2;242;242;242;48;2;5;5;5m [0m[38;2;242;242;242;48;2;5;5;5m [0m[38;2;242;242;242;48;2;5;5;5m [0m[38;2;242;242;242;48;2;5;5;5m [0m[38;2;242;242;242;48;2;5;5;5m [0m[38;2;242;242;242;48;2;5;5;5m [0m[38;2;242;242;242;48;2;5;5;5m [0m[38;2;242;242;242;48;2;5;5;5m [0m[38;2;242;242;242;48;2;5;5;5m [0m[38;2;215;69;81;48;2;5;5;5m▁[0m[38;2;215;69;81;48;2;5;5;5m▁[0m[38;2;242;242;242;48;2;5;5;5m [0m[38;2;242;242;242;48;2;5;5;5m [0m[38;2;242;242;242;48;2;5;5;5m [0m[38;2;255;51;68;48;2;5;5;5m█[0m[38;2;255;51;68;48;2;5;5;5m█[0m[38;2;215;69;81;48;2;5;5;5m▁[0m[38;2;215;69;81;48;2;5;5;5m▁[0m[38;2;242;242;242;48;2;5;5;5m [0m[38;2;242;242;242;48;2;5;5;5m [0m[38;2;235;59;74;48;2;5;5;5m▄[0m[38;2;235;59;74;48;2;5;5;5m▄[0m[38;2;235;59;74;48;2;5;5;5m▄[0m[38;2;242;242;242;48;2;5;5;5m [0m[38;2;242;242;242;48;2;5;5;5m [0m[38;2;242;242;242;48;2;5;5;5m [0m[38;2;242;242;242;48;2;5;5;5m [0m[38;2;242;242;242;48;2;5;5;5m [0m[38;2;242;242;242;48;2;5;5;5m [0m[38;2;242;242;242;48;2;5;5;5m [0m[38;2;222;66;79;48;2;5;5;5m▂[0m[38;2;222;66;79;48;2;5;5;5m▂[0m[38;2;242;242;242;48;2;5;5;5m [0m[38;2;242;242;242;48;2;5;5;5m [0m[38;2;242;242;242;48;2;5;5;5m [0m[38;2;242;242;242;48;2;5;5;5m [0m[38;2;242;242;242;48;2;5;5;5m [0m[38;2;235;60;74;48;2;5;5;5m▄[0m[38;2;235;60;74;48;2;5;5;5m▄[0m[38;2;242;242;242;48;2;5;5;5m [0m[38;2;242;242;242;48;2;5;5;5m [0m[38;2;242;242;242;48;2;5;5;5m [0m[38;2;242;242;242;48;2;5;5;5m [0m[41;180H
[42;111H[38;2;251;52;69;48;2;5;5;5m█[0m[38;2;251;52;69;48;2;5;5;5m█[0m[38;2;251;52;69;48;2;5;5;5m█[0m[38;2;176;87;95;48;2;5;5;5m▂[0m[38;2;176;87;95;48;2;5;5;5m▂[0m[38;2;175;88;95;48;2;5;5;5m▂[0m[38;2;175;88;95;48;2;5;5;5m▂[0m[38;2;184;83;92;48;2;5;5;5m▄[0m[38;2;184;83;92;48;2;5;5;5m▄[0m[38;2;184;83;92;48;2;5;5;5m▄[0m[38;2;242;242;242;48;2;5;5;5m [0m[38;2;242;242;242;48;2;5;5;5m [0m[38;2;190;81;90;48;2;5;5;5m▅[0m[38;2;190;81;90;48;2;5;5;5m▅[0m[38;2;167;91;98;48;2;5;5;5m▁[0m[38;2;167;91;98;48;2;5;5;5m▁[0m[38;2;167;91;98;48;2;5;5;5m▁[0m[38;2;242;242;242;48;2;5;5;5m [0m[38;2;242;242;242;48;2;5;5;5m [0m[38;2;242;242;242;48;2;5;5;5m [0m[38;2;242;242;242;48;2;5;5;5m [0m[38;2;165;92;98;48;2;5;5;5m▁[0m[38;2;165;92;98;48;2;5;5;5m▁[0m[38;2;242;242;242;48;2;5;5;5m [0m[38;2;242;242;242;48;2;5;5;5m [0m[38;2;242;242;242;48;2;5;5;5m [0m[38;2;164;93;99;48;2;5;5;5m▁[0m[38;2;164;93;99;48;2;5;5;5m▁[0m[38;2;165;92;98;48;2;5;5;5m▁[0m[38;2;165;92;98;48;2;5;5;5m▁[0m[38;2;170;90;97;48;2;5;5;5m▂[0m[38;2;170;90;97;48;2;5;5;5m▂[0m[38;2;170;90;97;48;2;5;5;5m▂[0m[38;2;199;77;87;48;2;5;5;5m▆[0m[38;2;199;77;87;48;2;5;5;5m▆[0m[38;2;215;69;81;48;2;5;5;5m█[0m[38;2;215;69;81;48;2;5;5;5m█[0m[38;2;186;83;91;48;2;5;5;5m▄[0m[38;2;186;83;91;48;2;5;5;5m▄[0m[38;2;186;83;91;48;2;5;5;5m▄[0m[38;2;255;51;68;48;2;5;5;5m█[0m[38;2;255;51;68;48;2;5;5;5m█[0m[38;2;215;69;81;48;2;5;5;5m█[0m[38;2;215;69;81;48;2;5;5;5m█[0m[38;2;242;242;242;48;2;5;5;5m [0m[38;2;242;242;242;48;2;5;5;5m [0m[38;2;235;59;74;48;2;5;5;5m█[0m[38;2;235;59;74;48;2;5;5;5m█[0m[38;2;235;59;74;48;2;5;5;5m█[0m[38;2;210;71;83;48;2;5;5;5m█[0m[38;2;210;71;83;48;2;5;5;5m█[0m[38;2;209;72;83;48;2;5;5;5m█[0m[38;2;209;72;83;48;2;5;5;5m█[0m[38;2;191;80;89;48;2;5;5;5m▅[0m[38;2;191;80;89;48;2;5;5;5m▅[0m[38;2;191;80;89;48;2;5;5;5m▅[0m[38;2;222;66;79;48;2;5;5;5m█[0m[38;2;222;66;79;48;2;5;5;5m█[0m[38;2;242;242;242;48;2;5;5;5m [0m[38;2;242;242;242;48;2;5;5;5m [0m[38;2;191;80;89;48;2;5;5;5m▅[0m[38;2;191;80;89;48;2;5;5;5m▅[0m[38;2;191;80;89;48;2;5;5;5m▅[0m[38;2;235;60;74;48;2;5;5;5m█[0m[38;2;235;60;74;48;2;5;5;5m█[0m[38;2;242;242;242;48;2;5;5;5m [0m[38;2;242;242;242;48;2;5;5;5m [0m[38;2;242;242;242;48;2;5;5;5m [0m[38;2;242;242;242;48;2;5;5;5m [0m[42;180H
[43;111H[38;2;251;52;69;48;2;5;5;5m█[0m[38;2;251;52;69;48;2;5;5;5m█[0m[38;2;251;52;69;48;2;5;5;5m█[0m[38;2;176;87;95;48;2;5;5;5m█[0m[38;2;176;87;95;48;2;5;5;5m█[0m[38;2;175;88;95;48;2;5;5;5m█[0m[38;2;175;88;95;48;2;5;5;5m█[0m[38;2;184;83;92;48;2;5;5;5m█[0m[38;2;184;83;92;48;2;5;5;5m█[0m[38;2;184;83;92;48;2;5;5;5m█[0m[38;2;162;94;99;48;2;5;5;5m█[0m[38;2;162;94;99;48;2;5;5;5m█[0m[38;2;190;81;90;48;2;5;5;5m█[0m[38;2;190;81;90;48;2;5;5;5m█[0m[38;2;167;91;98;48;2;5;5;5m█[0m[38;2;167;91;98;48;2;5;5;5m█[0m[38;2;167;91;98;48;2;5;5;5m█[0m[38;2;148;100;104;48;2;5;5;5m▆[0m[38;2;148;100;104;48;2;5;5;5m▆[0m[38;2;122;113;113;48;2;5;5;5m▂[0m[38;2;122;113;113;48;2;5;5;5m▂[0m[38;2;165;92;98;48;2;5;5;5m█[0m[38;2;165;92;98;48;2;5;5;5m█[0m[38;2;132;108;110;48;2;5;5;5m▃[0m[38;2;132;108;110;48;2;5;5;5m▃[0m[38;2;132;108;110;48;2;5;5;5m▃[0m[38;2;164;93;99;48;2;5;5;5m█[0m[38;2;164;93;99;48;2;5;5;5m█[0m[38;2;165;92;98;48;2;5;5;5m█[0m[38;2;165;92;98;48;2;5;5;5m█[0m[38;2;170;90;97;48;2;5;5;5m█[0m[38;2;170;90;97;48;2;5;5;5m█[0m[38;2;170;90;97;48;2;5;5;5m█[0m[38;2;199;77;87;48;2;5;5;5m█[0m[38;2;199;77;87;48;2;5;5;5m█[0m[38;2;215;69;81;48;2;5;5;5m█[0m[38;2;215;69;81;48;2;5;5;5m█[0m[38;2;186;83;91;48;2;5;5;5m█[0m[38;2;186;83;91;48;2;5;5;5m█[0m[38;2;186;83;91;48;2;5;5;5m█[0m[38;2;255;51;68;48;2;5;5;5m█[0m[38;2;255;51;68;48;2;5;5;5m█[0m[38;2;215;69;81;48;2;5;5;5m█[0m[38;2;215;69;81;48;2;5;5;5m█[0m[38;2;154;98;102;48;2;5;5;5m▇[0m[38;2;154;98;102;48;2;5;5;5m▇[0m[38;2;235;59;74;48;2;5;5;5m█[0m[38;2;235;59;74;48;2;5;5;5m█[0m[38;2;235;59;74;48;2;5;5;5m█[0m[38;2;210;71;83;48;2;5;5;5m█[0m[38;2;210;71;83;48;2;5;5;5m█[0m[38;2;209;72;83;48;2;5;5;5m█[0m[38;2;209;72;83;48;2;5;5;5m█[0m[38;2;191;80;89;48;2;5;5;5m█[0m[38;2;191;80;89;48;2;5;5;5m█[0m[38;2;191;80;89;48;2;5;5;5m█[0m[38;2;222;66;79;48;2;5;5;5m█[0m[38;2;222;66;79;48;2;5;5;5m█[0m[38;2;146;101;105;48;2;5;5;5m▆[0m[38;2;146;101;105;48;2;5;5;5m▆[0m[38;2;191;80;89;48;2;5;5;5m█[0m[38;2;191;80;89;48;2;5;5;5m█[0m[38;2;191;80;89;48;2;5;5;5m█[0m[38;2;235;60;74;48;2;5;5;5m█[0m[38;2;235;60;74;48;2;5;5;5m█[0m[38;2;116;116;116;48;2;5;5;5m▁[0m[38;2;116;116;116;48;2;5;5;5m▁[0m[38;2;159;95;100;48;2;5;5;5m█[0m[38;2;159;95;100;48;2;5;5;5m█[0m[43;180H
[44;111H[38;2;163;163;163;48;2;5;5;5m16:56:41 → 17:26:41 UTC · peak 303/bucket · total 6306[0m[48;2;5;5;5m               [0m[44;180H[2;5H[8;111H[1;38;2;242;242;242;48;2;5;5;5mTruffleHog → ZenoCoin[0m[48;2;5;5;5m                                                [0m[8;180H
[9;1H[38;2;163;163;163;48;2;15;15;15m   [0m[38;2;163;163;163;48;2;15;15;15m TIME UTC  [0m[38;2;163;163;163;48;2;15;15;15m WALLET      [0m[38;2;163;163;163;48;2;15;15;15m SOLD           [0m[38;2;163;163;163;48;2;15;15;15m   [0m[38;2;163;163;163;48;2;15;15;15m BOUGHT         [0m[38;2;163;163;163;48;2;15;15;15m GAP      [0m[38;2;163;163;163;48;2;15;15;15m GRADE     [0m[38;2;163;163;163;48;2;15;15;15m                       [0m[9;107H[38;2;242;242;242;48;2;5;5;5m  [0m[9;109H
[9;111H[38;2;163;163;163;48;2;5;5;5m0x045b…bd82 → 0x4e63…27ff[0m[48;2;5;5;5m                                            [0m[9;180H
[10;1H[38;2;242;242;242;48;2;15;15;15m [0m[38;2;255;51;68;48;2;15;15;15m▌[0m[38;2;242;242;242;48;2;15;15;15m [0m[38;2;242;242;242;48;2;15;15;15m [0m[38;2;163;163;163;48;2;15;15;15m17:26:33≈[0m[38;2;242;242;242;48;2;15;15;15m [0m[38;2;242;242;242;48;2;15;15;15m [0m[38;2;163;163;163;48;2;15;15;15m0x507d…74c5[0m[38;2;242;242;242;48;2;15;15;15m [0m[38;2;242;242;242;48;2;15;15;15m STOXA          [0m[38;2;242;242;242;48;2;15;15;15m [0m[38;2;255;51;68;48;2;15;15;15m→[0m[38;2;242;242;242;48;2;15;15;15m [0m[38;2;242;242;242;48;2;15;15;15m BETA           [0m[38;2;242;242;242;48;2;15;15;15m [0m[38;2;163;163;163;48;2;15;15;15m24m57s[0m[38;2;242;242;242;48;2;15;15;15m   [0m[38;2;242;242;242;48;2;15;15;15m clean     [0m[38;2;242;242;242;48;2;15;15;15m                       [0m[10;107H[38;2;242;242;242;48;2;5;5;5m  [0m[10;109H
[10;111H[38;2;242;242;242;48;2;5;5;5m[0m[48;2;5;5;5m                                                                     [0m[10;180H
[11;1H[38;2;242;242;242;48;2;15;15;15m [0m[38;2;255;51;68;48;2;15;15;15m▌[0m[38;2;242;242;242;48;2;15;15;15m [0m[38;2;242;242;242;48;2;15;15;15m [0m[38;2;163;163;163;48;2;15;15;15m17:26:33≈[0m[38;2;242;242;242;48;2;15;15;15m [0m[38;2;242;242;242;48;2;15;15;15m [0m[38;2;163;163;163;48;2;15;15;15m0x1360…5d7c[0m[38;2;242;242;242;48;2;15;15;15m [0m[38;2;242;242;242;48;2;15;15;15m STOXA          [0m[38;2;242;242;242;48;2;15;15;15m [0m[38;2;255;51;68;48;2;15;15;15m→[0m[38;2;242;242;242;48;2;15;15;15m [0m[38;2;242;242;242;48;2;15;15;15m BETA           [0m[38;2;242;242;242;48;2;15;15;15m [0m[38;2;163;163;163;48;2;15;15;15m24m57s[0m[38;2;242;242;242;48;2;15;15;15m   [0m[38;2;242;242;242;48;2;15;15;15m clean     [0m[38;2;242;242;242;48;2;15;15;15m                       [0m[11;107H[38;2;242;242;242;48;2;5;5;5m  [0m[11;109H
[11;111H[38;2;242;242;242;48;2;5;5;5mwallet 0xedb7…1557[0m[48;2;5;5;5m                                                   [0m[11;180H
[12;1H[38;2;242;242;242;48;2;15;15;15m [0m[38;2;255;51;68;48;2;15;15;15m▌[0m[38;2;242;242;242;48;2;15;15;15m [0m[38;2;242;242;242;48;2;15;15;15m [0m[38;2;163;163;163;48;2;15;15;15m17:26:33≈[0m[38;2;242;242;242;48;2;15;15;15m [0m[38;2;242;242;242;48;2;15;15;15m [0m[38;2;163;163;163;48;2;15;15;15m0x05a6…7760[0m[38;2;242;242;242;48;2;15;15;15m [0m[38;2;242;242;242;48;2;15;15;15m STOXA          [0m[38;2;242;242;242;48;2;15;15;15m [0m[38;2;255;51;68;48;2;15;15;15m→[0m[38;2;242;242;242;48;2;15;15;15m [0m[38;2;242;242;242;48;2;15;15;15m BETA           [0m[38;2;242;242;242;48;2;15;15;15m [0m[38;2;163;163;163;48;2;15;15;15m24m57s[0m[38;2;242;242;242;48;2;15;15;15m   [0m[38;2;242;242;242;48;2;15;15;15m clean     [0m[38;2;242;242;242;48;2;15;15;15m                       [0m[12;107H[38;2;242;242;242;48;2;5;5;5m  [0m[12;109H
[12;111H[38;2;163;163;163;48;2;5;5;5msold   17:26:41 UTC[0m[48;2;5;5;5m                                                  [0m[12;180H
[13;1H[38;2;242;242;242;48;2;15;15;15m [0m[38;2;255;51;68;48;2;15;15;15m▌[0m[38;2;242;242;242;48;2;15;15;15m [0m[38;2;242;242;242;48;2;15;15;15m [0m[38;2;163;163;163;48;2;15;15;15m17:26:33≈[0m[38;2;242;242;242;48;2;15;15;15m [0m[38;2;242;242;242;48;2;15;15;15m [0m[38;2;163;163;163;48;2;15;15;15m0x2270…aac5[0m[38;2;242;242;242;48;2;15;15;15m [0m[38;2;242;242;242;48;2;15;15;15m egregore       [0m[38;2;242;242;242;48;2;15;15;15m [0m[38;2;255;51;68;48;2;15;15;15m→[0m[38;2;242;242;242;48;2;15;15;15m [0m[38;2;242;242;242;48;2;15;15;15m TGCOINS        [0m[38;2;242;242;242;48;2;15;15;15m [0m[38;2;163;163;163;48;2;15;15;15m12m11s[0m[38;2;242;242;242;48;2;15;15;15m   [0m[38;2;242;242;242;48;2;15;15;15m clean     [0m[38;2;242;242;242;48;2;15;15;15m                       [0m[13;107H[38;2;242;242;242;48;2;5;5;5m  [0m[13;109H
[13;111H[38;2;163;163;163;48;2;5;5;5mbought 17:26:41≈ UTC · gap 0s · direct[0m[48;2;5;5;5m                               [0m[13;180H
[14;1H[38;2;242;242;242;48;2;15;15;15m [0m[38;2;255;51;68;48;2;15;15;15m▌[0m[38;2;242;242;242;48;2;15;15;15m [0m[38;2;242;242;242;48;2;15;15;15m [0m[38;2;163;163;163;48;2;15;15;15m17:26:34≈[0m[38;2;242;242;242;48;2;15;15;15m [0m[38;2;242;242;242;48;2;15;15;15m [0m[38;2;163;163;163;48;2;15;15;15m0x511b…dd3c[0m[38;2;242;242;242;48;2;15;15;15m [0m[38;2;242;242;242;48;2;15;15;15m FLY            [0m[38;2;242;242;242;48;2;15;15;15m [0m[38;2;255;51;68;48;2;15;15;15m→[0m[38;2;242;242;242;48;2;15;15;15m [0m[38;2;242;242;242;48;2;15;15;15m MANY           [0m[38;2;242;242;242;48;2;15;15;15m [0m[38;2;163;163;163;48;2;15;15;15m11m28s[0m[38;2;242;242;242;48;2;15;15;15m   [0m[38;2;242;242;242;48;2;15;15;15m clean     [0m[38;2;242;242;242;48;2;15;15;15m                       [0m[14;107H[38;2;242;242;242;48;2;5;5;5m  [0m[14;109H
[14;111H[38;2;163;163;163;48;2;5;5;5msell tx 0xf3df…686e[0m[48;2;5;5;5m                                                  [0m[14;180H
[15;1H[38;2;242;242;242;48;2;15;15;15m [0m[38;2;255;51;68;48;2;15;15;15m▌[0m[38;2;242;242;242;48;2;15;15;15m [0m[38;2;242;242;242;48;2;15;15;15m [0m[38;2;163;163;163;48;2;15;15;15m17:26:34≈[0m[38;2;242;242;242;48;2;15;15;15m [0m[38;2;242;242;242;48;2;15;15;15m [0m[38;2;163;163;163;48;2;15;15;15m0x62b5…aa49[0m[38;2;242;242;242;48;2;15;15;15m [0m[38;2;242;242;242;48;2;15;15;15m AA             [0m[38;2;242;242;242;48;2;15;15;15m [0m[38;2;255;51;68;48;2;15;15;15m→[0m[38;2;242;242;242;48;2;15;15;15m [0m[38;2;242;242;242;48;2;15;15;15m MOO            [0m[38;2;242;242;242;48;2;15;15;15m [0m[38;2;163;163;163;48;2;15;15;15m3m47s[0m[38;2;242;242;242;48;2;15;15;15m    [0m[38;2;242;242;242;48;2;15;15;15m clean     [0m[38;2;242;242;242;48;2;15;15;15m                       [0m[15;107H[38;2;242;242;242;48;2;5;5;5m  [0m[15;109H
[15;111H[38;2;163;163;163;48;2;5;5;5mbuy tx  0xf3df…686e[0m[48;2;5;5;5m                                                  [0m[15;180H
[16;1H[38;2;242;242;242;48;2;15;15;15m [0m[38;2;255;51;68;48;2;15;15;15m▌[0m[38;2;242;242;242;48;2;15;15;15m [0m[38;2;242;242;242;48;2;15;15;15m [0m[38;2;163;163;163;48;2;15;15;15m17:26:34≈[0m[38;2;242;242;242;48;2;15;15;15m [0m[38;2;242;242;242;48;2;15;15;15m [0m[38;2;163;163;163;48;2;15;15;15m0x2b74…4cf2[0m[38;2;242;242;242;48;2;15;15;15m [0m[38;2;242;242;242;48;2;15;15;15m DOME           [0m[38;2;242;242;242;48;2;15;15;15m [0m[38;2;255;51;68;48;2;15;15;15m→[0m[38;2;242;242;242;48;2;15;15;15m [0m[38;2;242;242;242;48;2;15;15;15m SAGA           [0m[38;2;242;242;242;48;2;15;15;15m [0m[38;2;163;163;163;48;2;15;15;15m10m21s[0m[38;2;242;242;242;48;2;15;15;15m   [0m[38;2;242;242;242;48;2;15;15;15m clean     [0m[38;2;242;242;242;48;2;15;15;15m                       [0m[16;107H[38;2;242;242;242;48;2;5;5;5m  [0m[16;109H
[16;111H[38;2;242;242;242;48;2;5;5;5m[0m[48;2;5;5;5m                                                                     [0m[16;180H
[17;1H[38;2;242;242;242;48;2;15;15;15m [0m[38;2;255;51;68;48;2;15;15;15m▌[0m[38;2;242;242;242;48;2;15;15;15m [0m[38;2;242;242;242;48;2;15;15;15m [0m[38;2;163;163;163;48;2;15;15;15m17:26:34≈[0m[38;2;242;242;242;48;2;15;15;15m [0m[38;2;242;242;242;48;2;15;15;15m [0m[38;2;163;163;163;48;2;15;15;15m0xc656…4c3d[0m[38;2;242;242;242;48;2;15;15;15m [0m[38;2;242;242;242;48;2;15;15;15m STOXA          [0m[38;2;242;242;242;48;2;15;15;15m [0m[38;2;255;51;68;48;2;15;15;15m→[0m[38;2;242;242;242;48;2;15;15;15m [0m[38;2;242;242;242;48;2;15;15;15m BETA           [0m[38;2;242;242;242;48;2;15;15;15m [0m[38;2;163;163;163;48;2;15;15;15m24m58s[0m[38;2;242;242;242;48;2;15;15;15m   [0m[38;2;242;242;242;48;2;15;15;15m clean     [0m[38;2;242;242;242;48;2;15;15;15m                       [0m[17;107H[38;2;242;242;242;48;2;5;5;5m  [0m[17;109H
[17;111H[38;2;116;116;116;48;2;5;5;5mEnter: all wallets on this pair[0m[48;2;5;5;5m                                      [0m[17;180H
[18;1H[38;2;242;242;242;48;2;15;15;15m [0m[38;2;255;51;68;48;2;15;15;15m▌[0m[38;2;242;242;242;48;2;15;15;15m [0m[38;2;242;242;242;48;2;15;15;15m [0m[38;2;163;163;163;48;2;15;15;15m17:26:34≈[0m[38;2;242;242;242;48;2;15;15;15m [0m[38;2;242;242;242;48;2;15;15;15m [0m[38;2;163;163;163;48;2;15;15;15m0x3c35…d884[0m[38;2;242;242;242;48;2;15;15;15m [0m[38;2;242;242;242;48;2;15;15;15m STOXA          [0m[38;2;242;242;242;48;2;15;15;15m [0m[38;2;255;51;68;48;2;15;15;15m→[0m[38;2;242;242;242;48;2;15;15;15m [0m[38;2;242;242;242;48;2;15;15;15m BETA           [0m[38;2;242;242;242;48;2;15;15;15m [0m[38;2;163;163;163;48;2;15;15;15m24m58s[0m[38;2;242;242;242;48;2;15;15;15m   [0m[38;2;242;242;242;48;2;15;15;15m clean     [0m[38;2;242;242;242;48;2;15;15;15m                       [0m[18;107H[38;2;242;242;242;48;2;5;5;5m  [0m[18;109H
[19;1H[38;2;242;242;242;48;2;15;15;15m [0m[38;2;255;51;68;48;2;15;15;15m▌[0m[38;2;242;242;242;48;2;15;15;15m [0m[38;2;242;242;242;48;2;15;15;15m [0m[38;2;163;163;163;48;2;15;15;15m17:26:34≈[0m[38;2;242;242;242;48;2;15;15;15m [0m[38;2;242;242;242;48;2;15;15;15m [0m[38;2;163;163;163;48;2;15;15;15m0x4314…c985[0m[38;2;242;242;242;48;2;15;15;15m [0m[38;2;242;242;242;48;2;15;15;15m STOXA          [0m[38;2;242;242;242;48;2;15;15;15m [0m[38;2;255;51;68;48;2;15;15;15m→[0m[38;2;242;242;242;48;2;15;15;15m [0m[38;2;242;242;242;48;2;15;15;15m BETA           [0m[38;2;242;242;242;48;2;15;15;15m [0m[38;2;163;163;163;48;2;15;15;15m24m58s[0m[38;2;242;242;242;48;2;15;15;15m   [0m[38;2;242;242;242;48;2;15;15;15m clean     [0m[38;2;242;242;242;48;2;15;15;15m                       [0m[19;107H[38;2;242;242;242;48;2;5;5;5m  [0m[19;109H
[20;1H[38;2;242;242;242;48;2;15;15;15m [0m[38;2;255;51;68;48;2;15;15;15m▌[0m[38;2;242;242;242;48;2;15;15;15m [0m[38;2;242;242;242;48;2;15;15;15m [0m[38;2;163;163;163;48;2;15;15;15m17:26:35≈[0m[38;2;242;242;242;48;2;15;15;15m [0m[38;2;242;242;242;48;2;15;15;15m [0m[38;2;163;163;163;48;2;15;15;15m0x2155…f54a[0m[38;2;242;242;242;48;2;15;15;15m [0m[38;2;242;242;242;48;2;15;15;15m DOME           [0m[38;2;242;242;242;48;2;15;15;15m [0m[38;2;255;51;68;48;2;15;15;15m→[0m[38;2;242;242;242;48;2;15;15;15m [0m[38;2;242;242;242;48;2;15;15;15m SAGA           [0m[38;2;242;242;242;48;2;15;15;15m [0m[38;2;163;163;163;48;2;15;15;15m10m22s[0m[38;2;242;242;242;48;2;15;15;15m   [0m[38;2;242;242;242;48;2;15;15;15m clean     [0m[38;2;242;242;242;48;2;15;15;15m                       [0m[20;107H[38;2;242;242;242;48;2;5;5;5m  [0m[20;109H
[21;1H[38;2;242;242;242;48;2;15;15;15m [0m[38;2;255;51;68;48;2;15;15;15m▌[0m[38;2;242;242;242;48;2;15;15;15m [0m[38;2;242;242;242;48;2;15;15;15m [0m[38;2;163;163;163;48;2;15;15;15m17:26:35≈[0m[38;2;242;242;242;48;2;15;15;15m [0m[38;2;242;242;242;48;2;15;15;15m [0m[38;2;163;163;163;48;2;15;15;15m0x2820…a9fe[0m[38;2;242;242;242;48;2;15;15;15m [0m[38;2;242;242;242;48;2;15;15;15m STOXA          [0m[38;2;242;242;242;48;2;15;15;15m [0m[38;2;255;51;68;48;2;15;15;15m→[0m[38;2;242;242;242;48;2;15;15;15m [0m[38;2;242;242;242;48;2;15;15;15m BETA           [0m[38;2;242;242;242;48;2;15;15;15m [0m[38;2;163;163;163;48;2;15;15;15m24m59s[0m[38;2;242;242;242;48;2;15;15;15m   [0m[38;2;242;242;242;48;2;15;15;15m clean     [0m[38;2;242;242;242;48;2;15;15;15m                       [0m[21;107H[38;2;242;242;242;48;2;5;5;5m  [0m[21;109H
[22;1H[38;2;242;242;242;48;2;15;15;15m [0m[38;2;255;51;68;48;2;15;15;15m▌[0m[38;2;242;242;242;48;2;15;15;15m [0m[38;2;242;242;242;48;2;15;15;15m [0m[38;2;163;163;163;48;2;15;15;15m17:26:35≈[0m[38;2;242;242;242;48;2;15;15;15m [0m[38;2;242;242;242;48;2;15;15;15m [0m[38;2;163;163;163;48;2;15;15;15m0x6d5b…1dd6[0m[38;2;242;242;242;48;2;15;15;15m [0m[38;2;242;242;242;48;2;15;15;15m STOXA          [0m[38;2;242;242;242;48;2;15;15;15m [0m[38;2;255;51;68;48;2;15;15;15m→[0m[38;2;242;242;242;48;2;15;15;15m [0m[38;2;242;242;242;48;2;15;15;15m BETA           [0m[38;2;242;242;242;48;2;15;15;15m [0m[38;2;163;163;163;48;2;15;15;15m24m59s[0m[38;2;242;242;242;48;2;15;15;15m   [0m[38;2;242;242;242;48;2;15;15;15m clean     [0m[38;2;242;242;242;48;2;15;15;15m                       [0m[22;107H[38;2;242;242;242;48;2;5;5;5m  [0m[22;109H
[23;1H[38;2;242;242;242;48;2;15;15;15m [0m[38;2;255;51;68;48;2;15;15;15m▌[0m[38;2;242;242;242;48;2;15;15;15m [0m[38;2;242;242;242;48;2;15;15;15m [0m[38;2;163;163;163;48;2;15;15;15m17:26:36≈[0m[38;2;242;242;242;48;2;15;15;15m [0m[38;2;242;242;242;48;2;15;15;15m [0m[38;2;163;163;163;48;2;15;15;15m0x940d…5d88[0m[38;2;242;242;242;48;2;15;15;15m [0m[38;2;242;242;242;48;2;15;15;15m MANY           [0m[38;2;242;242;242;48;2;15;15;15m [0m[38;2;255;51;68;48;2;15;15;15m→[0m[38;2;242;242;242;48;2;15;15;15m [0m[38;2;242;242;242;48;2;15;15;15m HEDGE          [0m[38;2;242;242;242;48;2;15;15;15m [0m[38;2;163;163;163;48;2;15;15;15m8m28s[0m[38;2;242;242;242;48;2;15;15;15m    [0m[38;2;242;242;242;48;2;15;15;15m clean     [0m[38;2;242;242;242;48;2;15;15;15m                       [0m[23;107H[38;2;242;242;242;48;2;5;5;5m  [0m[23;109H
[24;1H[38;2;242;242;242;48;2;15;15;15m [0m[38;2;255;51;68;48;2;15;15;15m▌[0m[38;2;242;242;242;48;2;15;15;15m [0m[38;2;242;242;242;48;2;15;15;15m [0m[38;2;163;163;163;48;2;15;15;15m17:26:36≈[0m[38;2;242;242;242;48;2;15;15;15m [0m[38;2;242;242;242;48;2;15;15;15m [0m[38;2;163;163;163;48;2;15;15;15m0xd310…0632[0m[38;2;242;242;242;48;2;15;15;15m [0m[38;2;242;242;242;48;2;15;15;15m Lemon          [0m[38;2;242;242;242;48;2;15;15;15m [0m[38;2;255;51;68;48;2;15;15;15m→[0m[38;2;242;242;242;48;2;15;15;15m [0m[38;2;242;242;242;48;2;15;15;15m LUNAR          [0m[38;2;242;242;242;48;2;15;15;15m [0m[38;2;163;163;163;48;2;15;15;15m16m06s[0m[38;2;242;242;242;48;2;15;15;15m   [0m[38;2;242;242;242;48;2;15;15;15m clean     [0m[38;2;242;242;242;48;2;15;15;15m                       [0m[24;107H[38;2;242;242;242;48;2;5;5;5m  [0m[24;109H
[25;1H[38;2;242;242;242;48;2;15;15;15m [0m[38;2;255;51;68;48;2;15;15;15m▌[0m[38;2;242;242;242;48;2;15;15;15m [0m[38;2;242;242;242;48;2;15;15;15m [0m[38;2;163;163;163;48;2;15;15;15m17:26:36≈[0m[38;2;242;242;242;48;2;15;15;15m [0m[38;2;242;242;242;48;2;15;15;15m [0m[38;2;163;163;163;48;2;15;15;15m0xfe93…7166[0m[38;2;242;242;242;48;2;15;15;15m [0m[38;2;242;242;242;48;2;15;15;15m Yo-yo          [0m[38;2;242;242;242;48;2;15;15;15m [0m[38;2;255;51;68;48;2;15;15;15m→[0m[38;2;242;242;242;48;2;15;15;15m [0m[38;2;242;242;242;48;2;15;15;15m INFERNET       [0m[38;2;242;242;242;48;2;15;15;15m [0m[38;2;163;163;163;48;2;15;15;15m13m22s[0m[38;2;242;242;242;48;2;15;15;15m   [0m[38;2;242;242;242;48;2;15;15;15m clean     [0m[38;2;242;242;242;48;2;15;15;15m                       [0m[25;107H[38;2;242;242;242;48;2;5;5;5m  [0m[25;109H
[26;1H[38;2;242;242;242;48;2;15;15;15m [0m[38;2;255;51;68;48;2;15;15;15m▌[0m[38;2;242;242;242;48;2;15;15;15m [0m[38;2;242;242;242;48;2;15;15;15m [0m[38;2;163;163;163;48;2;15;15;15m17:26:36≈[0m[38;2;242;242;242;48;2;15;15;15m [0m[38;2;242;242;242;48;2;15;15;15m [0m[38;2;163;163;163;48;2;15;15;15m0xd827…2a37[0m[38;2;242;242;242;48;2;15;15;15m [0m[38;2;242;242;242;48;2;15;15;15m PONTRADES      [0m[38;2;242;242;242;48;2;15;15;15m [0m[38;2;255;51;68;48;2;15;15;15m→[0m[38;2;242;242;242;48;2;15;15;15m [0m[38;2;242;242;242;48;2;15;15;15m COPE           [0m[38;2;242;242;242;48;2;15;15;15m [0m[38;2;163;163;163;48;2;15;15;15m18m41s[0m[38;2;242;242;242;48;2;15;15;15m   [0m[38;2;242;242;242;48;2;15;15;15m clean     [0m[38;2;242;242;242;48;2;15;15;15m                       [0m[26;107H[38;2;242;242;242;48;2;5;5;5m  [0m[26;109H
[27;1H[38;2;242;242;242;48;2;15;15;15m [0m[38;2;255;51;68;48;2;15;15;15m▌[0m[38;2;242;242;242;48;2;15;15;15m [0m[38;2;242;242;242;48;2;15;15;15m [0m[38;2;163;163;163;48;2;15;15;15m17:26:38≈[0m[38;2;242;242;242;48;2;15;15;15m [0m[38;2;242;242;242;48;2;15;15;15m [0m[38;2;163;163;163;48;2;15;15;15m0x3ced…9cd7[0m[38;2;242;242;242;48;2;15;15;15m [0m[38;2;242;242;242;48;2;15;15;15m TruffleHog     [0m[38;2;242;242;242;48;2;15;15;15m [0m[38;2;255;51;68;48;2;15;15;15m→[0m[38;2;242;242;242;48;2;15;15;15m [0m[38;2;242;242;242;48;2;15;15;15m MINER          [0m[38;2;242;242;242;48;2;15;15;15m [0m[38;2;163;163;163;48;2;15;15;15m7m26s[0m[38;2;242;242;242;48;2;15;15;15m    [0m[38;2;242;242;242;48;2;15;15;15m clean     [0m[38;2;242;242;242;48;2;15;15;15m                       [0m[27;107H[38;2;242;242;242;48;2;5;5;5m  [0m[27;109H
[28;1H[38;2;242;242;242;48;2;15;15;15m [0m[38;2;255;51;68;48;2;15;15;15m▌[0m[38;2;242;242;242;48;2;15;15;15m [0m[38;2;242;242;242;48;2;15;15;15m [0m[38;2;163;163;163;48;2;15;15;15m17:26:38≈[0m[38;2;242;242;242;48;2;15;15;15m [0m[38;2;242;242;242;48;2;15;15;15m [0m[38;2;163;163;163;48;2;15;15;15m0xa3d4…5a96[0m[38;2;242;242;242;48;2;15;15;15m [0m[38;2;242;242;242;48;2;15;15;15m DOME           [0m[38;2;242;242;242;48;2;15;15;15m [0m[38;2;255;51;68;48;2;15;15;15m→[0m[38;2;242;242;242;48;2;15;15;15m [0m[38;2;242;242;242;48;2;15;15;15m SAGA           [0m[38;2;242;242;242;48;2;15;15;15m [0m[38;2;163;163;163;48;2;15;15;15m10m25s[0m[38;2;242;242;242;48;2;15;15;15m   [0m[38;2;242;242;242;48;2;15;15;15m clean     [0m[38;2;242;242;242;48;2;15;15;15m                       [0m[28;107H[38;2;242;242;242;48;2;5;5;5m  [0m[28;109H
[29;1H[38;2;242;242;242;48;2;15;15;15m [0m[38;2;255;51;68;48;2;15;15;15m▌[0m[38;2;242;242;242;48;2;15;15;15m [0m[38;2;242;242;242;48;2;15;15;15m [0m[38;2;163;163;163;48;2;15;15;15m17:26:40≈[0m[38;2;242;242;242;48;2;15;15;15m [0m[38;2;242;242;242;48;2;15;15;15m [0m[38;2;163;163;163;48;2;15;15;15m0x7084…859a[0m[38;2;242;242;242;48;2;15;15;15m [0m[38;2;242;242;242;48;2;15;15;15m TruffleHog     [0m[38;2;242;242;242;48;2;15;15;15m [0m[38;2;255;51;68;48;2;15;15;15m→[0m[38;2;242;242;242;48;2;15;15;15m [0m[38;2;242;242;242;48;2;15;15;15m FLY            [0m[38;2;242;242;242;48;2;15;15;15m [0m[38;2;163;163;163;48;2;15;15;15m4m12s[0m[38;2;242;242;242;48;2;15;15;15m    [0m[38;2;242;242;242;48;2;15;15;15m clean     [0m[38;2;242;242;242;48;2;15;15;15m                       [0m[29;107H[38;2;242;242;242;48;2;5;5;5m  [0m[29;109H
[30;1H[38;2;242;242;242;48;2;15;15;15m [0m[38;2;255;51;68;48;2;15;15;15m▌[0m[38;2;242;242;242;48;2;15;15;15m [0m[38;2;242;242;242;48;2;15;15;15m [0m[38;2;163;163;163;48;2;15;15;15m17:26:40≈[0m[38;2;242;242;242;48;2;15;15;15m [0m[38;2;242;242;242;48;2;15;15;15m [0m[38;2;163;163;163;48;2;15;15;15m0xb1a4…7d58[0m[38;2;242;242;242;48;2;15;15;15m [0m[38;2;242;242;242;48;2;15;15;15m STOXA          [0m[38;2;242;242;242;48;2;15;15;15m [0m[38;2;255;51;68;48;2;15;15;15m→[0m[38;2;242;242;242;48;2;15;15;15m [0m[38;2;242;242;242;48;2;15;15;15m BETA           [0m[38;2;242;242;242;48;2;15;15;15m [0m[38;2;163;163;163;48;2;15;15;15m25m04s[0m[38;2;242;242;242;48;2;15;15;15m   [0m[38;2;242;242;242;48;2;15;15;15m clean     [0m[38;2;242;242;242;48;2;15;15;15m                       [0m[30;107H[38;2;242;242;242;48;2;5;5;5m  [0m[30;109H
[31;1H[38;2;242;242;242;48;2;15;15;15m [0m[38;2;255;51;68;48;2;15;15;15m▌[0m[38;2;242;242;242;48;2;15;15;15m [0m[38;2;242;242;242;48;2;15;15;15m [0m[38;2;163;163;163;48;2;15;15;15m17:26:40≈[0m[38;2;242;242;242;48;2;15;15;15m [0m[38;2;242;242;242;48;2;15;15;15m [0m[38;2;163;163;163;48;2;15;15;15m0xd24a…a1fb[0m[38;2;242;242;242;48;2;15;15;15m [0m[38;2;242;242;242;48;2;15;15;15m STOXA          [0m[38;2;242;242;242;48;2;15;15;15m [0m[38;2;255;51;68;48;2;15;15;15m→[0m[38;2;242;242;242;48;2;15;15;15m [0m[38;2;242;242;242;48;2;15;15;15m BETA           [0m[38;2;242;242;242;48;2;15;15;15m [0m[38;2;163;163;163;48;2;15;15;15m25m04s[0m[38;2;242;242;242;48;2;15;15;15m   [0m[38;2;242;242;242;48;2;15;15;15m clean     [0m[38;2;242;242;242;48;2;15;15;15m                       [0m[31;107H[38;2;242;242;242;48;2;5;5;5m  [0m[31;109H
[32;1H[38;2;242;242;242;48;2;15;15;15m [0m[38;2;255;51;68;48;2;15;15;15m▌[0m[38;2;242;242;242;48;2;15;15;15m [0m[38;2;242;242;242;48;2;15;15;15m [0m[38;2;163;163;163;48;2;15;15;15m17:26:40≈[0m[38;2;242;242;242;48;2;15;15;15m [0m[38;2;242;242;242;48;2;15;15;15m [0m[38;2;163;163;163;48;2;15;15;15m0xc64b…11d6[0m[38;2;242;242;242;48;2;15;15;15m [0m[38;2;242;242;242;48;2;15;15;15m OPEN YIELD     [0m[38;2;242;242;242;48;2;15;15;15m [0m[38;2;255;51;68;48;2;15;15;15m→[0m[38;2;242;242;242;48;2;15;15;15m [0m[38;2;242;242;242;48;2;15;15;15m TGCOINS        [0m[38;2;242;242;242;48;2;15;15;15m [0m[38;2;163;163;163;48;2;15;15;15m7m16s[0m[38;2;242;242;242;48;2;15;15;15m    [0m[38;2;242;242;242;48;2;15;15;15m clean     [0m[38;2;242;242;242;48;2;15;15;15m                       [0m[32;107H[38;2;242;242;242;48;2;5;5;5m  [0m[32;109H
[33;1H[38;2;242;242;242;48;2;15;15;15m [0m[38;2;255;51;68;48;2;15;15;15m▌[0m[38;2;242;242;242;48;2;15;15;15m [0m[38;2;242;242;242;48;2;15;15;15m [0m[38;2;163;163;163;48;2;15;15;15m17:26:40≈[0m[38;2;242;242;242;48;2;15;15;15m [0m[38;2;242;242;242;48;2;15;15;15m [0m[38;2;163;163;163;48;2;15;15;15m0x7711…43bc[0m[38;2;242;242;242;48;2;15;15;15m [0m[38;2;242;242;242;48;2;15;15;15m AUREUS         [0m[38;2;242;242;242;48;2;15;15;15m [0m[38;2;255;51;68;48;2;15;15;15m→[0m[38;2;242;242;242;48;2;15;15;15m [0m[38;2;242;242;242;48;2;15;15;15m TGCOINS        [0m[38;2;242;242;242;48;2;15;15;15m [0m[38;2;163;163;163;48;2;15;15;15m5m38s[0m[38;2;242;242;242;48;2;15;15;15m    [0m[38;2;242;242;242;48;2;15;15;15m clean     [0m[38;2;242;242;242;48;2;15;15;15m                       [0m[33;107H[38;2;242;242;242;48;2;5;5;5m  [0m[33;109H
[34;1H[38;2;242;242;242;48;2;15;15;15m [0m[38;2;255;51;68;48;2;15;15;15m▌[0m[38;2;242;242;242;48;2;15;15;15m [0m[38;2;242;242;242;48;2;15;15;15m [0m[38;2;163;163;163;48;2;15;15;15m17:26:41≈[0m[38;2;242;242;242;48;2;15;15;15m [0m[38;2;242;242;242;48;2;15;15;15m [0m[38;2;163;163;163;48;2;15;15;15m0x0ade…71f3[0m[38;2;242;242;242;48;2;15;15;15m [0m[38;2;242;242;242;48;2;15;15;15m Sweater        [0m[38;2;242;242;242;48;2;15;15;15m [0m[38;2;255;51;68;48;2;15;15;15m→[0m[38;2;242;242;242;48;2;15;15;15m [0m[38;2;242;242;242;48;2;15;15;15m Hydra-0        [0m[38;2;242;242;242;48;2;15;15;15m [0m[38;2;163;163;163;48;2;15;15;15m24m49s[0m[38;2;242;242;242;48;2;15;15;15m   [0m[38;2;242;242;242;48;2;15;15;15m clean     [0m[38;2;242;242;242;48;2;15;15;15m                       [0m[34;107H[38;2;242;242;242;48;2;5;5;5m  [0m[34;109H
[35;1H[38;2;242;242;242;48;2;15;15;15m [0m[38;2;255;51;68;48;2;15;15;15m▌[0m[38;2;242;242;242;48;2;15;15;15m [0m[38;2;242;242;242;48;2;15;15;15m [0m[38;2;163;163;163;48;2;15;15;15m17:26:41≈[0m[38;2;242;242;242;48;2;15;15;15m [0m[38;2;242;242;242;48;2;15;15;15m [0m[38;2;163;163;163;48;2;15;15;15m0xdd6e…39be[0m[38;2;242;242;242;48;2;15;15;15m [0m[38;2;242;242;242;48;2;15;15;15m STOXA          [0m[38;2;242;242;242;48;2;15;15;15m [0m[38;2;255;51;68;48;2;15;15;15m→[0m[38;2;242;242;242;48;2;15;15;15m [0m[38;2;242;242;242;48;2;15;15;15m BETA           [0m[38;2;242;242;242;48;2;15;15;15m [0m[38;2;163;163;163;48;2;15;15;15m25m05s[0m[38;2;242;242;242;48;2;15;15;15m   [0m[38;2;242;242;242;48;2;15;15;15m clean     [0m[38;2;242;242;242;48;2;15;15;15m                       [0m[35;107H[38;2;242;242;242;48;2;5;5;5m  [0m[35;109H
[36;1H[38;2;242;242;242;48;2;15;15;15m [0m[38;2;255;51;68;48;2;15;15;15m▌[0m[38;2;242;242;242;48;2;15;15;15m [0m[38;2;242;242;242;48;2;15;15;15m [0m[38;2;163;163;163;48;2;15;15;15m17:26:41≈[0m[38;2;242;242;242;48;2;15;15;15m [0m[38;2;242;242;242;48;2;15;15;15m [0m[38;2;163;163;163;48;2;15;15;15m0x540c…ca54[0m[38;2;242;242;242;48;2;15;15;15m [0m[38;2;242;242;242;48;2;15;15;15m STOXA          [0m[38;2;242;242;242;48;2;15;15;15m [0m[38;2;255;51;68;48;2;15;15;15m→[0m[38;2;242;242;242;48;2;15;15;15m [0m[38;2;242;242;242;48;2;15;15;15m BETA           [0m[38;2;242;242;242;48;2;15;15;15m [0m[38;2;163;163;163;48;2;15;15;15m25m05s[0m[38;2;242;242;242;48;2;15;15;15m   [0m[38;2;242;242;242;48;2;15;15;15m clean     [0m[38;2;242;242;242;48;2;15;15;15m                       [0m[36;107H[38;2;242;242;242;48;2;5;5;5m  [0m[36;109H
[37;1H[38;2;242;242;242;48;2;15;15;15m [0m[38;2;255;51;68;48;2;15;15;15m▌[0m[38;2;242;242;242;48;2;15;15;15m [0m[38;2;242;242;242;48;2;15;15;15m [0m[38;2;163;163;163;48;2;15;15;15m17:26:41≈[0m[38;2;242;242;242;48;2;15;15;15m [0m[38;2;242;242;242;48;2;15;15;15m [0m[38;2;163;163;163;48;2;15;15;15m0x507d…74c5[0m[38;2;242;242;242;48;2;15;15;15m [0m[38;2;242;242;242;48;2;15;15;15m STOXA          [0m[38;2;242;242;242;48;2;15;15;15m [0m[38;2;255;51;68;48;2;15;15;15m→[0m[38;2;242;242;242;48;2;15;15;15m [0m[38;2;242;242;242;48;2;15;15;15m BETA           [0m[38;2;242;242;242;48;2;15;15;15m [0m[38;2;163;163;163;48;2;15;15;15m25m05s[0m[38;2;242;242;242;48;2;15;15;15m   [0m[38;2;242;242;242;48;2;15;15;15m clean     [0m[38;2;242;242;242;48;2;15;15;15m                       [0m[37;107H[38;2;242;242;242;48;2;5;5;5m  [0m[37;109H
[38;1H[38;2;242;242;242;48;2;38;13;18m ▌ [0m[38;2;242;242;242;48;2;38;13;18m 17:26:41≈ [0m[38;2;242;242;242;48;2;38;13;18m 0xedb7…1557 [0m[38;2;242;242;242;48;2;38;13;18m TruffleHog     [0m[38;2;242;242;242;48;2;38;13;18m → [0m[38;2;242;242;242;48;2;38;13;18m ZenoCoin       [0m[38;2;242;242;242;48;2;38;13;18m same tx  [0m[38;2;242;242;242;48;2;38;13;18m direct    [0m[38;2;242;242;242;48;2;38;13;18m                       [0m[38;107H[7;38;2;53;20;25;48;2;15;15;15m  [0m[38;109H[2;5H[9;107H[38;2;242;242;242;48;2;5;5;5m  [0m[9;109H
[10;107H[38;2;242;242;242;48;2;5;5;5m  [0m[10;109H
[11;107H[38;2;242;242;242;48;2;5;5;5m  [0m[11;109H
[12;107H[38;2;242;242;242;48;2;5;5;5m  [0m[12;109H
[13;107H[38;2;242;242;242;48;2;5;5;5m  [0m[13;109H
[14;107H[38;2;242;242;242;48;2;5;5;5m  [0m[14;109H
[15;107H[38;2;242;242;242;48;2;5;5;5m  [0m[15;109H
[16;107H[38;2;242;242;242;48;2;5;5;5m  [0m[16;109H
[17;107H[38;2;242;242;242;48;2;5;5;5m  [0m[17;109H
[18;107H[38;2;242;242;242;48;2;5;5;5m  [0m[18;109H
[19;107H[38;2;242;242;242;48;2;5;5;5m  [0m[19;109H
[20;107H[38;2;242;242;242;48;2;5;5;5m  [0m[20;109H
[21;107H[38;2;242;242;242;48;2;5;5;5m  [0m[21;109H
[22;107H[38;2;242;242;242;48;2;5;5;5m  [0m[22;109H
[23;107H[38;2;242;242;242;48;2;5;5;5m  [0m[23;109H
[24;107H[38;2;242;242;242;48;2;5;5;5m  [0m[24;109H
[25;107H[38;2;242;242;242;48;2;5;5;5m  [0m[25;109H
[26;107H[38;2;242;242;242;48;2;5;5;5m  [0m[26;109H
[27;107H[38;2;242;242;242;48;2;5;5;5m  [0m[27;109H
[28;107H[38;2;242;242;242;48;2;5;5;5m  [0m[28;109H
[29;107H[38;2;242;242;242;48;2;5;5;5m  [0m[29;109H
[30;107H[38;2;242;242;242;48;2;5;5;5m  [0m[30;109H
[31;107H[38;2;242;242;242;48;2;5;5;5m  [0m[31;109H
[32;107H[38;2;242;242;242;48;2;5;5;5m  [0m[32;109H
[33;107H[38;2;242;242;242;48;2;5;5;5m  [0m[33;109H
[34;107H[38;2;242;242;242;48;2;5;5;5m  [0m[34;109H
[35;107H[38;2;242;242;242;48;2;5;5;5m  [0m[35;109H
[36;107H[38;2;242;242;242;48;2;5;5;5m  [0m[36;109H
[37;107H[38;2;242;242;242;48;2;5;5;5m  [0m[37;109H
[38;107H[7;38;2;53;20;25;48;2;15;15;15m  [0m[38;109H[2;5H[6;1H[48;2;5;5;5m [0m[38;2;242;242;242;48;2;5;5;5mCHAIN Robinhood Chain[0m[38;2;53;20;25;48;2;5;5;5m  ·  [0m[38;2;242;242;242;48;2;5;5;5m[REPLAY 10× · PAUSED][0m[38;2;53;20;25;48;2;5;5;5m  ·  [0m[38;2;242;242;242;48;2;5;5;5mCLOCK 17:26:41 UTC[0m[38;2;53;20;25;48;2;5;5;5m  ·  [0m[38;2;163;163;163;48;2;5;5;5mRANGE 16:56:41–17:26:41[0m[38;2;53;20;25;48;2;5;5;5m  ·  [0m[38;2;163;163;163;48;2;5;5;5mWINDOW 30m00s[0m[38;2;53;20;25;48;2;5;5;5m  ·  [0m[38;2;116;116;116;48;2;5;5;5mSESSION S-a0cfdf[0m[48;2;5;5;5m                                         [0m[48;2;5;5;5m [0m[2;5H[6;1H[48;2;5;5;5m [0m[38;2;242;242;242;48;2;5;5;5mCHAIN Robinhood Chain[0m[38;2;53;20;25;48;2;5;5;5m  ·  [0m[38;2;242;242;242;48;2;5;5;5m[REPLAY 10× · PAUSED][0m[38;2;53;20;25;48;2;5;5;5m  ·  [0m[38;2;242;242;242;48;2;5;5;5mCLOCK 17:26:41 UTC[0m[38;2;53;20;25;48;2;5;5;5m  ·  [0m[38;2;163;163;163;48;2;5;5;5mRANGE 16:56:41–17:26:41[0m[38;2;53;20;25;48;2;5;5;5m  ·  [0m[38;2;163;163;163;48;2;5;5;5mWINDOW 30m00s[0m[38;2;53;20;25;48;2;5;5;5m  ·  [0m[38;2;116;116;116;48;2;5;5;5mSESSION S-a0cfdf[0m[48;2;5;5;5m                                         [0m[48;2;5;5;5m [0m
[8;1H[48;2;5;5;5m [0m[38;2;163;163;163;48;2;5;5;5mOBSERVED SEQUENCES · last 30m00s · 6311 of 6311 rows · one row = one wallet that sold A, then bought B · ≈[0m[48;2;5;5;5m [0m[8;109H
[8;111H[1;38;2;242;242;242;48;2;5;5;5mTruffleHog → ZenoCoin[0m[48;2;5;5;5m                                                [0m[8;180H
[9;1H[38;2;163;163;163;48;2;15;15;15m   [0m[38;2;163;163;163;48;2;15;15;15m TIME UTC  [0m[38;2;163;163;163;48;2;15;15;15m WALLET      [0m[38;2;163;163;163;48;2;15;15;15m SOLD           [0m[38;2;163;163;163;48;2;15;15;15m   [0m[38;2;163;163;163;48;2;15;15;15m BOUGHT         [0m[38;2;163;163;163;48;2;15;15;15m GAP      [0m[38;2;163;163;163;48;2;15;15;15m GRADE     [0m[38;2;163;163;163;48;2;15;15;15m                       [0m[9;107H[38;2;242;242;242;48;2;5;5;5m  [0m[9;109H
[9;111H[38;2;163;163;163;48;2;5;5;5m0x045b…bd82 → 0x4e63…27ff[0m[48;2;5;5;5m                                            [0m[9;180H
[10;1H[38;2;242;242;242;48;2;15;15;15m   [0m[38;2;242;242;242;48;2;15;15;15m [0m[38;2;163;163;163;48;2;15;15;15m17:26:33≈[0m[38;2;242;242;242;48;2;15;15;15m [0m[38;2;242;242;242;48;2;15;15;15m [0m[38;2;163;163;163;48;2;15;15;15m0x507d…74c5[0m[38;2;242;242;242;48;2;15;15;15m [0m[38;2;242;242;242;48;2;15;15;15m STOXA          [0m[38;2;242;242;242;48;2;15;15;15m [0m[38;2;163;163;163;48;2;15;15;15m→[0m[38;2;242;242;242;48;2;15;15;15m [0m[38;2;242;242;242;48;2;15;15;15m BETA           [0m[38;2;242;242;242;48;2;15;15;15m [0m[38;2;163;163;163;48;2;15;15;15m24m57s[0m[38;2;242;242;242;48;2;15;15;15m   [0m[38;2;242;242;242;48;2;15;15;15m clean     [0m[38;2;242;242;242;48;2;15;15;15m                       [0m[10;107H[38;2;242;242;242;48;2;5;5;5m  [0m[10;109H
[10;111H[38;2;242;242;242;48;2;5;5;5m[0m[48;2;5;5;5m                                                                     [0m[10;180H
[11;1H[38;2;242;242;242;48;2;15;15;15m   [0m[38;2;242;242;242;48;2;15;15;15m [0m[38;2;163;163;163;48;2;15;15;15m17:26:33≈[0m[38;2;242;242;242;48;2;15;15;15m [0m[38;2;242;242;242;48;2;15;15;15m [0m[38;2;163;163;163;48;2;15;15;15m0x1360…5d7c[0m[38;2;242;242;242;48;2;15;15;15m [0m[38;2;242;242;242;48;2;15;15;15m STOXA          [0m[38;2;242;242;242;48;2;15;15;15m [0m[38;2;163;163;163;48;2;15;15;15m→[0m[38;2;242;242;242;48;2;15;15;15m [0m[38;2;242;242;242;48;2;15;15;15m BETA           [0m[38;2;242;242;242;48;2;15;15;15m [0m[38;2;163;163;163;48;2;15;15;15m24m57s[0m[38;2;242;242;242;48;2;15;15;15m   [0m[38;2;242;242;242;48;2;15;15;15m clean     [0m[38;2;242;242;242;48;2;15;15;15m                       [0m[11;107H[38;2;242;242;242;48;2;5;5;5m  [0m[11;109H
[11;111H[38;2;242;242;242;48;2;5;5;5mwallet 0xedb7…1557[0m[48;2;5;5;5m                                                   [0m[11;180H
[12;1H[38;2;242;242;242;48;2;15;15;15m   [0m[38;2;242;242;242;48;2;15;15;15m [0m[38;2;163;163;163;48;2;15;15;15m17:26:33≈[0m[38;2;242;242;242;48;2;15;15;15m [0m[38;2;242;242;242;48;2;15;15;15m [0m[38;2;163;163;163;48;2;15;15;15m0x05a6…7760[0m[38;2;242;242;242;48;2;15;15;15m [0m[38;2;242;242;242;48;2;15;15;15m STOXA          [0m[38;2;242;242;242;48;2;15;15;15m [0m[38;2;163;163;163;48;2;15;15;15m→[0m[38;2;242;242;242;48;2;15;15;15m [0m[38;2;242;242;242;48;2;15;15;15m BETA           [0m[38;2;242;242;242;48;2;15;15;15m [0m[38;2;163;163;163;48;2;15;15;15m24m57s[0m[38;2;242;242;242;48;2;15;15;15m   [0m[38;2;242;242;242;48;2;15;15;15m clean     [0m[38;2;242;242;242;48;2;15;15;15m                       [0m[12;107H[38;2;242;242;242;48;2;5;5;5m  [0m[12;109H
[12;111H[38;2;163;163;163;48;2;5;5;5msold   17:26:41 UTC[0m[48;2;5;5;5m                                                  [0m[12;180H
[13;1H[38;2;242;242;242;48;2;15;15;15m   [0m[38;2;242;242;242;48;2;15;15;15m [0m[38;2;163;163;163;48;2;15;15;15m17:26:33≈[0m[38;2;242;242;242;48;2;15;15;15m [0m[38;2;242;242;242;48;2;15;15;15m [0m[38;2;163;163;163;48;2;15;15;15m0x2270…aac5[0m[38;2;242;242;242;48;2;15;15;15m [0m[38;2;242;242;242;48;2;15;15;15m egregore       [0m[38;2;242;242;242;48;2;15;15;15m [0m[38;2;163;163;163;48;2;15;15;15m→[0m[38;2;242;242;242;48;2;15;15;15m [0m[38;2;242;242;242;48;2;15;15;15m TGCOINS        [0m[38;2;242;242;242;48;2;15;15;15m [0m[38;2;163;163;163;48;2;15;15;15m12m11s[0m[38;2;242;242;242;48;2;15;15;15m   [0m[38;2;242;242;242;48;2;15;15;15m clean     [0m[38;2;242;242;242;48;2;15;15;15m                       [0m[13;107H[38;2;242;242;242;48;2;5;5;5m  [0m[13;109H
[13;111H[38;2;163;163;163;48;2;5;5;5mbought 17:26:41≈ UTC · gap 0s · direct[0m[48;2;5;5;5m                               [0m[13;180H
[14;1H[38;2;242;242;242;48;2;15;15;15m   [0m[38;2;242;242;242;48;2;15;15;15m [0m[38;2;163;163;163;48;2;15;15;15m17:26:34≈[0m[38;2;242;242;242;48;2;15;15;15m [0m[38;2;242;242;242;48;2;15;15;15m [0m[38;2;163;163;163;48;2;15;15;15m0x511b…dd3c[0m[38;2;242;242;242;48;2;15;15;15m [0m[38;2;242;242;242;48;2;15;15;15m FLY            [0m[38;2;242;242;242;48;2;15;15;15m [0m[38;2;163;163;163;48;2;15;15;15m→[0m[38;2;242;242;242;48;2;15;15;15m [0m[38;2;242;242;242;48;2;15;15;15m MANY           [0m[38;2;242;242;242;48;2;15;15;15m [0m[38;2;163;163;163;48;2;15;15;15m11m28s[0m[38;2;242;242;242;48;2;15;15;15m   [0m[38;2;242;242;242;48;2;15;15;15m clean     [0m[38;2;242;242;242;48;2;15;15;15m                       [0m[14;107H[38;2;242;242;242;48;2;5;5;5m  [0m[14;109H
[14;111H[38;2;163;163;163;48;2;5;5;5msell tx 0xf3df…686e[0m[48;2;5;5;5m                                                  [0m[14;180H
[15;1H[38;2;242;242;242;48;2;15;15;15m   [0m[38;2;242;242;242;48;2;15;15;15m [0m[38;2;163;163;163;48;2;15;15;15m17:26:34≈[0m[38;2;242;242;242;48;2;15;15;15m [0m[38;2;242;242;242;48;2;15;15;15m [0m[38;2;163;163;163;48;2;15;15;15m0x62b5…aa49[0m[38;2;242;242;242;48;2;15;15;15m [0m[38;2;242;242;242;48;2;15;15;15m AA             [0m[38;2;242;242;242;48;2;15;15;15m [0m[38;2;163;163;163;48;2;15;15;15m→[0m[38;2;242;242;242;48;2;15;15;15m [0m[38;2;242;242;242;48;2;15;15;15m MOO            [0m[38;2;242;242;242;48;2;15;15;15m [0m[38;2;163;163;163;48;2;15;15;15m3m47s[0m[38;2;242;242;242;48;2;15;15;15m    [0m[38;2;242;242;242;48;2;15;15;15m clean     [0m[38;2;242;242;242;48;2;15;15;15m                       [0m[15;107H[38;2;242;242;242;48;2;5;5;5m  [0m[15;109H
[15;111H[38;2;163;163;163;48;2;5;5;5mbuy tx  0xf3df…686e[0m[48;2;5;5;5m                                                  [0m[15;180H
[16;1H[38;2;242;242;242;48;2;15;15;15m   [0m[38;2;242;242;242;48;2;15;15;15m [0m[38;2;163;163;163;48;2;15;15;15m17:26:34≈[0m[38;2;242;242;242;48;2;15;15;15m [0m[38;2;242;242;242;48;2;15;15;15m [0m[38;2;163;163;163;48;2;15;15;15m0x2b74…4cf2[0m[38;2;242;242;242;48;2;15;15;15m [0m[38;2;242;242;242;48;2;15;15;15m DOME           [0m[38;2;242;242;242;48;2;15;15;15m [0m[38;2;163;163;163;48;2;15;15;15m→[0m[38;2;242;242;242;48;2;15;15;15m [0m[38;2;242;242;242;48;2;15;15;15m SAGA           [0m[38;2;242;242;242;48;2;15;15;15m [0m[38;2;163;163;163;48;2;15;15;15m10m21s[0m[38;2;242;242;242;48;2;15;15;15m   [0m[38;2;242;242;242;48;2;15;15;15m clean     [0m[38;2;242;242;242;48;2;15;15;15m                       [0m[16;107H[38;2;242;242;242;48;2;5;5;5m  [0m[16;109H
[16;111H[38;2;242;242;242;48;2;5;5;5m[0m[48;2;5;5;5m                                                                     [0m[16;180H
[17;1H[38;2;242;242;242;48;2;15;15;15m   [0m[38;2;242;242;242;48;2;15;15;15m [0m[38;2;163;163;163;48;2;15;15;15m17:26:34≈[0m[38;2;242;242;242;48;2;15;15;15m [0m[38;2;242;242;242;48;2;15;15;15m [0m[38;2;163;163;163;48;2;15;15;15m0xc656…4c3d[0m[38;2;242;242;242;48;2;15;15;15m [0m[38;2;242;242;242;48;2;15;15;15m STOXA          [0m[38;2;242;242;242;48;2;15;15;15m [0m[38;2;163;163;163;48;2;15;15;15m→[0m[38;2;242;242;242;48;2;15;15;15m [0m[38;2;242;242;242;48;2;15;15;15m BETA           [0m[38;2;242;242;242;48;2;15;15;15m [0m[38;2;163;163;163;48;2;15;15;15m24m58s[0m[38;2;242;242;242;48;2;15;15;15m   [0m[38;2;242;242;242;48;2;15;15;15m clean     [0m[38;2;242;242;242;48;2;15;15;15m                       [0m[17;107H[38;2;242;242;242;48;2;5;5;5m  [0m[17;109H
[17;111H[38;2;116;116;116;48;2;5;5;5mEnter: all wallets on this pair[0m[48;2;5;5;5m                                      [0m[17;180H
[18;1H[38;2;242;242;242;48;2;15;15;15m   [0m[38;2;242;242;242;48;2;15;15;15m [0m[38;2;163;163;163;48;2;15;15;15m17:26:34≈[0m[38;2;242;242;242;48;2;15;15;15m [0m[38;2;242;242;242;48;2;15;15;15m [0m[38;2;163;163;163;48;2;15;15;15m0x3c35…d884[0m[38;2;242;242;242;48;2;15;15;15m [0m[38;2;242;242;242;48;2;15;15;15m STOXA          [0m[38;2;242;242;242;48;2;15;15;15m [0m[38;2;163;163;163;48;2;15;15;15m→[0m[38;2;242;242;242;48;2;15;15;15m [0m[38;2;242;242;242;48;2;15;15;15m BETA           [0m[38;2;242;242;242;48;2;15;15;15m [0m[38;2;163;163;163;48;2;15;15;15m24m58s[0m[38;2;242;242;242;48;2;15;15;15m   [0m[38;2;242;242;242;48;2;15;15;15m clean     [0m[38;2;242;242;242;48;2;15;15;15m                       [0m[18;107H[38;2;242;242;242;48;2;5;5;5m  [0m[18;109H
[19;1H[38;2;242;242;242;48;2;15;15;15m   [0m[38;2;242;242;242;48;2;15;15;15m [0m[38;2;163;163;163;48;2;15;15;15m17:26:34≈[0m[38;2;242;242;242;48;2;15;15;15m [0m[38;2;242;242;242;48;2;15;15;15m [0m[38;2;163;163;163;48;2;15;15;15m0x4314…c985[0m[38;2;242;242;242;48;2;15;15;15m [0m[38;2;242;242;242;48;2;15;15;15m STOXA          [0m[38;2;242;242;242;48;2;15;15;15m [0m[38;2;163;163;163;48;2;15;15;15m→[0m[38;2;242;242;242;48;2;15;15;15m [0m[38;2;242;242;242;48;2;15;15;15m BETA           [0m[38;2;242;242;242;48;2;15;15;15m [0m[38;2;163;163;163;48;2;15;15;15m24m58s[0m[38;2;242;242;242;48;2;15;15;15m   [0m[38;2;242;242;242;48;2;15;15;15m clean     [0m[38;2;242;242;242;48;2;15;15;15m                       [0m[19;107H[38;2;242;242;242;48;2;5;5;5m  [0m[19;109H
[20;1H[38;2;242;242;242;48;2;15;15;15m   [0m[38;2;242;242;242;48;2;15;15;15m [0m[38;2;163;163;163;48;2;15;15;15m17:26:35≈[0m[38;2;242;242;242;48;2;15;15;15m [0m[38;2;242;242;242;48;2;15;15;15m [0m[38;2;163;163;163;48;2;15;15;15m0x2155…f54a[0m[38;2;242;242;242;48;2;15;15;15m [0m[38;2;242;242;242;48;2;15;15;15m DOME           [0m[38;2;242;242;242;48;2;15;15;15m [0m[38;2;163;163;163;48;2;15;15;15m→[0m[38;2;242;242;242;48;2;15;15;15m [0m[38;2;242;242;242;48;2;15;15;15m SAGA           [0m[38;2;242;242;242;48;2;15;15;15m [0m[38;2;163;163;163;48;2;15;15;15m10m22s[0m[38;2;242;242;242;48;2;15;15;15m   [0m[38;2;242;242;242;48;2;15;15;15m clean     [0m[38;2;242;242;242;48;2;15;15;15m                       [0m[20;107H[38;2;242;242;242;48;2;5;5;5m  [0m[20;109H
[21;1H[38;2;242;242;242;48;2;15;15;15m   [0m[38;2;242;242;242;48;2;15;15;15m [0m[38;2;163;163;163;48;2;15;15;15m17:26:35≈[0m[38;2;242;242;242;48;2;15;15;15m [0m[38;2;242;242;242;48;2;15;15;15m [0m[38;2;163;163;163;48;2;15;15;15m0x2820…a9fe[0m[38;2;242;242;242;48;2;15;15;15m [0m[38;2;242;242;242;48;2;15;15;15m STOXA          [0m[38;2;242;242;242;48;2;15;15;15m [0m[38;2;163;163;163;48;2;15;15;15m→[0m[38;2;242;242;242;48;2;15;15;15m [0m[38;2;242;242;242;48;2;15;15;15m BETA           [0m[38;2;242;242;242;48;2;15;15;15m [0m[38;2;163;163;163;48;2;15;15;15m24m59s[0m[38;2;242;242;242;48;2;15;15;15m   [0m[38;2;242;242;242;48;2;15;15;15m clean     [0m[38;2;242;242;242;48;2;15;15;15m                       [0m[21;107H[38;2;242;242;242;48;2;5;5;5m  [0m[21;109H
[22;1H[38;2;242;242;242;48;2;15;15;15m   [0m[38;2;242;242;242;48;2;15;15;15m [0m[38;2;163;163;163;48;2;15;15;15m17:26:35≈[0m[38;2;242;242;242;48;2;15;15;15m [0m[38;2;242;242;242;48;2;15;15;15m [0m[38;2;163;163;163;48;2;15;15;15m0x6d5b…1dd6[0m[38;2;242;242;242;48;2;15;15;15m [0m[38;2;242;242;242;48;2;15;15;15m STOXA          [0m[38;2;242;242;242;48;2;15;15;15m [0m[38;2;163;163;163;48;2;15;15;15m→[0m[38;2;242;242;242;48;2;15;15;15m [0m[38;2;242;242;242;48;2;15;15;15m BETA           [0m[38;2;242;242;242;48;2;15;15;15m [0m[38;2;163;163;163;48;2;15;15;15m24m59s[0m[38;2;242;242;242;48;2;15;15;15m   [0m[38;2;242;242;242;48;2;15;15;15m clean     [0m[38;2;242;242;242;48;2;15;15;15m                       [0m[22;107H[38;2;242;242;242;48;2;5;5;5m  [0m[22;109H
[23;1H[38;2;242;242;242;48;2;15;15;15m   [0m[38;2;242;242;242;48;2;15;15;15m [0m[38;2;163;163;163;48;2;15;15;15m17:26:36≈[0m[38;2;242;242;242;48;2;15;15;15m [0m[38;2;242;242;242;48;2;15;15;15m [0m[38;2;163;163;163;48;2;15;15;15m0x940d…5d88[0m[38;2;242;242;242;48;2;15;15;15m [0m[38;2;242;242;242;48;2;15;15;15m MANY           [0m[38;2;242;242;242;48;2;15;15;15m [0m[38;2;163;163;163;48;2;15;15;15m→[0m[38;2;242;242;242;48;2;15;15;15m [0m[38;2;242;242;242;48;2;15;15;15m HEDGE          [0m[38;2;242;242;242;48;2;15;15;15m [0m[38;2;163;163;163;48;2;15;15;15m8m28s[0m[38;2;242;242;242;48;2;15;15;15m    [0m[38;2;242;242;242;48;2;15;15;15m clean     [0m[38;2;242;242;242;48;2;15;15;15m                       [0m[23;107H[38;2;242;242;242;48;2;5;5;5m  [0m[23;109H
[24;1H[38;2;242;242;242;48;2;15;15;15m   [0m[38;2;242;242;242;48;2;15;15;15m [0m[38;2;163;163;163;48;2;15;15;15m17:26:36≈[0m[38;2;242;242;242;48;2;15;15;15m [0m[38;2;242;242;242;48;2;15;15;15m [0m[38;2;163;163;163;48;2;15;15;15m0xd310…0632[0m[38;2;242;242;242;48;2;15;15;15m [0m[38;2;242;242;242;48;2;15;15;15m Lemon          [0m[38;2;242;242;242;48;2;15;15;15m [0m[38;2;163;163;163;48;2;15;15;15m→[0m[38;2;242;242;242;48;2;15;15;15m [0m[38;2;242;242;242;48;2;15;15;15m LUNAR          [0m[38;2;242;242;242;48;2;15;15;15m [0m[38;2;163;163;163;48;2;15;15;15m16m06s[0m[38;2;242;242;242;48;2;15;15;15m   [0m[38;2;242;242;242;48;2;15;15;15m clean     [0m[38;2;242;242;242;48;2;15;15;15m                       [0m[24;107H[38;2;242;242;242;48;2;5;5;5m  [0m[24;109H
[25;1H[38;2;242;242;242;48;2;15;15;15m   [0m[38;2;242;242;242;48;2;15;15;15m [0m[38;2;163;163;163;48;2;15;15;15m17:26:36≈[0m[38;2;242;242;242;48;2;15;15;15m [0m[38;2;242;242;242;48;2;15;15;15m [0m[38;2;163;163;163;48;2;15;15;15m0xfe93…7166[0m[38;2;242;242;242;48;2;15;15;15m [0m[38;2;242;242;242;48;2;15;15;15m Yo-yo          [0m[38;2;242;242;242;48;2;15;15;15m [0m[38;2;163;163;163;48;2;15;15;15m→[0m[38;2;242;242;242;48;2;15;15;15m [0m[38;2;242;242;242;48;2;15;15;15m INFERNET       [0m[38;2;242;242;242;48;2;15;15;15m [0m[38;2;163;163;163;48;2;15;15;15m13m22s[0m[38;2;242;242;242;48;2;15;15;15m   [0m[38;2;242;242;242;48;2;15;15;15m clean     [0m[38;2;242;242;242;48;2;15;15;15m                       [0m[25;107H[38;2;242;242;242;48;2;5;5;5m  [0m[25;109H
[26;1H[38;2;242;242;242;48;2;15;15;15m   [0m[38;2;242;242;242;48;2;15;15;15m [0m[38;2;163;163;163;48;2;15;15;15m17:26:36≈[0m[38;2;242;242;242;48;2;15;15;15m [0m[38;2;242;242;242;48;2;15;15;15m [0m[38;2;163;163;163;48;2;15;15;15m0xd827…2a37[0m[38;2;242;242;242;48;2;15;15;15m [0m[38;2;242;242;242;48;2;15;15;15m PONTRADES      [0m[38;2;242;242;242;48;2;15;15;15m [0m[38;2;163;163;163;48;2;15;15;15m→[0m[38;2;242;242;242;48;2;15;15;15m [0m[38;2;242;242;242;48;2;15;15;15m COPE           [0m[38;2;242;242;242;48;2;15;15;15m [0m[38;2;163;163;163;48;2;15;15;15m18m41s[0m[38;2;242;242;242;48;2;15;15;15m   [0m[38;2;242;242;242;48;2;15;15;15m clean     [0m[38;2;242;242;242;48;2;15;15;15m                       [0m[26;107H[38;2;242;242;242;48;2;5;5;5m  [0m[26;109H
[27;1H[38;2;242;242;242;48;2;15;15;15m   [0m[38;2;242;242;242;48;2;15;15;15m [0m[38;2;163;163;163;48;2;15;15;15m17:26:38≈[0m[38;2;242;242;242;48;2;15;15;15m [0m[38;2;242;242;242;48;2;15;15;15m [0m[38;2;163;163;163;48;2;15;15;15m0x3ced…9cd7[0m[38;2;242;242;242;48;2;15;15;15m [0m[38;2;242;242;242;48;2;15;15;15m TruffleHog     [0m[38;2;242;242;242;48;2;15;15;15m [0m[38;2;163;163;163;48;2;15;15;15m→[0m[38;2;242;242;242;48;2;15;15;15m [0m[38;2;242;242;242;48;2;15;15;15m MINER          [0m[38;2;242;242;242;48;2;15;15;15m [0m[38;2;163;163;163;48;2;15;15;15m7m26s[0m[38;2;242;242;242;48;2;15;15;15m    [0m[38;2;242;242;242;48;2;15;15;15m clean     [0m[38;2;242;242;242;48;2;15;15;15m                       [0m[27;107H[38;2;242;242;242;48;2;5;5;5m  [0m[27;109H
[28;1H[38;2;242;242;242;48;2;15;15;15m   [0m[38;2;242;242;242;48;2;15;15;15m [0m[38;2;163;163;163;48;2;15;15;15m17:26:38≈[0m[38;2;242;242;242;48;2;15;15;15m [0m[38;2;242;242;242;48;2;15;15;15m [0m[38;2;163;163;163;48;2;15;15;15m0xa3d4…5a96[0m[38;2;242;242;242;48;2;15;15;15m [0m[38;2;242;242;242;48;2;15;15;15m DOME           [0m[38;2;242;242;242;48;2;15;15;15m [0m[38;2;163;163;163;48;2;15;15;15m→[0m[38;2;242;242;242;48;2;15;15;15m [0m[38;2;242;242;242;48;2;15;15;15m SAGA           [0m[38;2;242;242;242;48;2;15;15;15m [0m[38;2;163;163;163;48;2;15;15;15m10m25s[0m[38;2;242;242;242;48;2;15;15;15m   [0m[38;2;242;242;242;48;2;15;15;15m clean     [0m[38;2;242;242;242;48;2;15;15;15m                       [0m[28;107H[38;2;242;242;242;48;2;5;5;5m  [0m[28;109H
[29;1H[38;2;242;242;242;48;2;15;15;15m   [0m[38;2;242;242;242;48;2;15;15;15m [0m[38;2;163;163;163;48;2;15;15;15m17:26:40≈[0m[38;2;242;242;242;48;2;15;15;15m [0m[38;2;242;242;242;48;2;15;15;15m [0m[38;2;163;163;163;48;2;15;15;15m0x7084…859a[0m[38;2;242;242;242;48;2;15;15;15m [0m[38;2;242;242;242;48;2;15;15;15m TruffleHog     [0m[38;2;242;242;242;48;2;15;15;15m [0m[38;2;163;163;163;48;2;15;15;15m→[0m[38;2;242;242;242;48;2;15;15;15m [0m[38;2;242;242;242;48;2;15;15;15m FLY            [0m[38;2;242;242;242;48;2;15;15;15m [0m[38;2;163;163;163;48;2;15;15;15m4m12s[0m[38;2;242;242;242;48;2;15;15;15m    [0m[38;2;242;242;242;48;2;15;15;15m clean     [0m[38;2;242;242;242;48;2;15;15;15m                       [0m[29;107H[38;2;242;242;242;48;2;5;5;5m  [0m[29;109H
[30;1H[38;2;242;242;242;48;2;15;15;15m   [0m[38;2;242;242;242;48;2;15;15;15m [0m[38;2;163;163;163;48;2;15;15;15m17:26:40≈[0m[38;2;242;242;242;48;2;15;15;15m [0m[38;2;242;242;242;48;2;15;15;15m [0m[38;2;163;163;163;48;2;15;15;15m0xb1a4…7d58[0m[38;2;242;242;242;48;2;15;15;15m [0m[38;2;242;242;242;48;2;15;15;15m STOXA          [0m[38;2;242;242;242;48;2;15;15;15m [0m[38;2;163;163;163;48;2;15;15;15m→[0m[38;2;242;242;242;48;2;15;15;15m [0m[38;2;242;242;242;48;2;15;15;15m BETA           [0m[38;2;242;242;242;48;2;15;15;15m [0m[38;2;163;163;163;48;2;15;15;15m25m04s[0m[38;2;242;242;242;48;2;15;15;15m   [0m[38;2;242;242;242;48;2;15;15;15m clean     [0m[38;2;242;242;242;48;2;15;15;15m                       [0m[30;107H[38;2;242;242;242;48;2;5;5;5m  [0m[30;109H
[31;1H[38;2;242;242;242;48;2;15;15;15m   [0m[38;2;242;242;242;48;2;15;15;15m [0m[38;2;163;163;163;48;2;15;15;15m17:26:40≈[0m[38;2;242;242;242;48;2;15;15;15m [0m[38;2;242;242;242;48;2;15;15;15m [0m[38;2;163;163;163;48;2;15;15;15m0xd24a…a1fb[0m[38;2;242;242;242;48;2;15;15;15m [0m[38;2;242;242;242;48;2;15;15;15m STOXA          [0m[38;2;242;242;242;48;2;15;15;15m [0m[38;2;163;163;163;48;2;15;15;15m→[0m[38;2;242;242;242;48;2;15;15;15m [0m[38;2;242;242;242;48;2;15;15;15m BETA           [0m[38;2;242;242;242;48;2;15;15;15m [0m[38;2;163;163;163;48;2;15;15;15m25m04s[0m[38;2;242;242;242;48;2;15;15;15m   [0m[38;2;242;242;242;48;2;15;15;15m clean     [0m[38;2;242;242;242;48;2;15;15;15m                       [0m[31;107H[38;2;242;242;242;48;2;5;5;5m  [0m[31;109H
[32;1H[38;2;242;242;242;48;2;15;15;15m   [0m[38;2;242;242;242;48;2;15;15;15m [0m[38;2;163;163;163;48;2;15;15;15m17:26:40≈[0m[38;2;242;242;242;48;2;15;15;15m [0m[38;2;242;242;242;48;2;15;15;15m [0m[38;2;163;163;163;48;2;15;15;15m0xc64b…11d6[0m[38;2;242;242;242;48;2;15;15;15m [0m[38;2;242;242;242;48;2;15;15;15m OPEN YIELD     [0m[38;2;242;242;242;48;2;15;15;15m [0m[38;2;163;163;163;48;2;15;15;15m→[0m[38;2;242;242;242;48;2;15;15;15m [0m[38;2;242;242;242;48;2;15;15;15m TGCOINS        [0m[38;2;242;242;242;48;2;15;15;15m [0m[38;2;163;163;163;48;2;15;15;15m7m16s[0m[38;2;242;242;242;48;2;15;15;15m    [0m[38;2;242;242;242;48;2;15;15;15m clean     [0m[38;2;242;242;242;48;2;15;15;15m                       [0m[32;107H[38;2;242;242;242;48;2;5;5;5m  [0m[32;109H
[33;1H[38;2;242;242;242;48;2;15;15;15m   [0m[38;2;242;242;242;48;2;15;15;15m [0m[38;2;163;163;163;48;2;15;15;15m17:26:40≈[0m[38;2;242;242;242;48;2;15;15;15m [0m[38;2;242;242;242;48;2;15;15;15m [0m[38;2;163;163;163;48;2;15;15;15m0x7711…43bc[0m[38;2;242;242;242;48;2;15;15;15m [0m[38;2;242;242;242;48;2;15;15;15m AUREUS         [0m[38;2;242;242;242;48;2;15;15;15m [0m[38;2;163;163;163;48;2;15;15;15m→[0m[38;2;242;242;242;48;2;15;15;15m [0m[38;2;242;242;242;48;2;15;15;15m TGCOINS        [0m[38;2;242;242;242;48;2;15;15;15m [0m[38;2;163;163;163;48;2;15;15;15m5m38s[0m[38;2;242;242;242;48;2;15;15;15m    [0m[38;2;242;242;242;48;2;15;15;15m clean     [0m[38;2;242;242;242;48;2;15;15;15m                       [0m[33;107H[38;2;242;242;242;48;2;5;5;5m  [0m[33;109H
[34;1H[38;2;242;242;242;48;2;15;15;15m   [0m[38;2;242;242;242;48;2;15;15;15m [0m[38;2;163;163;163;48;2;15;15;15m17:26:41≈[0m[38;2;242;242;242;48;2;15;15;15m [0m[38;2;242;242;242;48;2;15;15;15m [0m[38;2;163;163;163;48;2;15;15;15m0x0ade…71f3[0m[38;2;242;242;242;48;2;15;15;15m [0m[38;2;242;242;242;48;2;15;15;15m Sweater        [0m[38;2;242;242;242;48;2;15;15;15m [0m[38;2;163;163;163;48;2;15;15;15m→[0m[38;2;242;242;242;48;2;15;15;15m [0m[38;2;242;242;242;48;2;15;15;15m Hydra-0        [0m[38;2;242;242;242;48;2;15;15;15m [0m[38;2;163;163;163;48;2;15;15;15m24m49s[0m[38;2;242;242;242;48;2;15;15;15m   [0m[38;2;242;242;242;48;2;15;15;15m clean     [0m[38;2;242;242;242;48;2;15;15;15m                       [0m[34;107H[38;2;242;242;242;48;2;5;5;5m  [0m[34;109H
[35;1H[38;2;242;242;242;48;2;15;15;15m   [0m[38;2;242;242;242;48;2;15;15;15m [0m[38;2;163;163;163;48;2;15;15;15m17:26:41≈[0m[38;2;242;242;242;48;2;15;15;15m [0m[38;2;242;242;242;48;2;15;15;15m [0m[38;2;163;163;163;48;2;15;15;15m0xdd6e…39be[0m[38;2;242;242;242;48;2;15;15;15m [0m[38;2;242;242;242;48;2;15;15;15m STOXA          [0m[38;2;242;242;242;48;2;15;15;15m [0m[38;2;163;163;163;48;2;15;15;15m→[0m[38;2;242;242;242;48;2;15;15;15m [0m[38;2;242;242;242;48;2;15;15;15m BETA           [0m[38;2;242;242;242;48;2;15;15;15m [0m[38;2;163;163;163;48;2;15;15;15m25m05s[0m[38;2;242;242;242;48;2;15;15;15m   [0m[38;2;242;242;242;48;2;15;15;15m clean     [0m[38;2;242;242;242;48;2;15;15;15m                       [0m[35;107H[38;2;242;242;242;48;2;5;5;5m  [0m[35;109H
[36;1H[38;2;242;242;242;48;2;15;15;15m   [0m[38;2;242;242;242;48;2;15;15;15m [0m[38;2;163;163;163;48;2;15;15;15m17:26:41≈[0m[38;2;242;242;242;48;2;15;15;15m [0m[38;2;242;242;242;48;2;15;15;15m [0m[38;2;163;163;163;48;2;15;15;15m0x540c…ca54[0m[38;2;242;242;242;48;2;15;15;15m [0m[38;2;242;242;242;48;2;15;15;15m STOXA          [0m[38;2;242;242;242;48;2;15;15;15m [0m[38;2;163;163;163;48;2;15;15;15m→[0m[38;2;242;242;242;48;2;15;15;15m [0m[38;2;242;242;242;48;2;15;15;15m BETA           [0m[38;2;242;242;242;48;2;15;15;15m [0m[38;2;163;163;163;48;2;15;15;15m25m05s[0m[38;2;242;242;242;48;2;15;15;15m   [0m[38;2;242;242;242;48;2;15;15;15m clean     [0m[38;2;242;242;242;48;2;15;15;15m                       [0m[36;107H[38;2;242;242;242;48;2;5;5;5m  [0m[36;109H
[37;1H[38;2;242;242;242;48;2;15;15;15m   [0m[38;2;242;242;242;48;2;15;15;15m [0m[38;2;163;163;163;48;2;15;15;15m17:26:41≈[0m[38;2;242;242;242;48;2;15;15;15m [0m[38;2;242;242;242;48;2;15;15;15m [0m[38;2;163;163;163;48;2;15;15;15m0x507d…74c5[0m[38;2;242;242;242;48;2;15;15;15m [0m[38;2;242;242;242;48;2;15;15;15m STOXA          [0m[38;2;242;242;242;48;2;15;15;15m [0m[38;2;163;163;163;48;2;15;15;15m→[0m[38;2;242;242;242;48;2;15;15;15m [0m[38;2;242;242;242;48;2;15;15;15m BETA           [0m[38;2;242;242;242;48;2;15;15;15m [0m[38;2;163;163;163;48;2;15;15;15m25m05s[0m[38;2;242;242;242;48;2;15;15;15m   [0m[38;2;242;242;242;48;2;15;15;15m clean     [0m[38;2;242;242;242;48;2;15;15;15m                       [0m[37;107H[38;2;242;242;242;48;2;5;5;5m  [0m[37;109H
[38;1H[38;2;242;242;242;48;2;38;13;18m   [0m[38;2;242;242;242;48;2;38;13;18m 17:26:41≈ [0m[38;2;242;242;242;48;2;38;13;18m 0xedb7…1557 [0m[38;2;242;242;242;48;2;38;13;18m TruffleHog     [0m[38;2;242;242;242;48;2;38;13;18m → [0m[38;2;242;242;242;48;2;38;13;18m ZenoCoin       [0m[38;2;242;242;242;48;2;38;13;18m same tx  [0m[38;2;242;242;242;48;2;38;13;18m direct    [0m[38;2;242;242;242;48;2;38;13;18m                       [0m[38;107H[7;38;2;53;20;25;48;2;15;15;15m  [0m[38;109H
[40;111H[38;2;163;163;163;48;2;5;5;5mACTIVITY · observed sequences per 60s bucket · 30 buckets[0m[48;2;5;5;5m            [0m[40;180H
[44;111H[38;2;163;163;163;48;2;5;5;5m16:56:41 → 17:26:41 UTC · peak 303/bucket · total 6306[0m[48;2;5;5;5m               [0m[44;180H[2;5H[9;107H[38;2;242;242;242;48;2;5;5;5m  [0m[9;109H
[10;107H[38;2;242;242;242;48;2;5;5;5m  [0m[10;109H
[11;107H[38;2;242;242;242;48;2;5;5;5m  [0m[11;109H
[12;107H[38;2;242;242;242;48;2;5;5;5m  [0m[12;109H
[13;107H[38;2;242;242;242;48;2;5;5;5m  [0m[13;109H
[14;107H[38;2;242;242;242;48;2;5;5;5m  [0m[14;109H
[15;107H[38;2;242;242;242;48;2;5;5;5m  [0m[15;109H
[16;107H[38;2;242;242;242;48;2;5;5;5m  [0m[16;109H
[17;107H[38;2;242;242;242;48;2;5;5;5m  [0m[17;109H
[18;107H[38;2;242;242;242;48;2;5;5;5m  [0m[18;109H
[19;107H[38;2;242;242;242;48;2;5;5;5m  [0m[19;109H
[20;107H[38;2;242;242;242;48;2;5;5;5m  [0m[20;109H
[21;107H[38;2;242;242;242;48;2;5;5;5m  [0m[21;109H
[22;107H[38;2;242;242;242;48;2;5;5;5m  [0m[22;109H
[23;107H[38;2;242;242;242;48;2;5;5;5m  [0m[23;109H
[24;107H[38;2;242;242;242;48;2;5;5;5m  [0m[24;109H
[25;107H[38;2;242;242;242;48;2;5;5;5m  [0m[25;109H
[26;107H[38;2;242;242;242;48;2;5;5;5m  [0m[26;109H
[27;107H[38;2;242;242;242;48;2;5;5;5m  [0m[27;109H
[28;107H[38;2;242;242;242;48;2;5;5;5m  [0m[28;109H
[29;107H[38;2;242;242;242;48;2;5;5;5m  [0m[29;109H
[30;107H[38;2;242;242;242;48;2;5;5;5m  [0m[30;109H
[31;107H[38;2;242;242;242;48;2;5;5;5m  [0m[31;109H
[32;107H[38;2;242;242;242;48;2;5;5;5m  [0m[32;109H
[33;107H[38;2;242;242;242;48;2;5;5;5m  [0m[33;109H
[34;107H[38;2;242;242;242;48;2;5;5;5m  [0m[34;109H
[35;107H[38;2;242;242;242;48;2;5;5;5m  [0m[35;109H
[36;107H[38;2;242;242;242;48;2;5;5;5m  [0m[36;109H
[37;107H[38;2;242;242;242;48;2;5;5;5m  [0m[37;109H
[38;107H[7;38;2;53;20;25;48;2;15;15;15m  [0m[38;109H[2;5H[6;1H[48;2;5;5;5m [0m[38;2;242;242;242;48;2;5;5;5mCHAIN Robinhood Chain[0m[38;2;53;20;25;48;2;5;5;5m  ·  [0m[38;2;242;242;242;48;2;5;5;5m[REPLAY 10× · PAUSED][0m[38;2;53;20;25;48;2;5;5;5m  ·  [0m[38;2;242;242;242;48;2;5;5;5mCLOCK 17:26:41 UTC[0m[38;2;53;20;25;48;2;5;5;5m  ·  [0m[38;2;163;163;163;48;2;5;5;5mRANGE 16:56:41–17:26:41[0m[38;2;53;20;25;48;2;5;5;5m  ·  [0m[38;2;163;163;163;48;2;5;5;5mWINDOW 30m00s[0m[38;2;53;20;25;48;2;5;5;5m  ·  [0m[38;2;116;116;116;48;2;5;5;5mSESSION S-a0cfdf[0m[48;2;5;5;5m                                         [0m[48;2;5;5;5m [0m[2;5H[9;107H[38;2;242;242;242;48;2;5;5;5m  [0m[9;109H
[10;107H[38;2;242;242;242;48;2;5;5;5m  [0m[10;109H
[11;107H[38;2;242;242;242;48;2;5;5;5m  [0m[11;109H
[12;107H[38;2;242;242;242;48;2;5;5;5m  [0m[12;109H
[13;107H[38;2;242;242;242;48;2;5;5;5m  [0m[13;109H
[14;107H[38;2;242;242;242;48;2;5;5;5m  [0m[14;109H
[15;107H[38;2;242;242;242;48;2;5;5;5m  [0m[15;109H
[16;107H[38;2;242;242;242;48;2;5;5;5m  [0m[16;109H
[17;107H[38;2;242;242;242;48;2;5;5;5m  [0m[17;109H
[18;107H[38;2;242;242;242;48;2;5;5;5m  [0m[18;109H
[19;107H[38;2;242;242;242;48;2;5;5;5m  [0m[19;109H
[20;107H[38;2;242;242;242;48;2;5;5;5m  [0m[20;109H
[21;107H[38;2;242;242;242;48;2;5;5;5m  [0m[21;109H
[22;107H[38;2;242;242;242;48;2;5;5;5m  [0m[22;109H
[23;107H[38;2;242;242;242;48;2;5;5;5m  [0m[23;109H
[24;107H[38;2;242;242;242;48;2;5;5;5m  [0m[24;109H
[25;107H[38;2;242;242;242;48;2;5;5;5m  [0m[25;109H
[26;107H[38;2;242;242;242;48;2;5;5;5m  [0m[26;109H
[27;107H[38;2;242;242;242;48;2;5;5;5m  [0m[27;109H
[28;107H[38;2;242;242;242;48;2;5;5;5m  [0m[28;109H
[29;107H[38;2;242;242;242;48;2;5;5;5m  [0m[29;109H
[30;107H[38;2;242;242;242;48;2;5;5;5m  [0m[30;109H
[31;107H[38;2;242;242;242;48;2;5;5;5m  [0m[31;109H
[32;107H[38;2;242;242;242;48;2;5;5;5m  [0m[32;109H
[33;107H[38;2;242;242;242;48;2;5;5;5m  [0m[33;109H
[34;107H[38;2;242;242;242;48;2;5;5;5m  [0m[34;109H
[35;107H[38;2;242;242;242;48;2;5;5;5m  [0m[35;109H
[36;107H[38;2;242;242;242;48;2;5;5;5m  [0m[36;109H
[37;107H[38;2;242;242;242;48;2;5;5;5m  [0m[37;109H
[38;107H[7;38;2;53;20;25;48;2;15;15;15m  [0m[38;109H[2;5H[6;1H[48;2;5;5;5m [0m[38;2;242;242;242;48;2;5;5;5mCHAIN Robinhood Chain[0m[38;2;53;20;25;48;2;5;5;5m  ·  [0m[38;2;242;242;242;48;2;5;5;5m[REPLAY 10× · PAUSED][0m[38;2;53;20;25;48;2;5;5;5m  ·  [0m[38;2;242;242;242;48;2;5;5;5mCLOCK 17:26:41 UTC[0m[38;2;53;20;25;48;2;5;5;5m  ·  [0m[38;2;163;163;163;48;2;5;5;5mRANGE 16:56:41–17:26:41[0m[38;2;53;20;25;48;2;5;5;5m  ·  [0m[38;2;163;163;163;48;2;5;5;5mWINDOW 30m00s[0m[38;2;53;20;25;48;2;5;5;5m  ·  [0m[38;2;116;116;116;48;2;5;5;5mSESSION S-a0cfdf[0m[48;2;5;5;5m                                         [0m[48;2;5;5;5m [0m
[8;1H[48;2;5;5;5m [0m[38;2;163;163;163;48;2;5;5;5mOBSERVED SEQUENCES · last 30m00s · 6311 of 6311 rows · one row = one wallet that sold A, then bought B · ≈[0m[48;2;5;5;5m [0m[8;109H
[8;111H[1;38;2;242;242;242;48;2;5;5;5mTruffleHog → ZenoCoin[0m[48;2;5;5;5m                                                [0m[8;180H
[9;111H[38;2;163;163;163;48;2;5;5;5m0x045b…bd82 → 0x4e63…27ff[0m[48;2;5;5;5m                                            [0m[9;180H
[10;111H[38;2;242;242;242;48;2;5;5;5m[0m[48;2;5;5;5m                                                                     [0m[10;180H
[11;111H[38;2;242;242;242;48;2;5;5;5mwallet 0xedb7…1557[0m[48;2;5;5;5m                                                   [0m[11;180H
[12;111H[38;2;163;163;163;48;2;5;5;5msold   17:26:41 UTC[0m[48;2;5;5;5m                                                  [0m[12;180H
[13;111H[38;2;163;163;163;48;2;5;5;5mbought 17:26:41≈ UTC · gap 0s · direct[0m[48;2;5;5;5m                               [0m[13;180H
[14;111H[38;2;163;163;163;48;2;5;5;5msell tx 0xf3df…686e[0m[48;2;5;5;5m                                                  [0m[14;180H
[15;111H[38;2;163;163;163;48;2;5;5;5mbuy tx  0xf3df…686e[0m[48;2;5;5;5m                                                  [0m[15;180H
[16;111H[38;2;242;242;242;48;2;5;5;5m[0m[48;2;5;5;5m                                                                     [0m[16;180H
[17;111H[38;2;116;116;116;48;2;5;5;5mEnter: all wallets on this pair[0m[48;2;5;5;5m                                      [0m[17;180H
[40;1H[48;2;5;5;5m [0m[38;2;163;163;163;48;2;5;5;5mHOT ROTATIONS · distinct wallets, last 30m00s[0m[48;2;5;5;5m                                                             [0m[48;2;5;5;5m [0m[40;109H
[40;111H[38;2;163;163;163;48;2;5;5;5mACTIVITY · observed sequences per 60s bucket · 30 buckets[0m[48;2;5;5;5m            [0m[40;180H
[41;1H[48;2;5;5;5m [0m[1;38;2;242;242;242;48;2;5;5;5m  54 [0m[38;2;242;242;242;48;2;5;5;5mPiecoin      → TruffleHog  [0m[38;2;163;163;163;48;2;5;5;5m  883 seq[0m[48;2;5;5;5m                                                                 [0m[48;2;5;5;5m [0m[41;109H
[42;1H[48;2;5;5;5m [0m[1;38;2;242;242;242;48;2;5;5;5m  37 [0m[38;2;242;242;242;48;2;5;5;5mPUCHATO      → STEPPER     [0m[38;2;163;163;163;48;2;5;5;5m  37 seq[0m[48;2;5;5;5m                                                                  [0m[48;2;5;5;5m [0m[42;109H
[43;1H[48;2;5;5;5m [0m[1;38;2;242;242;242;48;2;5;5;5m  29 [0m[38;2;242;242;242;48;2;5;5;5megregore     → credit      [0m[38;2;163;163;163;48;2;5;5;5m  176 seq[0m[48;2;5;5;5m                                                                 [0m[48;2;5;5;5m [0m[43;109H
[44;1H[48;2;5;5;5m [0m[1;38;2;242;242;242;48;2;5;5;5m  28 [0m[38;2;242;242;242;48;2;5;5;5mAUTON        → egregore    [0m[38;2;163;163;163;48;2;5;5;5m  289 seq[0m[48;2;5;5;5m                                                                 [0m[48;2;5;5;5m [0m[44;109H
[44;111H[38;2;163;163;163;48;2;5;5;5m16:56:41 → 17:26:41 UTC · peak 303/bucket · total 6306[0m[48;2;5;5;5m               [0m[44;180H
[45;1H[48;2;5;5;5m [0m[1;38;2;242;242;242;48;2;5;5;5m  25 [0m[38;2;242;242;242;48;2;5;5;5mRACE         → OPEN YIELD  [0m[38;2;163;163;163;48;2;5;5;5m  53 seq[0m[48;2;5;5;5m                                                                  [0m[48;2;5;5;5m [0m[45;109H
[46;1H[48;2;5;5;5m [0m[1;38;2;242;242;242;48;2;5;5;5m  23 [0m[38;2;242;242;242;48;2;5;5;5mEDEN         → egregore    [0m[38;2;163;163;163;48;2;5;5;5m  230 seq[0m[48;2;5;5;5m                                                                 [0m[48;2;5;5;5m [0m[46;109H
[47;1H[48;2;5;5;5m [0m[1;38;2;242;242;242;48;2;5;5;5m  23 [0m[38;2;242;242;242;48;2;5;5;5mRBNHD        → egregore    [0m[38;2;163;163;163;48;2;5;5;5m  260 seq[0m[48;2;5;5;5m                                                                 [0m[48;2;5;5;5m [0m[47;109H
[48;1H[48;2;5;5;5m [0m[38;2;116;116;116;48;2;5;5;5mΔ measured over 3s between refreshes[0m[48;2;5;5;5m                                                                      [0m[48;2;5;5;5m [0m[48;109H[2;5H[9;107H[38;2;242;242;242;48;2;5;5;5m  [0m[9;109H
[10;107H[38;2;242;242;242;48;2;5;5;5m  [0m[10;109H
[11;107H[38;2;242;242;242;48;2;5;5;5m  [0m[11;109H
[12;107H[38;2;242;242;242;48;2;5;5;5m  [0m[12;109H
[13;107H[38;2;242;242;242;48;2;5;5;5m  [0m[13;109H
[14;107H[38;2;242;242;242;48;2;5;5;5m  [0m[14;109H
[15;107H[38;2;242;242;242;48;2;5;5;5m  [0m[15;109H
[16;107H[38;2;242;242;242;48;2;5;5;5m  [0m[16;109H
[17;107H[38;2;242;242;242;48;2;5;5;5m  [0m[17;109H
[18;107H[38;2;242;242;242;48;2;5;5;5m  [0m[18;109H
[19;107H[38;2;242;242;242;48;2;5;5;5m  [0m[19;109H
[20;107H[38;2;242;242;242;48;2;5;5;5m  [0m[20;109H
[21;107H[38;2;242;242;242;48;2;5;5;5m  [0m[21;109H
[22;107H[38;2;242;242;242;48;2;5;5;5m  [0m[22;109H
[23;107H[38;2;242;242;242;48;2;5;5;5m  [0m[23;109H
[24;107H[38;2;242;242;242;48;2;5;5;5m  [0m[24;109H
[25;107H[38;2;242;242;242;48;2;5;5;5m  [0m[25;109H
[26;107H[38;2;242;242;242;48;2;5;5;5m  [0m[26;109H
[27;107H[38;2;242;242;242;48;2;5;5;5m  [0m[27;109H
[28;107H[38;2;242;242;242;48;2;5;5;5m  [0m[28;109H
[29;107H[38;2;242;242;242;48;2;5;5;5m  [0m[29;109H
[30;107H[38;2;242;242;242;48;2;5;5;5m  [0m[30;109H
[31;107H[38;2;242;242;242;48;2;5;5;5m  [0m[31;109H
[32;107H[38;2;242;242;242;48;2;5;5;5m  [0m[32;109H
[33;107H[38;2;242;242;242;48;2;5;5;5m  [0m[33;109H
[34;107H[38;2;242;242;242;48;2;5;5;5m  [0m[34;109H
[35;107H[38;2;242;242;242;48;2;5;5;5m  [0m[35;109H
[36;107H[38;2;242;242;242;48;2;5;5;5m  [0m[36;109H
[37;107H[38;2;242;242;242;48;2;5;5;5m  [0m[37;109H
[38;107H[7;38;2;53;20;25;48;2;15;15;15m  [0m[38;109H
[40;1H[48;2;5;5;5m [0m[38;2;163;163;163;48;2;5;5;5mHOT ROTATIONS · distinct wallets, last 30m00s[0m[48;2;5;5;5m                                                             [0m[48;2;5;5;5m [0m[40;109H
[41;1H[48;2;5;5;5m [0m[1;38;2;242;242;242;48;2;5;5;5m  54 [0m[38;2;242;242;242;48;2;5;5;5mPiecoin      → TruffleHog  [0m[38;2;163;163;163;48;2;5;5;5m  883 seq[0m[48;2;5;5;5m                                                                 [0m[48;2;5;5;5m [0m[41;109H
[42;1H[48;2;5;5;5m [0m[1;38;2;242;242;242;48;2;5;5;5m  37 [0m[38;2;242;242;242;48;2;5;5;5mPUCHATO      → STEPPER     [0m[38;2;163;163;163;48;2;5;5;5m  37 seq[0m[48;2;5;5;5m                                                                  [0m[48;2;5;5;5m [0m[42;109H
[43;1H[48;2;5;5;5m [0m[1;38;2;242;242;242;48;2;5;5;5m  29 [0m[38;2;242;242;242;48;2;5;5;5megregore     → credit      [0m[38;2;163;163;163;48;2;5;5;5m  176 seq[0m[48;2;5;5;5m                                                                 [0m[48;2;5;5;5m [0m[43;109H
[44;1H[48;2;5;5;5m [0m[1;38;2;242;242;242;48;2;5;5;5m  28 [0m[38;2;242;242;242;48;2;5;5;5mAUTON        → egregore    [0m[38;2;163;163;163;48;2;5;5;5m  289 seq[0m[48;2;5;5;5m                                                                 [0m[48;2;5;5;5m [0m[44;109H
[45;1H[48;2;5;5;5m [0m[1;38;2;242;242;242;48;2;5;5;5m  25 [0m[38;2;242;242;242;48;2;5;5;5mRACE         → OPEN YIELD  [0m[38;2;163;163;163;48;2;5;5;5m  53 seq[0m[48;2;5;5;5m                                                                  [0m[48;2;5;5;5m [0m[45;109H
[46;1H[48;2;5;5;5m [0m[1;38;2;242;242;242;48;2;5;5;5m  23 [0m[38;2;242;242;242;48;2;5;5;5mEDEN         → egregore    [0m[38;2;163;163;163;48;2;5;5;5m  230 seq[0m[48;2;5;5;5m                                                                 [0m[48;2;5;5;5m [0m[46;109H
[47;1H[48;2;5;5;5m [0m[1;38;2;242;242;242;48;2;5;5;5m  23 [0m[38;2;242;242;242;48;2;5;5;5mRBNHD        → egregore    [0m[38;2;163;163;163;48;2;5;5;5m  260 seq[0m[48;2;5;5;5m                                                                 [0m[48;2;5;5;5m [0m[47;109H
[48;1H[48;2;5;5;5m [0m[38;2;116;116;116;48;2;5;5;5mΔ measured over 3s between refreshes[0m[48;2;5;5;5m                                                                      [0m[48;2;5;5;5m [0m[48;109H[2;5H[9;107H[38;2;242;242;242;48;2;5;5;5m  [0m[9;109H
[10;107H[38;2;242;242;242;48;2;5;5;5m  [0m[10;109H
[11;107H[38;2;242;242;242;48;2;5;5;5m  [0m[11;109H
[12;107H[38;2;242;242;242;48;2;5;5;5m  [0m[12;109H
[13;107H[38;2;242;242;242;48;2;5;5;5m  [0m[13;109H
[14;107H[38;2;242;242;242;48;2;5;5;5m  [0m[14;109H
[15;107H[38;2;242;242;242;48;2;5;5;5m  [0m[15;109H
[16;107H[38;2;242;242;242;48;2;5;5;5m  [0m[16;109H
[17;107H[38;2;242;242;242;48;2;5;5;5m  [0m[17;109H
[18;107H[38;2;242;242;242;48;2;5;5;5m  [0m[18;109H
[19;107H[38;2;242;242;242;48;2;5;5;5m  [0m[19;109H
[20;107H[38;2;242;242;242;48;2;5;5;5m  [0m[20;109H
[21;107H[38;2;242;242;242;48;2;5;5;5m  [0m[21;109H
[22;107H[38;2;242;242;242;48;2;5;5;5m  [0m[22;109H
[23;107H[38;2;242;242;242;48;2;5;5;5m  [0m[23;109H
[24;107H[38;2;242;242;242;48;2;5;5;5m  [0m[24;109H
[25;107H[38;2;242;242;242;48;2;5;5;5m  [0m[25;109H
[26;107H[38;2;242;242;242;48;2;5;5;5m  [0m[26;109H
[27;107H[38;2;242;242;242;48;2;5;5;5m  [0m[27;109H
[28;107H[38;2;242;242;242;48;2;5;5;5m  [0m[28;109H
[29;107H[38;2;242;242;242;48;2;5;5;5m  [0m[29;109H
[30;107H[38;2;242;242;242;48;2;5;5;5m  [0m[30;109H
[31;107H[38;2;242;242;242;48;2;5;5;5m  [0m[31;109H
[32;107H[38;2;242;242;242;48;2;5;5;5m  [0m[32;109H
[33;107H[38;2;242;242;242;48;2;5;5;5m  [0m[33;109H
[34;107H[38;2;242;242;242;48;2;5;5;5m  [0m[34;109H
[35;107H[38;2;242;242;242;48;2;5;5;5m  [0m[35;109H
[36;107H[38;2;242;242;242;48;2;5;5;5m  [0m[36;109H
[37;107H[38;2;242;242;242;48;2;5;5;5m  [0m[37;109H
[38;107H[7;38;2;53;20;25;48;2;15;15;15m  [0m[38;109H[2;5H[6;1H[48;2;5;5;5m [0m[38;2;242;242;242;48;2;5;5;5mCHAIN Robinhood Chain[0m[38;2;53;20;25;48;2;5;5;5m  ·  [0m[38;2;242;242;242;48;2;5;5;5m[REPLAY 10× · PAUSED][0m[38;2;53;20;25;48;2;5;5;5m  ·  [0m[38;2;242;242;242;48;2;5;5;5mCLOCK 17:26:41 UTC[0m[38;2;53;20;25;48;2;5;5;5m  ·  [0m[38;2;163;163;163;48;2;5;5;5mRANGE 16:56:41–17:26:41[0m[38;2;53;20;25;48;2;5;5;5m  ·  [0m[38;2;163;163;163;48;2;5;5;5mWINDOW 30m00s[0m[38;2;53;20;25;48;2;5;5;5m  ·  [0m[38;2;116;116;116;48;2;5;5;5mSESSION S-a0cfdf[0m[48;2;5;5;5m                                         [0m[48;2;5;5;5m [0m[2;5H[6;1H[48;2;5;5;5m [0m[38;2;242;242;242;48;2;5;5;5mCHAIN Robinhood Chain[0m[38;2;53;20;25;48;2;5;5;5m  ·  [0m[38;2;242;242;242;48;2;5;5;5m[REPLAY 10× · PAUSED][0m[38;2;53;20;25;48;2;5;5;5m  ·  [0m[38;2;242;242;242;48;2;5;5;5mCLOCK 17:26:41 UTC[0m[38;2;53;20;25;48;2;5;5;5m  ·  [0m[38;2;163;163;163;48;2;5;5;5mRANGE 16:56:41–17:26:41[0m[38;2;53;20;25;48;2;5;5;5m  ·  [0m[38;2;163;163;163;48;2;5;5;5mWINDOW 30m00s[0m[38;2;53;20;25;48;2;5;5;5m  ·  [0m[38;2;116;116;116;48;2;5;5;5mSESSION S-a0cfdf[0m[48;2;5;5;5m                                         [0m[48;2;5;5;5m [0m
[8;1H[48;2;5;5;5m [0m[38;2;163;163;163;48;2;5;5;5mOBSERVED SEQUENCES · last 30m00s · 6311 of 6311 rows · one row = one wallet that sold A, then bought B · ≈[0m[48;2;5;5;5m [0m[8;109H
[8;111H[1;38;2;242;242;242;48;2;5;5;5mTruffleHog → ZenoCoin[0m[48;2;5;5;5m                                                [0m[8;180H
[9;107H[38;2;242;242;242;48;2;5;5;5m  [0m[9;109H
[9;111H[38;2;163;163;163;48;2;5;5;5m0x045b…bd82 → 0x4e63…27ff[0m[48;2;5;5;5m                                            [0m[9;180H
[10;107H[38;2;242;242;242;48;2;5;5;5m  [0m[10;109H
[10;111H[38;2;242;242;242;48;2;5;5;5m[0m[48;2;5;5;5m                                                                     [0m[10;180H
[11;107H[38;2;242;242;242;48;2;5;5;5m  [0m[11;109H
[11;111H[38;2;242;242;242;48;2;5;5;5mwallet 0xedb7…1557[0m[48;2;5;5;5m                                                   [0m[11;180H
[12;107H[38;2;242;242;242;48;2;5;5;5m  [0m[12;109H
[12;111H[38;2;163;163;163;48;2;5;5;5msold   17:26:41 UTC[0m[48;2;5;5;5m                                                  [0m[12;180H
[13;107H[38;2;242;242;242;48;2;5;5;5m  [0m[13;109H
[13;111H[38;2;163;163;163;48;2;5;5;5mbought 17:26:41≈ UTC · gap 0s · direct[0m[48;2;5;5;5m                               [0m[13;180H
[14;107H[38;2;242;242;242;48;2;5;5;5m  [0m[14;109H
[14;111H[38;2;163;163;163;48;2;5;5;5msell tx 0xf3df…686e[0m[48;2;5;5;5m                                                  [0m[14;180H
[15;107H[38;2;242;242;242;48;2;5;5;5m  [0m[15;109H
[15;111H[38;2;163;163;163;48;2;5;5;5mbuy tx  0xf3df…686e[0m[48;2;5;5;5m                                                  [0m[15;180H
[16;107H[38;2;242;242;242;48;2;5;5;5m  [0m[16;109H
[16;111H[38;2;242;242;242;48;2;5;5;5m[0m[48;2;5;5;5m                                                                     [0m[16;180H
[17;107H[38;2;242;242;242;48;2;5;5;5m  [0m[17;109H
[17;111H[38;2;116;116;116;48;2;5;5;5mEnter: all wallets on this pair[0m[48;2;5;5;5m                                      [0m[17;180H
[18;107H[38;2;242;242;242;48;2;5;5;5m  [0m[18;109H
[19;107H[38;2;242;242;242;48;2;5;5;5m  [0m[19;109H
[20;107H[38;2;242;242;242;48;2;5;5;5m  [0m[20;109H
[21;107H[38;2;242;242;242;48;2;5;5;5m  [0m[21;109H
[22;107H[38;2;242;242;242;48;2;5;5;5m  [0m[22;109H
[23;107H[38;2;242;242;242;48;2;5;5;5m  [0m[23;109H
[24;107H[38;2;242;242;242;48;2;5;5;5m  [0m[24;109H
[25;107H[38;2;242;242;242;48;2;5;5;5m  [0m[25;109H
[26;107H[38;2;242;242;242;48;2;5;5;5m  [0m[26;109H
[27;107H[38;2;242;242;242;48;2;5;5;5m  [0m[27;109H
[28;107H[38;2;242;242;242;48;2;5;5;5m  [0m[28;109H
[29;107H[38;2;242;242;242;48;2;5;5;5m  [0m[29;109H
[30;107H[38;2;242;242;242;48;2;5;5;5m  [0m[30;109H
[31;107H[38;2;242;242;242;48;2;5;5;5m  [0m[31;109H
[32;107H[38;2;242;242;242;48;2;5;5;5m  [0m[32;109H
[33;107H[38;2;242;242;242;48;2;5;5;5m  [0m[33;109H
[34;107H[38;2;242;242;242;48;2;5;5;5m  [0m[34;109H
[35;107H[38;2;242;242;242;48;2;5;5;5m  [0m[35;109H
[36;107H[38;2;242;242;242;48;2;5;5;5m  [0m[36;109H
[37;107H[38;2;242;242;242;48;2;5;5;5m  [0m[37;109H
[38;107H[7;38;2;53;20;25;48;2;15;15;15m  [0m[38;109H
[40;111H[38;2;163;163;163;48;2;5;5;5mACTIVITY · observed sequences per 60s bucket · 30 buckets[0m[48;2;5;5;5m            [0m[40;180H
[44;111H[38;2;163;163;163;48;2;5;5;5m16:56:41 → 17:26:41 UTC · peak 303/bucket · total 6306[0m[48;2;5;5;5m               [0m[44;180H[2;5H[9;107H[38;2;242;242;242;48;2;5;5;5m  [0m[9;109H
[10;107H[38;2;242;242;242;48;2;5;5;5m  [0m[10;109H
[11;107H[38;2;242;242;242;48;2;5;5;5m  [0m[11;109H
[12;107H[38;2;242;242;242;48;2;5;5;5m  [0m[12;109H
[13;107H[38;2;242;242;242;48;2;5;5;5m  [0m[13;109H
[14;107H[38;2;242;242;242;48;2;5;5;5m  [0m[14;109H
[15;107H[38;2;242;242;242;48;2;5;5;5m  [0m[15;109H
[16;107H[38;2;242;242;242;48;2;5;5;5m  [0m[16;109H
[17;107H[38;2;242;242;242;48;2;5;5;5m  [0m[17;109H
[18;107H[38;2;242;242;242;48;2;5;5;5m  [0m[18;109H
[19;107H[38;2;242;242;242;48;2;5;5;5m  [0m[19;109H
[20;107H[38;2;242;242;242;48;2;5;5;5m  [0m[20;109H
[21;107H[38;2;242;242;242;48;2;5;5;5m  [0m[21;109H
[22;107H[38;2;242;242;242;48;2;5;5;5m  [0m[22;109H
[23;107H[38;2;242;242;242;48;2;5;5;5m  [0m[23;109H
[24;107H[38;2;242;242;242;48;2;5;5;5m  [0m[24;109H
[25;107H[38;2;242;242;242;48;2;5;5;5m  [0m[25;109H
[26;107H[38;2;242;242;242;48;2;5;5;5m  [0m[26;109H
[27;107H[38;2;242;242;242;48;2;5;5;5m  [0m[27;109H
[28;107H[38;2;242;242;242;48;2;5;5;5m  [0m[28;109H
[29;107H[38;2;242;242;242;48;2;5;5;5m  [0m[29;109H
[30;107H[38;2;242;242;242;48;2;5;5;5m  [0m[30;109H
[31;107H[38;2;242;242;242;48;2;5;5;5m  [0m[31;109H
[32;107H[38;2;242;242;242;48;2;5;5;5m  [0m[32;109H
[33;107H[38;2;242;242;242;48;2;5;5;5m  [0m[33;109H
[34;107H[38;2;242;242;242;48;2;5;5;5m  [0m[34;109H
[35;107H[38;2;242;242;242;48;2;5;5;5m  [0m[35;109H
[36;107H[38;2;242;242;242;48;2;5;5;5m  [0m[36;109H
[37;107H[38;2;242;242;242;48;2;5;5;5m  [0m[37;109H
[38;107H[7;38;2;53;20;25;48;2;15;15;15m  [0m[38;109H[2;5H[6;1H[48;2;5;5;5m [0m[38;2;242;242;242;48;2;5;5;5mCHAIN Robinhood Chain[0m[38;2;53;20;25;48;2;5;5;5m  ·  [0m[38;2;242;242;242;48;2;5;5;5m[REPLAY 10× · PAUSED][0m[38;2;53;20;25;48;2;5;5;5m  ·  [0m[38;2;242;242;242;48;2;5;5;5mCLOCK 17:26:41 UTC[0m[38;2;53;20;25;48;2;5;5;5m  ·  [0m[38;2;163;163;163;48;2;5;5;5mRANGE 16:56:41–17:26:41[0m[38;2;53;20;25;48;2;5;5;5m  ·  [0m[38;2;163;163;163;48;2;5;5;5mWINDOW 30m00s[0m[38;2;53;20;25;48;2;5;5;5m  ·  [0m[38;2;116;116;116;48;2;5;5;5mSESSION S-a0cfdf[0m[48;2;5;5;5m                                         [0m[48;2;5;5;5m [0m[2;5H[?2004l[?7h[?1000l[?1003l[?1015l[?1006l[<u[?1049l[?25h[?1004l[?1000l[?1003l[?1015l[?1006l